strategy,data_block,budget,diag__edgebank_frequency_auc__count,diag__edgebank_frequency_auc__mean,diag__edgebank_frequency_auc__median,diag__edgebank_frequency_auc__std,diag__edgebank_recency_auc__count,diag__edgebank_recency_auc__mean,diag__edgebank_recency_auc__median,diag__edgebank_recency_auc__std
recency_biased,mechanistic_activity,100,68,0.5581981480329827,0.5582871446450921,0.05801207299671298,68,0.5160220268247854,0.5129464285714285,0.11982058183629783
recency_biased,mechanistic_activity,400,72,0.5641749648205834,0.5685867541761558,0.05191840764191275,72,0.5054912275626661,0.4921546101186439,0.07033544627761368
recency_biased,mechanistic_activity,800,72,0.5701457920834165,0.5734486552566365,0.05382997395687928,72,0.5070147705123318,0.5020249977479383,0.046250247064002
recency_biased,mechanistic_activity,1600,72,0.586995253369994,0.586054941638048,0.0632458904734738,72,0.5255862850767298,0.5204448880326425,0.04100375796755336
recency_biased,mechanistic_activity,3200,72,0.6140852250267139,0.6198955031600759,0.07529285787133908,72,0.5513078112131196,0.5510224790465534,0.041401260927984726
recency_biased,mechanistic_dar,100,429,0.5546489894848826,0.5544217687074829,0.10364693390292237,429,0.43972587115965256,0.4453186467348544,0.1399266926118965
recency_biased,mechanistic_dar,400,432,0.5641179867309085,0.5529470605443654,0.06789810865519122,432,0.45285018495304746,0.4653886999114475,0.08382729995455396
recency_biased,mechanistic_dar,800,432,0.577497858095292,0.5650697724676608,0.06133248610753628,432,0.4641360791213345,0.47753781729692835,0.07472324816683505
recency_biased,mechanistic_dar,1600,432,0.6006276524333217,0.5876408698355344,0.06640967578426857,432,0.48295106221806844,0.492508868026454,0.06861605680102319
recency_biased,mechanistic_dar,3200,432,0.6299169708150215,0.6189589607369093,0.07460487931090902,432,0.5100574626587792,0.5171374713861241,0.0699531660881493
recency_biased,mechanistic_dar_correlated,100,192,0.5835771311187866,0.5785361842105263,0.07644232886130756,192,0.47171147847422473,0.4778847600421242,0.09283087506304727
recency_biased,mechanistic_dar_correlated,400,192,0.5878534910339102,0.5792063846910489,0.058764875331795446,192,0.47132855991265515,0.4664421098611809,0.05894747145442239
recency_biased,mechanistic_dar_correlated,800,192,0.5970636146910884,0.5913898014531853,0.057092161844838646,192,0.4880098437563513,0.48287594335385453,0.05294159692601392
recency_biased,mechanistic_dar_correlated,1600,192,0.6199324366343962,0.6151874121185787,0.06047785089740682,192,0.5098324130464906,0.5048217772265069,0.05587145800857631
recency_biased,mechanistic_dar_correlated,3200,192,0.6527800735852717,0.6529776944882045,0.06547050944846895,192,0.5394891760743032,0.5322457137875813,0.05807488028071951
recency_biased,mechanistic_dar_heterogeneous,100,384,0.5698940334332826,0.5580555555555555,0.08534514782943264,384,0.46242028591406936,0.4606087470449173,0.10059620835946884
recency_biased,mechanistic_dar_heterogeneous,400,384,0.5841593172455601,0.5757224885474983,0.06249640452950603,384,0.47682144340957716,0.47493186892566325,0.06504926054264772
recency_biased,mechanistic_dar_heterogeneous,800,384,0.5981737546502156,0.5916005326254856,0.06152135176174385,384,0.48817361909610374,0.4896257993818969,0.06101940307308292
recency_biased,mechanistic_dar_heterogeneous,1600,384,0.6182952804464835,0.6123990649507445,0.0626149575264153,384,0.5083365697829195,0.5112220659775009,0.05710558056000579
recency_biased,mechanistic_dar_heterogeneous,3200,384,0.645935896379772,0.6454329988577999,0.06499828058711314,384,0.5335125980990255,0.5335010782126166,0.0584029270481121
recency_biased,mechanistic_renewal,100,144,0.5180570032962675,0.5212776659959759,0.03295796307580407,144,0.2575455613962929,0.2651893784849721,0.09543694336726385
recency_biased,mechanistic_renewal,400,144,0.504019872346145,0.5036210526473542,0.023276437529206693,144,0.26586744309632343,0.26546590564784456,0.05834873272175497
recency_biased,mechanistic_renewal,800,144,0.49430141299672314,0.49505145722084565,0.023278730955924472,144,0.27362963040824834,0.26582305509768384,0.054677263480824176
recency_biased,mechanistic_renewal,1600,144,0.4820564194269854,0.4838029933968806,0.028224337488189075,144,0.2960770036546921,0.2963553897612796,0.054470226039284565
recency_biased,mechanistic_renewal,3200,144,0.47937326406605124,0.47831874952325515,0.03236874100494052,144,0.33107537096126677,0.34757238526036455,0.05795642433672912
recency_biased,real_chunk,100,44,0.5532220092789106,0.5436399514268366,0.06883222285812815,44,0.48419774081525996,0.5102557393766185,0.12027106908474243
recency_biased,real_chunk,400,44,0.5546045999016359,0.5455057289548628,0.0520890124665278,44,0.49888522139547997,0.49522852383021876,0.06282222855230633
recency_biased,real_chunk,800,44,0.5649785134660633,0.5612495030154622,0.05381530015339816,44,0.5018623628028007,0.4961577445895198,0.049693451173222034
recency_biased,real_chunk,1600,44,0.5731979535199065,0.5808839912089984,0.054197235302791434,44,0.5142839739645767,0.5058211740621716,0.04569698621424102
recency_biased,real_chunk,3200,44,0.5981443397422659,0.6143120011717768,0.0675023099547055,44,0.5309060668046033,0.5217042083968098,0.04935047097771151
recency_biased,real_controlled,100,779,0.5269192651631986,0.5272108843537415,0.08550498318029005,779,0.6043382561487107,0.5717391304347826,0.20924106350188748
recency_biased,real_controlled,400,784,0.5316549927161163,0.5320490088802543,0.06020320546489279,784,0.6061599162222835,0.5600749123802096,0.18948146126981302
recency_biased,real_controlled,800,784,0.5388008959444106,0.536276450592556,0.05777751349679372,784,0.6118691415405443,0.5648201795876325,0.1834745435413594
recency_biased,real_controlled,1600,784,0.5474179018098104,0.5418965445667838,0.058077603026020594,784,0.6158691385001941,0.568548359622575,0.1775030133987184
recency_biased,real_controlled,3200,784,0.5612041865042325,0.5497262496231071,0.0634629829620412,784,0.6221929853891234,0.5773374110666009,0.17133931513702147
recency_biased,real_empirical,100,32,0.5510160952345377,0.5654716501398424,0.08053524800616518,32,0.5483839668113982,0.5447954366640441,0.14326408619743095
recency_biased,real_empirical,400,32,0.572719161054972,0.5884963532207644,0.06993068016717882,32,0.5451624243123803,0.5313753811942218,0.07790263187426852
recency_biased,real_empirical,800,32,0.5803087771113485,0.6055187086262656,0.06819583474286213,32,0.552800016630815,0.544291489323002,0.07433988251920991
recency_biased,real_empirical,1600,32,0.5856896606615688,0.6098903071408379,0.06451188223373625,32,0.5670807367599566,0.5586427958044617,0.06960089325197606
recency_biased,real_empirical,3200,32,0.6035969698594683,0.6369011646944934,0.06083728034783284,32,0.5752662859455209,0.5705561559282468,0.06460812821902619
recency_biased,real_shuffle_edge_rewire,100,56,0.5714220005803715,0.5732738095238096,0.07761557768303863,56,0.5207858101820725,0.5096153846153846,0.14431816477839526
recency_biased,real_shuffle_edge_rewire,400,56,0.5861472411909352,0.5853524081836844,0.04877421937772061,56,0.5314302425160472,0.519146021048195,0.08557528749279744
recency_biased,real_shuffle_edge_rewire,800,56,0.591050829403916,0.5983545773581618,0.04034976578121998,56,0.5327106115915147,0.5268625380421748,0.08157854228380662
recency_biased,real_shuffle_edge_rewire,1600,56,0.6107113126955257,0.6157728660456864,0.037028482655140894,56,0.5426817715152469,0.5260283626502517,0.07337497597590964
recency_biased,real_shuffle_edge_rewire,3200,56,0.6265083055019763,0.6350516295089748,0.03781598086319843,56,0.5535088672234941,0.5424419899477156,0.06575033619368423
recency_biased,real_shuffle_global,100,45,0.5569638169985893,0.5526315789473685,0.0619937940455938,45,0.5552386691509029,0.5746173469387755,0.19857333541884647
recency_biased,real_shuffle_global,400,53,0.5897086744997646,0.5871886120996441,0.06607894323090123,53,0.5705001683312082,0.5717248530936744,0.10378547416965968
recency_biased,real_shuffle_global,800,56,0.6156929504091775,0.6081084331553375,0.07343396636201979,56,0.5889445183933727,0.5928836271885289,0.08104282054551706
recency_biased,real_shuffle_global,1600,56,0.6366806117396401,0.6349597457175763,0.07590201496545484,56,0.6178450012917225,0.6242409576705441,0.06953545338665519
recency_biased,real_shuffle_global,3200,56,0.664142173800057,0.6588709661121287,0.08400340991224743,56,0.6365696317996098,0.6382365279275728,0.065885276875572
recency_biased,real_shuffle_lifetime_resample,100,56,0.5326425213311341,0.5297372652764809,0.0732826158465388,56,0.5115939382463265,0.506131592421915,0.14966506753817582
recency_biased,real_shuffle_lifetime_resample,400,56,0.559349155134135,0.5680668452331705,0.05039497035591061,56,0.5231310407176835,0.5082692533428859,0.11612740448816238
recency_biased,real_shuffle_lifetime_resample,800,56,0.5720546731461281,0.5775598765328175,0.052523952079959475,56,0.5241358565729883,0.48736653658868445,0.10339992715699553
recency_biased,real_shuffle_lifetime_resample,1600,56,0.5925362105260843,0.6073179551661849,0.05590957427301105,56,0.5354094542712736,0.5095307399233022,0.09353620291350664
recency_biased,real_shuffle_lifetime_resample,3200,56,0.6064260492649792,0.6162131725235045,0.058235067742144514,56,0.5470435953039271,0.5380280649193321,0.08425185412264212
recency_biased,real_shuffle_within_window,100,56,0.5395553524953132,0.5347634508348794,0.0698304950098961,56,0.5629597532584963,0.5749436787702094,0.12271059275619427
recency_biased,real_shuffle_within_window,400,56,0.5701104754621007,0.5739879069257845,0.051894952512674876,56,0.5532940911454328,0.55218508304317,0.0871809635902086
recency_biased,real_shuffle_within_window,800,56,0.5849188187028058,0.5943844404027505,0.04845441092086734,56,0.5632239612562677,0.5673745842824371,0.07274958686317612
recency_biased,real_shuffle_within_window,1600,56,0.6039493482678454,0.6131714543599404,0.049902285252362344,56,0.5757510143599813,0.5692860444771051,0.06900542510940787
recency_biased,real_shuffle_within_window,3200,56,0.6207814695052635,0.6300564226619152,0.05082719160263092,56,0.5838056784752451,0.5962740894052021,0.06174753459336888
recency_biased,synthetic_controlled,100,671,0.4930576290096224,0.4919786096256685,0.07056129329173601,671,0.5067827140700427,0.5059523809523809,0.09475786539100876
recency_biased,synthetic_controlled,400,672,0.49992758065023535,0.5015800652276455,0.04194506496057301,672,0.5129716801571728,0.5133751284532639,0.048454399809406426
recency_biased,synthetic_controlled,800,672,0.5081099996474725,0.5071875018887265,0.03838575986484481,672,0.5193170566932159,0.519992729916394,0.03682746287224547
recency_biased,synthetic_controlled,1600,672,0.5201778400544715,0.5194308419798388,0.03743240220561089,672,0.5285673262656911,0.529043930967325,0.030048013101101567
recency_biased,synthetic_controlled,3200,672,0.540699754650011,0.5388914552645818,0.03891579581428467,672,0.5427151743137562,0.5395584562999556,0.029906567003022983
recent_history_k20,mechanistic_activity,100,71,0.5711976121819338,0.5625,0.06547439972529404,71,0.4625256695674365,0.4484848484848485,0.12951300274685726
recent_history_k20,mechanistic_activity,400,72,0.5742760383306975,0.5791827170005137,0.058715304701803826,72,0.4624803269718568,0.4579085780779346,0.06686989639281635
recent_history_k20,mechanistic_activity,800,72,0.5874498842607211,0.5950938428086021,0.062427825758492865,72,0.46882755299512424,0.46529245425210775,0.046577718388985424
recent_history_k20,mechanistic_activity,1600,72,0.6083774104714759,0.6217894834797526,0.07239682921245495,72,0.48207015643789436,0.4750223092276413,0.03799961422161149
recent_history_k20,mechanistic_activity,3200,72,0.6391916436163604,0.6556148847168803,0.08265161698710054,72,0.5045120126181477,0.5016408200781799,0.0378383629820707
recent_history_k20,mechanistic_dar,100,430,0.5610879429402175,0.5559451219512195,0.08691728723408806,430,0.5431444418583723,0.5380930318754633,0.12981022981406337
recent_history_k20,mechanistic_dar,400,432,0.5684574449440085,0.5610331456920536,0.060174494256324824,432,0.5570650904374292,0.5523834356437611,0.06848067471150479
recent_history_k20,mechanistic_dar,800,432,0.580148762127735,0.5695194243464754,0.05784643528956927,432,0.5677083632054271,0.5589132602251542,0.059881324610378775
recent_history_k20,mechanistic_dar,1600,432,0.5982260916565553,0.5902488360289412,0.05819486542178201,432,0.5802913111868774,0.5747655810576582,0.05461110995035391
recent_history_k20,mechanistic_dar,3200,432,0.6293868183923285,0.6184717436190974,0.06482347453023167,432,0.5984602243114497,0.5946127617469213,0.05074836927739233
recent_history_k20,mechanistic_dar_correlated,100,192,0.5754055612795534,0.5704260278728364,0.06801516577975941,192,0.5304763576927113,0.5295381769017292,0.09069765024104093
recent_history_k20,mechanistic_dar_correlated,400,192,0.5828173857308997,0.5744573378683406,0.05117856590058444,192,0.542425374735985,0.5435419043209291,0.05161872009012328
recent_history_k20,mechanistic_dar_correlated,800,192,0.5971455159836928,0.5894802267086938,0.05227282390860724,192,0.5529729626939375,0.5555426169172326,0.036963811611125406
recent_history_k20,mechanistic_dar_correlated,1600,192,0.6175432762266635,0.61043067237242,0.05461933019826943,192,0.5676701269874782,0.5666115221758452,0.029327603675384395
recent_history_k20,mechanistic_dar_correlated,3200,192,0.6494966773340921,0.6422888508933764,0.05767734304717974,192,0.5924380407039805,0.5898164014628292,0.030432584502005353
recent_history_k20,mechanistic_dar_heterogeneous,100,384,0.5740905280965581,0.5679311497326203,0.07278732328834425,384,0.5382265299178902,0.5411183261183261,0.08853127887944336
recent_history_k20,mechanistic_dar_heterogeneous,400,384,0.5843590151824809,0.5772712198669683,0.05381044528573395,384,0.5426493460040204,0.5420991671384822,0.0487455980914693
recent_history_k20,mechanistic_dar_heterogeneous,800,384,0.5963785356585449,0.5897882914855714,0.05390343430978418,384,0.5523818633446456,0.5495490887697012,0.03830141796450788
recent_history_k20,mechanistic_dar_heterogeneous,1600,384,0.6163834723379363,0.612713989292854,0.056285223798343074,384,0.5675661843643216,0.566885960517223,0.033413080000581546
recent_history_k20,mechanistic_dar_heterogeneous,3200,384,0.6458834525600707,0.6421681067444187,0.059027167238491364,384,0.5919420096379655,0.5871856053059836,0.03445909533434158
recent_history_k20,mechanistic_renewal,100,144,0.5164495939295451,0.5249280412058779,0.03926894476937224,144,0.5404109458573585,0.54078033625731,0.09312167093264728
recent_history_k20,mechanistic_renewal,400,144,0.5232014257861451,0.5234665804732015,0.021909910145792837,144,0.5461450218593312,0.55439617129598,0.046250107359099825
recent_history_k20,mechanistic_renewal,800,144,0.5323188532605444,0.5317560868378763,0.019430356969218517,144,0.5496775185019271,0.5517237032364037,0.03235965970524141
recent_history_k20,mechanistic_renewal,1600,144,0.5489459346990433,0.5461631705837449,0.02267232555599571,144,0.5542504290067862,0.5567215412291924,0.02920665285760501
recent_history_k20,mechanistic_renewal,3200,144,0.5759216930843647,0.5677787536787249,0.03188899672163126,144,0.5678663542354994,0.5704249144209751,0.026189677959610184
recent_history_k20,real_chunk,100,44,0.5686903402994817,0.5600673105062921,0.07587125773133183,44,0.49948576948383755,0.5146428325026857,0.09377604712740814
recent_history_k20,real_chunk,400,44,0.5754111388077577,0.578017735830054,0.059741249736314526,44,0.5131052931224762,0.514093161442845,0.057468537430110996
recent_history_k20,real_chunk,800,44,0.5820742231387616,0.6037250599873971,0.0584118027685363,44,0.5274318152432683,0.5264672462966236,0.051829510280909874
recent_history_k20,real_chunk,1600,44,0.5984638091683192,0.6235809753376937,0.06360689462028113,44,0.540521291280497,0.5308650965509674,0.038420521498357944
recent_history_k20,real_chunk,3200,44,0.6222197982638012,0.6642843923493271,0.06971038773236224,44,0.5613541899848766,0.5554096716909369,0.03505281440724687
recent_history_k20,real_controlled,100,773,0.48148321010350437,0.4855015673981191,0.10786617469481975,773,0.5400171743983998,0.5493348115299335,0.13744594236982313
recent_history_k20,real_controlled,400,784,0.4877847420950819,0.4867991267019628,0.06150168071040355,784,0.5372142170567662,0.5372029590779591,0.09514908838585785
recent_history_k20,real_controlled,800,784,0.4956558494863195,0.4936156581614804,0.051866506574854976,784,0.5448240677933819,0.5428521090761605,0.08289314719123163
recent_history_k20,real_controlled,1600,784,0.5062633433869336,0.5018266092782462,0.0471477872938768,784,0.5546999120187901,0.5464274941049568,0.07484991263670178
recent_history_k20,real_controlled,3200,784,0.5207311249965791,0.5169174470272533,0.047094874063134576,784,0.5663436297963848,0.5554102781710535,0.06948282815883029
recent_history_k20,real_empirical,100,31,0.5449759252847102,0.5383333333333333,0.0931008140973667,31,0.5189576080226902,0.5209876543209877,0.1344581723664402
recent_history_k20,real_empirical,400,32,0.5524746784098815,0.5657858372356577,0.06237442644038766,32,0.5306939908503309,0.5283909003036509,0.10463698469833595
recent_history_k20,real_empirical,800,32,0.5626219568445763,0.564336670172539,0.05811236683656274,32,0.563303168152687,0.5641740672735345,0.06381984839043806
recent_history_k20,real_empirical,1600,32,0.5814295800735757,0.5906705226747415,0.07216927280137922,32,0.5823480645666068,0.5767556906809708,0.05623595548735556
recent_history_k20,real_empirical,3200,32,0.6036955772453338,0.6366728997037435,0.0794670649024688,32,0.5973332090347283,0.597147496425402,0.04745230990306334
recent_history_k20,real_shuffle_edge_rewire,100,56,0.5949787333498507,0.5977667493796526,0.09210604670026869,56,0.5163176342509089,0.5086904761904762,0.13018935856351904
recent_history_k20,real_shuffle_edge_rewire,400,56,0.587802339128975,0.588667552544567,0.05097278076383501,56,0.5458886787866467,0.5410538041021633,0.09023357265741624
recent_history_k20,real_shuffle_edge_rewire,800,56,0.5963641419315809,0.5928888221726378,0.045935512656654104,56,0.5622958711591038,0.548458600922993,0.07451343452302002
recent_history_k20,real_shuffle_edge_rewire,1600,56,0.6151677802428438,0.620549403706862,0.03901035440285837,56,0.5787746054085371,0.5653235085975242,0.05865408261138734
recent_history_k20,real_shuffle_edge_rewire,3200,56,0.6357130340503845,0.650897566755378,0.04331940904999609,56,0.598736684831012,0.5753468855803783,0.05116665869031655
recent_history_k20,real_shuffle_global,100,47,0.5685574305942599,0.5652173913043478,0.04242381521015557,47,0.5152085517238285,0.5097222222222222,0.20172743338161864
recent_history_k20,real_shuffle_global,400,54,0.5972535801371393,0.5856357779817717,0.06088928935235233,54,0.5437094840916734,0.530955701218859,0.09795696620283556
recent_history_k20,real_shuffle_global,800,55,0.6218512247806572,0.6144144144144145,0.06729359919251197,55,0.5589219392753201,0.5472352581105897,0.07508908357664475
recent_history_k20,real_shuffle_global,1600,56,0.6529743912965522,0.64893774285113,0.07995058767731084,56,0.5730062440136504,0.5639078772865933,0.07160964748436868
recent_history_k20,real_shuffle_global,3200,56,0.6842571353203013,0.6957594828251061,0.09039524186806645,56,0.5964106437985419,0.5902951285780471,0.06412870006642606
recent_history_k20,real_shuffle_lifetime_resample,100,56,0.5050960996462889,0.5044542648709316,0.09058484545874082,56,0.5541669061862197,0.5571589446589447,0.16972169856672611
recent_history_k20,real_shuffle_lifetime_resample,400,56,0.5476674956046205,0.5434438263941941,0.04478495154687306,56,0.5973789724604345,0.6139562093212221,0.10006123943673638
recent_history_k20,real_shuffle_lifetime_resample,800,56,0.5608999138779432,0.564739834112403,0.04419523478889633,56,0.6135371879746384,0.6079883145837841,0.07826555767420029
recent_history_k20,real_shuffle_lifetime_resample,1600,56,0.5822716969685803,0.5965991227274399,0.05195586698623896,56,0.6230546146272001,0.6188172609076908,0.06762785855532596
recent_history_k20,real_shuffle_lifetime_resample,3200,56,0.6112955615059549,0.637820361998858,0.06250300235725922,56,0.6378120008713184,0.6298650934073682,0.06002303443925707
recent_history_k20,real_shuffle_within_window,100,55,0.5564123706451055,0.5535037878787878,0.06492561286336695,55,0.5149311930768158,0.5178571428571429,0.10741683972266775
recent_history_k20,real_shuffle_within_window,400,56,0.5751571000938214,0.5777729892083985,0.04429284270712174,56,0.5505420560737287,0.5498515811492107,0.057468400308317166
recent_history_k20,real_shuffle_within_window,800,56,0.5926566463351363,0.5995273088061601,0.04724797906569273,56,0.558555966891673,0.5609483946136276,0.042096897291189976
recent_history_k20,real_shuffle_within_window,1600,56,0.6168310264225949,0.6335485178436655,0.05407007041502099,56,0.5711748910436184,0.5768438558537441,0.03549800241455612
recent_history_k20,real_shuffle_within_window,3200,56,0.6383653469423549,0.6652128007256066,0.05994273154830143,56,0.5915985199721526,0.6029183102225273,0.03888688455874269
recent_history_k20,synthetic_controlled,100,672,0.5008985095736747,0.5054373531776688,0.060170599148535245,672,0.4886133120013115,0.4929764237561775,0.10211544239350868
recent_history_k20,synthetic_controlled,400,672,0.5089355197127409,0.5086968062364611,0.03802848116949678,672,0.49084898598998244,0.4927600143158888,0.05106334687628401
recent_history_k20,synthetic_controlled,800,672,0.5164512708351964,0.5163381439500081,0.03330379298479458,672,0.49312880634084727,0.4934432124661118,0.04028594915125347
recent_history_k20,synthetic_controlled,1600,672,0.5298219625926917,0.52807061991045,0.03343512961682056,672,0.5008898056670087,0.4999913654180308,0.03352769410630017
recent_history_k20,synthetic_controlled,3200,672,0.5490309283844,0.5472215716923883,0.03586504923441874,672,0.5142999172550928,0.5149186574074527,0.030209961341208715
recent_history_k5,mechanistic_activity,100,71,0.572529051327359,0.5725806451612904,0.06421203379176206,71,0.4683896542510276,0.4697435897435897,0.13242630960803878
recent_history_k5,mechanistic_activity,400,72,0.582497164077517,0.5842671902457581,0.059236023359129954,72,0.4726362052054156,0.4571486248949465,0.07146873177375414
recent_history_k5,mechanistic_activity,800,72,0.5945974475288511,0.5984336485941657,0.06494743598851202,72,0.4780455470341695,0.4694311566837679,0.059307109918353695
recent_history_k5,mechanistic_activity,1600,72,0.6174183918946035,0.6276525393069988,0.07242607930031324,72,0.4930859309009492,0.4902031453964649,0.0402414779850494
recent_history_k5,mechanistic_activity,3200,72,0.6504907251328487,0.6627000041226515,0.08618869544133863,72,0.5207999208337076,0.5153872039077825,0.03337797167786261
recent_history_k5,mechanistic_dar,100,423,0.5834301966781592,0.5725806451612904,0.09481039637219525,423,0.5451500785251661,0.5340659340659341,0.15861515069607024
recent_history_k5,mechanistic_dar,400,432,0.5955271578805201,0.5780180678483573,0.0744161085334173,432,0.5601040593882128,0.551252356150032,0.08366225407691871
recent_history_k5,mechanistic_dar,800,432,0.6090343439426293,0.5968787765109315,0.07052081759656507,432,0.5672672253205041,0.5608357714726362,0.06594240485657248
recent_history_k5,mechanistic_dar,1600,432,0.6371275297311331,0.6247125765937951,0.07633359955306136,432,0.5813343047959667,0.5762199356599083,0.05446845080233126
recent_history_k5,mechanistic_dar,3200,432,0.6785705933782851,0.668250201723491,0.08197609542057133,432,0.6028572073185487,0.5980747726625415,0.05241862148330251
recent_history_k5,mechanistic_dar_correlated,100,192,0.6045725696050185,0.5952857142857143,0.0842183458620993,192,0.5511435845378561,0.5570976627328048,0.09380726656571704
recent_history_k5,mechanistic_dar_correlated,400,192,0.6197832394245865,0.613210905496538,0.06610555886511514,192,0.553515222220639,0.549983534078232,0.0475168283557711
recent_history_k5,mechanistic_dar_correlated,800,192,0.6306192163065282,0.619223374306245,0.06187599074731266,192,0.5627830971562283,0.5615776651381458,0.03712410968293044
recent_history_k5,mechanistic_dar_correlated,1600,192,0.6574947796650311,0.6579960342450561,0.06385348244728102,192,0.5807155734037303,0.5806949129094392,0.033281027119839164
recent_history_k5,mechanistic_dar_correlated,3200,192,0.700164431366448,0.6997628223790467,0.06749455985142958,192,0.6078485335655806,0.6071396910767839,0.03535035635232673
recent_history_k5,mechanistic_dar_heterogeneous,100,384,0.6006573100568727,0.5945175438596491,0.08525308585284935,384,0.5481233820359,0.5389655172413793,0.1064645852741163
recent_history_k5,mechanistic_dar_heterogeneous,400,384,0.6153120492440515,0.6075856807530895,0.06577020773505309,384,0.5570553747934383,0.5526971928134718,0.054434161724496555
recent_history_k5,mechanistic_dar_heterogeneous,800,384,0.6292449547462141,0.6284365678329933,0.06467149049272132,384,0.5668642652088657,0.5645202225281054,0.042455412201958156
recent_history_k5,mechanistic_dar_heterogeneous,1600,384,0.656099825727885,0.6506667643474402,0.06707460734678222,384,0.5821471892989754,0.57896822628415,0.04083705838103119
recent_history_k5,mechanistic_dar_heterogeneous,3200,384,0.695244395616372,0.6967208642490273,0.07179297681517108,384,0.6033626640843273,0.6016909504192831,0.041239192399467106
recent_history_k5,mechanistic_renewal,100,144,0.5175917096349508,0.5186807862679956,0.03388651598564863,144,0.5325364826998493,0.5408843537414967,0.09682775437689704
recent_history_k5,mechanistic_renewal,400,144,0.5250400743128949,0.5272572717753077,0.02070088562624846,144,0.5347786865896988,0.5321675951237995,0.041919765563469866
recent_history_k5,mechanistic_renewal,800,144,0.5373324502186967,0.5367496277685208,0.02114495805338128,144,0.5387590913895158,0.5362934345390342,0.03082162927347728
recent_history_k5,mechanistic_renewal,1600,144,0.5572642017589274,0.5535756966143364,0.024867392082219553,144,0.5437943934727011,0.5447308461586964,0.023189066891186196
recent_history_k5,mechanistic_renewal,3200,144,0.5936334256673838,0.5843768656750418,0.036219426004830774,144,0.5571867774006312,0.5550093916255165,0.023984610677090228
recent_history_k5,real_chunk,100,43,0.5650122746066477,0.5596153846153846,0.07306823341304151,43,0.5024618865597114,0.5134310134310134,0.11528888986551468
recent_history_k5,real_chunk,400,44,0.587148513830213,0.584476058591084,0.06348498117868065,44,0.5106310845649549,0.5193229340391726,0.10172648477724155
recent_history_k5,real_chunk,800,44,0.597002109645993,0.5943539002387264,0.06432828441430813,44,0.5300238192023227,0.528460617530385,0.059221436062278275
recent_history_k5,real_chunk,1600,44,0.618788621735758,0.6362624190458613,0.06566416397253047,44,0.5441997168275552,0.5399948546390219,0.04651576164520014
recent_history_k5,real_chunk,3200,44,0.6377178184245463,0.6639004124596712,0.07236849939008888,44,0.5597425881067072,0.5521941343292525,0.04787451705994999
recent_history_k5,real_controlled,100,773,0.48712065496815016,0.4989130434782609,0.1271914813016405,773,0.556241978093298,0.5555555555555556,0.16155237833754907
recent_history_k5,real_controlled,400,784,0.49442439152742046,0.4963546010564359,0.080073471940132,784,0.5533725498417509,0.5425154533033492,0.11237472772629456
recent_history_k5,real_controlled,800,784,0.501580217116544,0.500836965441945,0.06900834524565361,784,0.5528793340456681,0.5331186825991774,0.09648696482584301
recent_history_k5,real_controlled,1600,784,0.5109926022610439,0.5071076085936768,0.06265318308325245,784,0.5595889949279247,0.5424114525824415,0.08839988292618563
recent_history_k5,real_controlled,3200,784,0.5263917365380872,0.5244881302549567,0.06068853350656927,784,0.570699875641065,0.5498573499271262,0.08248350362551242
recent_history_k5,real_empirical,100,32,0.5361977612413648,0.5518136557610241,0.0938150761797922,32,0.5100009087595662,0.46924603174603174,0.17130135114597891
recent_history_k5,real_empirical,400,32,0.5428819238483293,0.5340249144209283,0.07614337270654455,32,0.5396238945216996,0.5752911614830434,0.11314577699661996
recent_history_k5,real_empirical,800,32,0.5633073225547442,0.5748899527690157,0.06475770085522642,32,0.5507160562901057,0.5573343310481635,0.07011944887309406
recent_history_k5,real_empirical,1600,32,0.5810661002424327,0.5980395606518469,0.06790908830758359,32,0.571455258131673,0.5701129445849749,0.05745518427360794
recent_history_k5,real_empirical,3200,32,0.5983224426011488,0.6244173641916877,0.07620529976340454,32,0.5860780377128986,0.5813776886813227,0.05161100673576933
recent_history_k5,real_shuffle_edge_rewire,100,55,0.579076816111095,0.5604508196721312,0.08820665332008512,55,0.5154179358175968,0.5074285714285715,0.17426649397463806
recent_history_k5,real_shuffle_edge_rewire,400,56,0.5843151750700187,0.5725948039819805,0.052623735382464315,56,0.5387595541740763,0.5312889109163464,0.0810951285540983
recent_history_k5,real_shuffle_edge_rewire,800,56,0.5952097498769273,0.5897587901591052,0.04452456693039947,56,0.5549974265059887,0.5426203639324164,0.06833823780311997
recent_history_k5,real_shuffle_edge_rewire,1600,56,0.6159873729190251,0.611898775639288,0.03549258322068324,56,0.5657110541768132,0.5582715350157099,0.055684847318369805
recent_history_k5,real_shuffle_edge_rewire,3200,56,0.6349520693414481,0.6398774362995526,0.03221088175500165,56,0.5803827534643828,0.5737260190248789,0.049054184499221755
recent_history_k5,real_shuffle_global,100,50,0.5743727268729221,0.5652056277056277,0.04407322211123393,50,0.5140491974797896,0.5210851648351649,0.19755640178489614
recent_history_k5,real_shuffle_global,400,56,0.6041448524581032,0.5972059366382212,0.05879799631361862,56,0.521766317896619,0.5207587394067796,0.11232693295545829
recent_history_k5,real_shuffle_global,800,56,0.630900242175522,0.6188426012026533,0.07195095831387693,56,0.5252788704252942,0.5291887604750977,0.0904445288533941
recent_history_k5,real_shuffle_global,1600,56,0.6563634941994424,0.6507427845956381,0.08076832006193008,56,0.551204778587427,0.550619796681631,0.06443380326643074
recent_history_k5,real_shuffle_global,3200,56,0.6883602750224362,0.6964706774385796,0.08936000480081309,56,0.5910507396258212,0.5986432966166017,0.057783985283195234
recent_history_k5,real_shuffle_lifetime_resample,100,54,0.5039707081240798,0.49778791829639285,0.08993668322295216,54,0.49205217667247253,0.50671875,0.18169204277395679
recent_history_k5,real_shuffle_lifetime_resample,400,56,0.5445162622258871,0.5407420110915053,0.051966522478697416,56,0.5650461432665501,0.5821873921673213,0.12764594508129842
recent_history_k5,real_shuffle_lifetime_resample,800,56,0.555750446575665,0.5645601367312973,0.04755368076599749,56,0.5914320800086691,0.5941303353752154,0.08253618520689965
recent_history_k5,real_shuffle_lifetime_resample,1600,56,0.573609461665575,0.5822741676784817,0.04760287940600377,56,0.6012590377862125,0.5905036178013372,0.0725517269834136
recent_history_k5,real_shuffle_lifetime_resample,3200,56,0.6012619435412171,0.617810463135003,0.05421644449698693,56,0.6181152523275131,0.609245550858298,0.0611563735183008
recent_history_k5,real_shuffle_within_window,100,56,0.5607392547716976,0.5601873536299766,0.07327820111774572,56,0.5317027808311546,0.5309585837130633,0.13305114363910858
recent_history_k5,real_shuffle_within_window,400,56,0.5794235228894574,0.5751302421789365,0.053521750516953674,56,0.5313549214790821,0.5222996632996633,0.05878916050147594
recent_history_k5,real_shuffle_within_window,800,56,0.5955725983401102,0.5974041007135393,0.05058227155065675,56,0.5460317594610254,0.5390719602298412,0.047119624335057925
recent_history_k5,real_shuffle_within_window,1600,56,0.6142512880538674,0.6295233137544162,0.05395264501955729,56,0.5641817943135362,0.5661171870203132,0.04083430404381839
recent_history_k5,real_shuffle_within_window,3200,56,0.6384180447414619,0.6564723186812813,0.05595747578462578,56,0.5851162867938705,0.5933949257834985,0.04111604473211554
recent_history_k5,synthetic_controlled,100,672,0.49267834739665384,0.49322081105169335,0.07386840973657915,672,0.4973432765321985,0.4943131016987919,0.09607010809213302
recent_history_k5,synthetic_controlled,400,672,0.49822582099141305,0.49831094463101694,0.04563292089424159,672,0.5011315148045243,0.5025047340055351,0.049022726039134656
recent_history_k5,synthetic_controlled,800,672,0.5067232636593167,0.5065581168937355,0.04223217933814211,672,0.5067737034764862,0.5082858355690012,0.036991115422540584
recent_history_k5,synthetic_controlled,1600,672,0.5228474890888917,0.5187488048557714,0.0424777445427276,672,0.5153792113284621,0.51631005494379,0.029232798335961162
recent_history_k5,synthetic_controlled,3200,672,0.54728546093438,0.5462499418289171,0.04717952284889011,672,0.5311767769370339,0.5297426295407462,0.02721515666137025
time_agnostic,mechanistic_activity,100,0,,,,0,,,
time_agnostic,mechanistic_activity,400,0,,,,0,,,
time_agnostic,mechanistic_activity,800,0,,,,0,,,
time_agnostic,mechanistic_activity,1600,0,,,,0,,,
time_agnostic,mechanistic_activity,3200,0,,,,0,,,
time_agnostic,mechanistic_dar,100,0,,,,0,,,
time_agnostic,mechanistic_dar,400,0,,,,0,,,
time_agnostic,mechanistic_dar,800,0,,,,0,,,
time_agnostic,mechanistic_dar,1600,0,,,,0,,,
time_agnostic,mechanistic_dar,3200,0,,,,0,,,
time_agnostic,mechanistic_dar_correlated,100,0,,,,0,,,
time_agnostic,mechanistic_dar_correlated,400,0,,,,0,,,
time_agnostic,mechanistic_dar_correlated,800,0,,,,0,,,
time_agnostic,mechanistic_dar_correlated,1600,0,,,,0,,,
time_agnostic,mechanistic_dar_correlated,3200,0,,,,0,,,
time_agnostic,mechanistic_dar_heterogeneous,100,0,,,,0,,,
time_agnostic,mechanistic_dar_heterogeneous,400,0,,,,0,,,
time_agnostic,mechanistic_dar_heterogeneous,800,0,,,,0,,,
time_agnostic,mechanistic_dar_heterogeneous,1600,0,,,,0,,,
time_agnostic,mechanistic_dar_heterogeneous,3200,0,,,,0,,,
time_agnostic,mechanistic_renewal,100,0,,,,0,,,
time_agnostic,mechanistic_renewal,400,0,,,,0,,,
time_agnostic,mechanistic_renewal,800,0,,,,0,,,
time_agnostic,mechanistic_renewal,1600,0,,,,0,,,
time_agnostic,mechanistic_renewal,3200,0,,,,0,,,
time_agnostic,real_controlled,100,0,,,,0,,,
time_agnostic,real_controlled,400,0,,,,0,,,
time_agnostic,real_controlled,800,0,,,,0,,,
time_agnostic,real_controlled,1600,0,,,,0,,,
time_agnostic,real_controlled,3200,0,,,,0,,,
time_agnostic,real_empirical,100,0,,,,0,,,
time_agnostic,real_empirical,400,0,,,,0,,,
time_agnostic,real_empirical,800,0,,,,0,,,
time_agnostic,real_empirical,1600,0,,,,0,,,
time_agnostic,real_empirical,3200,0,,,,0,,,
time_agnostic,real_shuffle_within_window,100,0,,,,0,,,
time_agnostic,real_shuffle_within_window,400,0,,,,0,,,
time_agnostic,real_shuffle_within_window,800,0,,,,0,,,
time_agnostic,real_shuffle_within_window,1600,0,,,,0,,,
time_agnostic,real_shuffle_within_window,3200,0,,,,0,,,
time_agnostic,synthetic_controlled,100,0,,,,0,,,
time_agnostic,synthetic_controlled,400,0,,,,0,,,
time_agnostic,synthetic_controlled,800,0,,,,0,,,
time_agnostic,synthetic_controlled,1600,0,,,,0,,,
time_agnostic,synthetic_controlled,3200,0,,,,0,,,
time_agnostic_t,mechanistic_activity,100,70,0.5024386164518929,0.49462776806526804,0.032597482755290355,70,0.44736350991968893,0.4559867564046895,0.1502863649328948
time_agnostic_t,mechanistic_activity,400,72,0.49930326921754464,0.4944207889227973,0.02092446211090276,72,0.4673581532541164,0.4602102788952155,0.0777300637223584
time_agnostic_t,mechanistic_activity,800,72,0.4973143077934886,0.49833039778557686,0.019754710395998822,72,0.4766012455134502,0.4699236887822398,0.0540909003831498
time_agnostic_t,mechanistic_activity,1600,72,0.4980109139831519,0.4961606937871983,0.019443648572252354,72,0.4904897360377003,0.48010324005016664,0.04836458434101013
time_agnostic_t,mechanistic_activity,3200,72,0.5005808071548702,0.49980613240503324,0.01765321688841903,72,0.5072094979882421,0.49738292386994143,0.04288781440400914
time_agnostic_t,mechanistic_dar,100,405,0.4960454198743222,0.5,0.09412321058010122,405,0.5391474203858402,0.5301587301587302,0.12633999275609611
time_agnostic_t,mechanistic_dar,400,405,0.5016519839335862,0.5000527853045712,0.06781599226471727,405,0.5409867947106382,0.5316152784169351,0.08347853942506427
time_agnostic_t,mechanistic_dar,800,405,0.5036804349555538,0.5024317971543597,0.058221554471186585,405,0.5485779961915853,0.5387783115991764,0.07697213121986941
time_agnostic_t,mechanistic_dar,1600,405,0.5026571802885893,0.5016577621158729,0.05379859249986516,405,0.559577174584403,0.5488713565636643,0.07517783532678543
time_agnostic_t,mechanistic_dar,3200,405,0.5026762186329634,0.5015264895418972,0.05419032190599799,405,0.5786562232442407,0.5636245840327473,0.07618685459760884
time_agnostic_t,mechanistic_dar_correlated,100,179,0.5043623326274006,0.50703125,0.1034246725650774,179,0.5402928212101962,0.5280970625798213,0.12651219885068804
time_agnostic_t,mechanistic_dar_correlated,400,179,0.5035679477448924,0.5039018952062431,0.08737821353193113,179,0.5452304768262869,0.5297262479871175,0.10772849440839384
time_agnostic_t,mechanistic_dar_correlated,800,179,0.4874959307475785,0.496323742929158,0.08278637304137654,179,0.5520759878016742,0.5383202099737533,0.1028379986978829
time_agnostic_t,mechanistic_dar_correlated,1600,179,0.49530016159144696,0.4993852308595757,0.08004074182978586,179,0.5626152241951949,0.5533574093181999,0.10075555262832027
time_agnostic_t,mechanistic_dar_correlated,3200,179,0.49962980232805465,0.4986169558262581,0.07920484471463575,179,0.5828788988391236,0.5731406094534586,0.1002500556734674
time_agnostic_t,mechanistic_dar_heterogeneous,100,362,0.5008375206830218,0.4993476916390867,0.09806265126207653,362,0.5300583699515927,0.5236823361823362,0.11353976013289
time_agnostic_t,mechanistic_dar_heterogeneous,400,362,0.5018260271654258,0.5004252979468498,0.08014542434082288,362,0.5412302004205884,0.5293476667683222,0.08745916558641745
time_agnostic_t,mechanistic_dar_heterogeneous,800,362,0.5015590114410944,0.4990756261123271,0.07649719965650702,362,0.5464213409814621,0.5346469573142301,0.0812414325166516
time_agnostic_t,mechanistic_dar_heterogeneous,1600,362,0.5061583826898403,0.4995774936052372,0.07561721727767538,362,0.5579631588946923,0.5483988970906462,0.07889373633658109
time_agnostic_t,mechanistic_dar_heterogeneous,3200,362,0.5030520216480198,0.4997374920364416,0.07458666161939251,362,0.5789704701397045,0.5679422662232034,0.07968994588452794
time_agnostic_t,mechanistic_renewal,100,144,0.5002073001545361,0.4996443812233286,0.0269267386692151,144,0.5292397703862499,0.5302445518884451,0.06987212853103389
time_agnostic_t,mechanistic_renewal,400,144,0.5003995052963361,0.5004510011426295,0.01711005925107179,144,0.5188007973082767,0.5173965821842466,0.03281160874059192
time_agnostic_t,mechanistic_renewal,800,144,0.5008777464543943,0.5013193056103908,0.012857992924377686,144,0.5233223573483712,0.5232331771640155,0.022531575063443273
time_agnostic_t,mechanistic_renewal,1600,144,0.5011994991264925,0.4992370743519448,0.011666480483523924,144,0.5255118922850955,0.5233042364796063,0.01770869574900176
time_agnostic_t,mechanistic_renewal,3200,144,0.5002633646163612,0.49900959270740597,0.010253433801533035,144,0.5325415550624301,0.5287327695309908,0.01849431932889749
time_agnostic_t,real_chunk,100,44,0.48273655318409925,0.48608661715287427,0.04314412591150784,44,0.5223877178880596,0.5023869989762973,0.09682449996244157
time_agnostic_t,real_chunk,400,44,0.4760149612324444,0.476346656463869,0.02750301871215188,44,0.5109891138742059,0.51265136559139,0.05267295695258977
time_agnostic_t,real_chunk,800,44,0.4774334775376006,0.4755951873200728,0.02245324735311848,44,0.5064172008285421,0.5120046813196018,0.04124032105638984
time_agnostic_t,real_chunk,1600,44,0.48111274973089385,0.4808271510081866,0.020518995745286317,44,0.5159419409789309,0.5103418699249296,0.03523329086007753
time_agnostic_t,real_chunk,3200,44,0.4858591891684567,0.4883650486820129,0.020620414267073544,44,0.5310903261675057,0.5231075992459637,0.04369031511904118
time_agnostic_t,real_controlled,100,782,0.4969009525773215,0.4936303148328465,0.03622940959788183,782,0.5542848639587162,0.5455663821910404,0.12628536965676312
time_agnostic_t,real_controlled,400,782,0.4959652081001597,0.4951498713320852,0.022012655936482595,782,0.5567490000999414,0.5379984302645004,0.10032085152633577
time_agnostic_t,real_controlled,800,782,0.4957316241072328,0.49470359127103625,0.018991168613677212,782,0.562413501502105,0.5407395431115251,0.09219242889508165
time_agnostic_t,real_controlled,1600,782,0.49528566848920774,0.49432347500433094,0.0158924775061945,782,0.5705932219282653,0.5460775308332968,0.0876388443303698
time_agnostic_t,real_controlled,3200,782,0.49586927957898835,0.4951823035421406,0.014820342960314434,782,0.5847009628088666,0.5723687836445461,0.08330403570888184
time_agnostic_t,real_empirical,100,32,0.48400958045073694,0.49627501975738236,0.04099755020840792,32,0.6079822543566147,0.5545309311117803,0.1461001634074148
time_agnostic_t,real_empirical,400,32,0.48713015186972297,0.49380581362431475,0.029452825937921534,32,0.5674175341775319,0.5409656224889461,0.07427506690576366
time_agnostic_t,real_empirical,800,32,0.48962961096666274,0.49432108302540056,0.030007675760967537,32,0.561690691912461,0.5386191251590597,0.06217662110978983
time_agnostic_t,real_empirical,1600,32,0.4884612675820236,0.49384058749243104,0.02259312608886835,32,0.5602384497251355,0.5486920963258008,0.04884903944409095
time_agnostic_t,real_empirical,3200,32,0.4857752893419447,0.49147092339682585,0.02286715850479576,32,0.5620884551004245,0.5545225255811661,0.04756910428794219
time_agnostic_t,real_shuffle_edge_rewire,100,56,0.4981310186339282,0.4961692506459948,0.03908634718951602,56,0.5149425327799461,0.5179416982552871,0.1034619951558146
time_agnostic_t,real_shuffle_edge_rewire,400,56,0.49631157878582316,0.49857447278805833,0.016252987613979704,56,0.5365648906651767,0.5318663720929819,0.05329544379327965
time_agnostic_t,real_shuffle_edge_rewire,800,56,0.49536001095795706,0.49363405161384855,0.014859644080362012,56,0.5425631759155752,0.535204599608214,0.05004460870060656
time_agnostic_t,real_shuffle_edge_rewire,1600,56,0.49846039008533266,0.5005925544256074,0.012799018478849795,56,0.5479497173868849,0.5364122825434852,0.04551044926243112
time_agnostic_t,real_shuffle_edge_rewire,3200,56,0.4993560101587892,0.49873503742387215,0.010077232773102011,56,0.5611998832008599,0.5465916120379659,0.050050268757566976
time_agnostic_t,real_shuffle_global,100,56,0.5001523376928849,0.5003607503607503,0.024206172457899078,56,0.5161288505919434,0.5092559523809523,0.07536613156830148
time_agnostic_t,real_shuffle_global,400,56,0.4921967153855792,0.49341782554294966,0.01691731258413012,56,0.5185604764382374,0.5139864466301769,0.04168900500613505
time_agnostic_t,real_shuffle_global,800,56,0.49577757033328124,0.4936210165676216,0.014511893653889607,56,0.5289004793684764,0.5254869211122195,0.03291187140090769
time_agnostic_t,real_shuffle_global,1600,56,0.49693804831365346,0.4956056202357779,0.014042035071912531,56,0.5422584175348211,0.5340333847559083,0.03503099521595056
time_agnostic_t,real_shuffle_global,3200,56,0.49524984250619525,0.4960110277867956,0.013575412345149552,56,0.5645004735379336,0.5428224724838094,0.055116075523625754
time_agnostic_t,real_shuffle_lifetime_resample,100,56,0.4903284011760353,0.49190548014077423,0.02819638653222409,56,0.5359854303876578,0.5353612956810632,0.09174003089305308
time_agnostic_t,real_shuffle_lifetime_resample,400,56,0.4903450119326124,0.49195228463311846,0.01724793556515385,56,0.5403773341218016,0.5297028671114873,0.058288386587469335
time_agnostic_t,real_shuffle_lifetime_resample,800,56,0.49088031985793373,0.49135459350937966,0.017924758252720024,56,0.5455713862373028,0.5277980662402049,0.05372929194321441
time_agnostic_t,real_shuffle_lifetime_resample,1600,56,0.4923627682229938,0.4934307889771926,0.01842834055417886,56,0.5591103878031005,0.5416406749850808,0.05539399506924205
time_agnostic_t,real_shuffle_lifetime_resample,3200,56,0.49501239232271915,0.4958959072405218,0.017590933517807886,56,0.5738448647779106,0.5548799397899951,0.05338520150403812
time_agnostic_t,real_shuffle_within_window,100,56,0.48926780086188654,0.4891252955082742,0.02660707224929975,56,0.5457910031255527,0.5348563723978645,0.06529671250410725
time_agnostic_t,real_shuffle_within_window,400,56,0.49298415473830576,0.4920757680637511,0.01713583242793218,56,0.5374290143775747,0.5303801198512986,0.04694470158680725
time_agnostic_t,real_shuffle_within_window,800,56,0.4931201603506535,0.4956804545424146,0.02058200099664087,56,0.5363087306911338,0.5276681889275262,0.04617589374026018
time_agnostic_t,real_shuffle_within_window,1600,56,0.4946515998164952,0.4967830151968168,0.017112811083496646,56,0.5446972448989157,0.5352187458099917,0.04120020347866356
time_agnostic_t,real_shuffle_within_window,3200,56,0.4955057913407308,0.4979051386221932,0.016214941548918085,56,0.5569374072879189,0.5472415333165694,0.041821191936889116
time_agnostic_t,synthetic_controlled,100,671,0.49953125410341676,0.4967320261437908,0.04571604117222314,671,0.5038925475415549,0.5051150895140665,0.09489502824916231
time_agnostic_t,synthetic_controlled,400,672,0.4994158365171163,0.4995087847765143,0.023989463852360088,672,0.5107847519905727,0.5127553604778181,0.04396078297535658
time_agnostic_t,synthetic_controlled,800,672,0.5002087068364272,0.4995863335242263,0.019861047877228512,672,0.5130147613549948,0.514596283318667,0.03409647466364408
time_agnostic_t,synthetic_controlled,1600,672,0.49997773540266843,0.4996758712822642,0.016973988080926757,672,0.5196517412927476,0.5205366838513465,0.02588632886068246
time_agnostic_t,synthetic_controlled,3200,672,0.499955136715839,0.49956137203086004,0.01414707966917581,672,0.5331806324802252,0.5312059123136101,0.026175991210576607
time_respecting,mechanistic_activity,100,69,0.5372320241831066,0.5377358490566038,0.04436938968628091,69,0.5030976962665551,0.5046439628482973,0.13046887076175695
time_respecting,mechanistic_activity,400,72,0.5424013728370444,0.547296134900271,0.046555141142101054,72,0.5041023259505337,0.508199372491565,0.06829158515673747
time_respecting,mechanistic_activity,800,72,0.5507098935571029,0.5539693814188902,0.04918784986038585,72,0.5205923096510089,0.5148062129746673,0.0571564790533746
time_respecting,mechanistic_activity,1600,72,0.5660398516864883,0.5669166091729207,0.05311444864366372,72,0.5390620644961838,0.5334030505974322,0.043363800648159666
time_respecting,mechanistic_activity,3200,72,0.5850727366301256,0.5835369023333865,0.0601486434831113,72,0.5500532601150508,0.5496374912346063,0.04279817677205191
time_respecting,mechanistic_dar,100,427,0.5395673923123733,0.5375609756097561,0.08624517312620271,427,0.4740535972347684,0.4782608695652174,0.11927450034861443
time_respecting,mechanistic_dar,400,432,0.5363740187424215,0.5315685180593437,0.05885814955278707,432,0.47573050148723767,0.48116505236632806,0.06959855881826228
time_respecting,mechanistic_dar,800,432,0.5398775950808238,0.5323474321337114,0.05092579343730885,432,0.480762352115312,0.48505781342111864,0.05816155778334368
time_respecting,mechanistic_dar,1600,432,0.5512429850968442,0.5440591150871348,0.05036664539988759,432,0.49352688663123784,0.49761902245380135,0.05235121299810779
time_respecting,mechanistic_dar,3200,432,0.5681957692445482,0.5579512706931442,0.054035111245525735,432,0.5096778847957723,0.5101280448545445,0.05286951533531245
time_respecting,mechanistic_dar_correlated,100,192,0.5454265252215267,0.5488667215137804,0.0724268866682985,192,0.48645281769565324,0.48092713225268896,0.09756774974874799
time_respecting,mechanistic_dar_correlated,400,192,0.5518056344326697,0.5403546067549827,0.05085324431168004,192,0.49573153548408544,0.4913160833953834,0.054776333185838674
time_respecting,mechanistic_dar_correlated,800,192,0.5596731873131726,0.5597309873427745,0.04502904664510049,192,0.5066254033664475,0.5008938338109393,0.04849232524662324
time_respecting,mechanistic_dar_correlated,1600,192,0.5700020072333101,0.5672731087499392,0.04544162579289174,192,0.5191073802095765,0.5110385342396003,0.04615305283868252
time_respecting,mechanistic_dar_correlated,3200,192,0.5862899342605538,0.582086595717232,0.049061044800159236,192,0.5359922854895436,0.531622561377272,0.05037474979142787
time_respecting,mechanistic_dar_heterogeneous,100,384,0.5419276634097928,0.5403832715153469,0.06856682718148763,384,0.48517859584342865,0.49063408521303253,0.09943845896577631
time_respecting,mechanistic_dar_heterogeneous,400,384,0.549666384336026,0.5453557113453116,0.05064327143864931,384,0.49369940307793697,0.49181688041291594,0.05678091417391283
time_respecting,mechanistic_dar_heterogeneous,800,384,0.5563704584054933,0.5523764286943635,0.04554105196281517,384,0.5006383018529301,0.49851827926676573,0.04913021662202835
time_respecting,mechanistic_dar_heterogeneous,1600,384,0.5674344713533885,0.563813549459288,0.048152468873120816,384,0.5128355934654247,0.5065074110269709,0.04898346995211455
time_respecting,mechanistic_dar_heterogeneous,3200,384,0.5838387586275731,0.5793433031860693,0.0514696872248978,384,0.5297846686665322,0.5259612846754027,0.05037342487496357
time_respecting,mechanistic_renewal,100,144,0.5078363587864805,0.5087521975664115,0.034012567730542884,144,0.16440920485649582,0.1668015538381989,0.07780048347574012
time_respecting,mechanistic_renewal,400,144,0.4794016263198146,0.4806455416092287,0.030208741170122264,144,0.1701947805758238,0.16851563097926492,0.05929961505203731
time_respecting,mechanistic_renewal,800,144,0.4556859463039534,0.46229269999549255,0.035834753382505996,144,0.18004309067978494,0.16878752003325387,0.05850423063407095
time_respecting,mechanistic_renewal,1600,144,0.423158574186082,0.4327690561943844,0.04438242466138311,144,0.19661081152488918,0.187856146819804,0.05955009682421816
time_respecting,mechanistic_renewal,3200,144,0.39511915517076823,0.39250252727888524,0.049598749352167175,144,0.23556030471932482,0.2484413738015397,0.06513346014667759
time_respecting,real_chunk,100,44,0.5292528401222479,0.5229282884630932,0.05885619291069251,44,0.5347113967069786,0.5249495489078823,0.10807985561292408
time_respecting,real_chunk,400,44,0.5349345797791226,0.5251342760186479,0.044683882000502155,44,0.5252324766983806,0.5345684584473822,0.06342006996286655
time_respecting,real_chunk,800,44,0.5444462189869334,0.5339730149933808,0.0436279926758363,44,0.5271543524020118,0.5246542585495958,0.058963302266128524
time_respecting,real_chunk,1600,44,0.5546675251625944,0.5470977161327477,0.04533214110375837,44,0.5373881986894093,0.5396095856229215,0.0510751920968611
time_respecting,real_chunk,3200,44,0.5735353352436996,0.5744389034590398,0.051872032352583246,44,0.5504372098254069,0.5577291942091434,0.0472151617502289
time_respecting,real_controlled,100,778,0.5371432275995119,0.5417363433667781,0.08696562307105461,778,0.6256296351194808,0.5766675185279836,0.20452471216390683
time_respecting,real_controlled,400,784,0.5412816664560238,0.5396392501691415,0.06788220501430163,784,0.628745396360999,0.5657698959998312,0.1883815601520752
time_respecting,real_controlled,800,784,0.5465345174207097,0.5401015029448826,0.06796631888424191,784,0.6285413490608627,0.565773974091135,0.18531237229729441
time_respecting,real_controlled,1600,784,0.5549463993693591,0.5420875749965902,0.06990659386546928,784,0.6314207419202882,0.5716757581860595,0.18096883461447855
time_respecting,real_controlled,3200,784,0.5649617715809971,0.5476928874490204,0.07536354898425209,784,0.6336640752062735,0.5804835099387606,0.1761636428360132
time_respecting,real_empirical,100,32,0.538384243090445,0.5370792483660131,0.06861272783625412,32,0.5681834358131658,0.5432552417629439,0.1436684596479519
time_respecting,real_empirical,400,32,0.5624422209942501,0.572821619650795,0.05997183332270532,32,0.5681576089870454,0.5595878060017936,0.09665408375205452
time_respecting,real_empirical,800,32,0.5698406332347367,0.588285324469747,0.052300150394634405,32,0.5795857664307444,0.5499304593918136,0.09406704554057832
time_respecting,real_empirical,1600,32,0.5822124654530854,0.587369758623415,0.05201638223441683,32,0.5837685812756406,0.544999523366936,0.08848438586853419
time_respecting,real_empirical,3200,32,0.5944396111967658,0.5960315356276296,0.058335661726920146,32,0.590571651656864,0.5591528903894318,0.08094874994610833
time_respecting,real_shuffle_edge_rewire,100,56,0.5683881169633466,0.5753497072218607,0.08042203209186519,56,0.5596488921069891,0.5593656901688182,0.14025716230616947
time_respecting,real_shuffle_edge_rewire,400,56,0.5740839749864639,0.5732866158096155,0.053906045422253836,56,0.552975545106588,0.5313000050410123,0.10820230832496168
time_respecting,real_shuffle_edge_rewire,800,56,0.5815064280824761,0.5806008344463076,0.04792870050484899,56,0.549894829911331,0.526077864859162,0.09616176566537338
time_respecting,real_shuffle_edge_rewire,1600,56,0.5841085970628279,0.5783780408954274,0.04963312312376234,56,0.5500628742842347,0.5161176290273674,0.09202674632510617
time_respecting,real_shuffle_edge_rewire,3200,56,0.5976141936368526,0.5862406132081843,0.049395890420426206,56,0.554964004327289,0.5230654888072923,0.08738714846214114
time_respecting,real_shuffle_global,100,50,0.5623501598977758,0.5518360949395432,0.054072133075475606,50,0.5915828436777808,0.6074929971988795,0.19572951656395074
time_respecting,real_shuffle_global,400,56,0.588519305860841,0.5799945011513215,0.07069837940194362,56,0.6142848400447932,0.6235120020323808,0.13884405068844588
time_respecting,real_shuffle_global,800,56,0.6048079919326914,0.5832982998633405,0.07408590094655312,56,0.6202072875431505,0.6252425271110438,0.09147686072041665
time_respecting,real_shuffle_global,1600,56,0.6242061593824196,0.6083640542817828,0.07264617199649015,56,0.633959072864595,0.642481081474392,0.0818732560545057
time_respecting,real_shuffle_global,3200,56,0.6431327201433673,0.6413152841017985,0.07292472072892617,56,0.6458833098357263,0.6605248138867997,0.06365036342814884
time_respecting,real_shuffle_lifetime_resample,100,56,0.514090117700148,0.5148407148407148,0.08974918894685818,56,0.528439445128573,0.49808398095845846,0.1351856296125252
time_respecting,real_shuffle_lifetime_resample,400,56,0.5445089087622476,0.547448081222501,0.05936534091509555,56,0.5438953239127061,0.49948501921183125,0.125160734440093
time_respecting,real_shuffle_lifetime_resample,800,56,0.5545499551376291,0.5657666284590143,0.05917979839932335,56,0.5457532773475551,0.49882054674588805,0.11726659935883632
time_respecting,real_shuffle_lifetime_resample,1600,56,0.5683842212661082,0.5723782122660754,0.06714448229713357,56,0.557079001326481,0.5120165692431913,0.11353377476249339
time_respecting,real_shuffle_lifetime_resample,3200,56,0.5859045425819526,0.5828703690614709,0.06766514679270584,56,0.5688052854883027,0.532700279575046,0.1008309167969345
time_respecting,real_shuffle_within_window,100,56,0.5564414563675727,0.550412087912088,0.06094706442261801,56,0.5659568212583471,0.5597280735784891,0.12741188792575817
time_respecting,real_shuffle_within_window,400,56,0.5610403815291128,0.5538591252901741,0.05317670200731497,56,0.5795980827183964,0.5782806603119104,0.09590942022962923
time_respecting,real_shuffle_within_window,800,56,0.5778529043013394,0.5800785477230919,0.05511592240859728,56,0.5860570559070528,0.5963702725819755,0.08167434798153453
time_respecting,real_shuffle_within_window,1600,56,0.5921464108104971,0.5955277883678756,0.051902400477913516,56,0.5988658880927459,0.6032862825132042,0.07737440892793335
time_respecting,real_shuffle_within_window,3200,56,0.606496766004452,0.6134996594947388,0.04882650599448066,56,0.5978821845054129,0.5948705054811301,0.06544025945252845
time_respecting,synthetic_controlled,100,670,0.4870690450648328,0.4906521093285799,0.06451243150676765,670,0.5231794299090431,0.5247731688161376,0.09788633289449587
time_respecting,synthetic_controlled,400,672,0.4954342878755663,0.4952090097402597,0.043085171661261315,672,0.524375555110594,0.5242662459194328,0.050223389952361294
time_respecting,synthetic_controlled,800,672,0.5009927919929738,0.5016976779207225,0.03679113222407049,672,0.5272678963121853,0.5279210395844207,0.037821693856280196
time_respecting,synthetic_controlled,1600,672,0.5118198648366984,0.5093700412585478,0.03367578207126377,672,0.5368673424894503,0.5367618427303665,0.03235206173472042
time_respecting,synthetic_controlled,3200,672,0.5259274659795918,0.5243714687405421,0.03213660452508646,672,0.5491097452974114,0.5476405492961784,0.028865789873581505
time_respecting_multistart3,mechanistic_activity,100,71,0.5341707243723847,0.5319148936170213,0.04146908856398868,71,0.5235557405996916,0.5066287878787878,0.15374999270150186
time_respecting_multistart3,mechanistic_activity,400,72,0.5443914395363594,0.5389681124975243,0.04273298214591294,72,0.5244590823503915,0.528784663059616,0.07540972900795884
time_respecting_multistart3,mechanistic_activity,800,72,0.5558065225586457,0.555963717682814,0.04824074605686184,72,0.5188151663489676,0.5163979230466249,0.049296566844200515
time_respecting_multistart3,mechanistic_activity,1600,72,0.5676338447146335,0.5675846985652149,0.05782435423557138,72,0.5347913574679687,0.5358488670325938,0.04256998418453168
time_respecting_multistart3,mechanistic_activity,3200,72,0.5870100121508742,0.5891833443990684,0.062167491017542056,72,0.5511360317610711,0.548455966201588,0.04147449355826257
time_respecting_multistart3,mechanistic_dar,100,429,0.537227664176361,0.5367647058823529,0.08217198528743659,429,0.4634018966651131,0.469551282051282,0.11672429942166287
time_respecting_multistart3,mechanistic_dar,400,432,0.539258178246934,0.532311769005848,0.051462013853687205,432,0.47514253293580344,0.47755213433106736,0.06768241971925242
time_respecting_multistart3,mechanistic_dar,800,432,0.543384878982361,0.537126049833861,0.0494028831279307,432,0.48236710940988264,0.4860027427459316,0.0536755449556689
time_respecting_multistart3,mechanistic_dar,1600,432,0.5532568410195488,0.544456663888518,0.048519504200810144,432,0.4960000904127774,0.4987451252747614,0.05166709678205883
time_respecting_multistart3,mechanistic_dar,3200,432,0.5682158355682075,0.5598531708582459,0.05630584464967981,432,0.5132287625796123,0.5150434183073627,0.054331226030468416
time_respecting_multistart3,mechanistic_dar_correlated,100,192,0.5438052157737515,0.539940794499618,0.07547339077700878,192,0.48149160534172125,0.48339460784313726,0.0868549608944782
time_respecting_multistart3,mechanistic_dar_correlated,400,192,0.5479116211749782,0.5418019892159089,0.05119215076853899,192,0.49881241706527546,0.49547548455202295,0.04956005476231857
time_respecting_multistart3,mechanistic_dar_correlated,800,192,0.5573848911370183,0.5544204166083784,0.04375899267893448,192,0.507796088749361,0.5029047050241249,0.04877445117590379
time_respecting_multistart3,mechanistic_dar_correlated,1600,192,0.5697791387241478,0.5701875927571103,0.04467436770886212,192,0.5203405581606628,0.5132656266588738,0.046472567860578885
time_respecting_multistart3,mechanistic_dar_correlated,3200,192,0.5860983396752976,0.5847458421731244,0.04893824500804606,192,0.5374404780295744,0.5312102611863659,0.049265163488690804
time_respecting_multistart3,mechanistic_dar_heterogeneous,100,384,0.5483931302698033,0.5495901639344263,0.07258304866895168,384,0.48620224545355434,0.49019741048593346,0.0951263347257165
time_respecting_multistart3,mechanistic_dar_heterogeneous,400,384,0.5472051825247957,0.5453351740746123,0.04809210424703771,384,0.49571145845801096,0.4927996365681407,0.05349017842809459
time_respecting_multistart3,mechanistic_dar_heterogeneous,800,384,0.5548436056747537,0.5509150677629879,0.04439334309785268,384,0.5015447157341509,0.4979570168883885,0.04945132485853996
time_respecting_multistart3,mechanistic_dar_heterogeneous,1600,384,0.5659613175566979,0.5608298859075178,0.046435576872017936,384,0.5136666003595898,0.5104320823349315,0.04862886817857351
time_respecting_multistart3,mechanistic_dar_heterogeneous,3200,384,0.5822166593329996,0.5760884954022671,0.05056032154746171,384,0.5307834441596139,0.5240134926992152,0.04988583634828678
time_respecting_multistart3,mechanistic_renewal,100,144,0.5097952896866105,0.50815649867374,0.03097126732310139,144,0.1765964034950664,0.17657521344149724,0.08448632459292257
time_respecting_multistart3,mechanistic_renewal,400,144,0.48400536708130015,0.48875637563756374,0.03039103595895974,144,0.1759705251895126,0.16387480622006984,0.06355222788429342
time_respecting_multistart3,mechanistic_renewal,800,144,0.4577997778164402,0.46526974783165886,0.038254133758401455,144,0.1815568972465112,0.17153619696960726,0.06095725345912333
time_respecting_multistart3,mechanistic_renewal,1600,144,0.4233851962935007,0.4322369997588372,0.04497426641686367,144,0.19976768757086527,0.1905131801567575,0.06224072399013877
time_respecting_multistart3,mechanistic_renewal,3200,144,0.39593978273967145,0.3958861629811623,0.050836190471926286,144,0.23536208762671887,0.248097753212316,0.0660815733490966
time_respecting_multistart3,real_chunk,100,44,0.5389687354334037,0.538852093091335,0.06592345564737025,44,0.5080085894901107,0.5108616712235133,0.12493893549511922
time_respecting_multistart3,real_chunk,400,44,0.5413726032904834,0.5455181213738969,0.05088267112004855,44,0.5321781811083384,0.5237216449216089,0.07275271872492828
time_respecting_multistart3,real_chunk,800,44,0.5476996573789799,0.5599295543491007,0.04698051078204151,44,0.533583403346095,0.5360324570296331,0.06055805459290901
time_respecting_multistart3,real_chunk,1600,44,0.5561177832757948,0.5539615126080302,0.047474124545083665,44,0.5414506236511437,0.5476992241962702,0.05393698979268192
time_respecting_multistart3,real_chunk,3200,44,0.572143126955955,0.5797404749897902,0.05474248715329681,44,0.5485184158301366,0.5490631393423171,0.04889541626062909
time_respecting_multistart3,real_controlled,100,770,0.5305171612789724,0.5365575396825397,0.08861268971110374,770,0.6227975906874469,0.5739514802631579,0.20451694940654364
time_respecting_multistart3,real_controlled,400,784,0.5381740070940678,0.5389576560806868,0.07098140287100196,784,0.6250098517830301,0.5619708994708994,0.19102171600006776
time_respecting_multistart3,real_controlled,800,784,0.5462262931371445,0.5401822390032126,0.06644740774818679,784,0.6279173862089471,0.5635970113861879,0.18515241358334694
time_respecting_multistart3,real_controlled,1600,784,0.55508296352823,0.5442248274224915,0.0699693323831416,784,0.6313514370748233,0.5759954648526078,0.1805550170492795
time_respecting_multistart3,real_controlled,3200,784,0.5651868994028013,0.546772799234942,0.07539140383736051,784,0.6336729799659364,0.5857849239604165,0.1752086664403108
time_respecting_multistart3,real_empirical,100,32,0.5465115329225725,0.546165817770232,0.0693452275364302,32,0.541861813634018,0.5516091749644381,0.135781166474209
time_respecting_multistart3,real_empirical,400,32,0.5456876474804864,0.5585501897116898,0.0583308540013959,32,0.5827134582802072,0.5564016943990002,0.09662842751167251
time_respecting_multistart3,real_empirical,800,32,0.5529551194452774,0.5537363819252448,0.057090887380828785,32,0.5759939984188186,0.5417821499678108,0.09390241718020113
time_respecting_multistart3,real_empirical,1600,32,0.5716431512132182,0.5723484496469182,0.04958358099523489,32,0.5819197292766491,0.5494567910088146,0.0806702063179514
time_respecting_multistart3,real_empirical,3200,32,0.5944612771840636,0.5999374270637785,0.0547534918021476,32,0.5940130130295087,0.5684726864836319,0.0782783606721291
time_respecting_multistart3,real_shuffle_edge_rewire,100,55,0.5657834690244048,0.5873015873015873,0.08083207264775083,55,0.5409330816750034,0.5363984674329502,0.1362166583750823
time_respecting_multistart3,real_shuffle_edge_rewire,400,56,0.5709033467187107,0.5771858549296727,0.055465348864705374,56,0.5450283454351865,0.50123970557699,0.11348408979779476
time_respecting_multistart3,real_shuffle_edge_rewire,800,56,0.5789216413517859,0.5853362388585226,0.05273706543212233,56,0.5542425872720155,0.5117178122460229,0.10498063762727916
time_respecting_multistart3,real_shuffle_edge_rewire,1600,56,0.5899726289121888,0.6008487918286991,0.0532414371435162,56,0.5555771372382579,0.5186679248713358,0.09505255979548573
time_respecting_multistart3,real_shuffle_edge_rewire,3200,56,0.6028928017173414,0.6014735889719454,0.05177531660408512,56,0.5569412135115628,0.5237998976992373,0.08750875018898797
time_respecting_multistart3,real_shuffle_global,100,49,0.5494128576709726,0.5472972972972973,0.04861850967323411,49,0.508583335671112,0.5396825396825397,0.2056447303135868
time_respecting_multistart3,real_shuffle_global,400,55,0.5797271924702714,0.5632577754348972,0.06726721773810437,55,0.6029413277224154,0.5861442904921166,0.1361372867752061
time_respecting_multistart3,real_shuffle_global,800,56,0.6047466027181795,0.5905212289987539,0.07374363842291744,56,0.6130441675231936,0.605763592750533,0.10063830602458523
time_respecting_multistart3,real_shuffle_global,1600,56,0.6223566896024764,0.6048521817569983,0.07620318772774001,56,0.6276603842806666,0.6313066228602706,0.08224310224292518
time_respecting_multistart3,real_shuffle_global,3200,56,0.6462998510638911,0.6358374831414046,0.07833741705908738,56,0.6481624941408264,0.6600596089184683,0.06993954136445998
time_respecting_multistart3,real_shuffle_lifetime_resample,100,55,0.5390821312500412,0.5317460317460317,0.06280354878515065,55,0.5427831810369245,0.5182072829131653,0.16781505861754253
time_respecting_multistart3,real_shuffle_lifetime_resample,400,56,0.5483052650187455,0.5551925796387578,0.06057615146540255,56,0.5553900588382594,0.5175291158010388,0.12440869173743462
time_respecting_multistart3,real_shuffle_lifetime_resample,800,56,0.5538842151994583,0.5719824105449443,0.0648625321754754,56,0.5561794301229566,0.5259318457684791,0.1153373151873817
time_respecting_multistart3,real_shuffle_lifetime_resample,1600,56,0.565660232599647,0.5764669400332827,0.070265090555479,56,0.5585755144001118,0.5158859867481622,0.11146605192422945
time_respecting_multistart3,real_shuffle_lifetime_resample,3200,56,0.5841912740778473,0.5819673677277142,0.07246680839457983,56,0.5672000300461932,0.5257189209998108,0.10178745642543402
time_respecting_multistart3,real_shuffle_within_window,100,56,0.5442726692548018,0.5334183673469388,0.062032820240563086,56,0.587740729346278,0.5808183252402319,0.11799649151335131
time_respecting_multistart3,real_shuffle_within_window,400,56,0.5695143130892765,0.5662721681922197,0.052855690002202776,56,0.5999148272365152,0.5882613164916519,0.08530257444128493
time_respecting_multistart3,real_shuffle_within_window,800,56,0.5795604040478299,0.5795849342789023,0.05008879647080673,56,0.5976267604884703,0.5990110698061986,0.07439540523742816
time_respecting_multistart3,real_shuffle_within_window,1600,56,0.590852900914285,0.5958166765924713,0.046032759851274835,56,0.5947393008461803,0.58789292498372,0.07298263221038283
time_respecting_multistart3,real_shuffle_within_window,3200,56,0.6039007105992402,0.6000580757123424,0.04533130548918425,56,0.6022761828449433,0.5956702026213374,0.06677955133246043
time_respecting_multistart3,synthetic_controlled,100,671,0.4946531518954262,0.4946428571428571,0.07257626599517916,671,0.5140144613322615,0.5149456521739131,0.09794703075421947
time_respecting_multistart3,synthetic_controlled,400,672,0.49718266329411903,0.4977840786913515,0.04153428841950286,672,0.5219294189178522,0.52166421181418,0.04980663412617367
time_respecting_multistart3,synthetic_controlled,800,672,0.5028844275824004,0.503217770553235,0.03560816815137951,672,0.5287243868402814,0.5275955615727828,0.038779011872632184
time_respecting_multistart3,synthetic_controlled,1600,672,0.5129536134720685,0.5115865168883242,0.032401310867193396,672,0.5372451062802057,0.5368894197499159,0.03179286847695654
time_respecting_multistart3,synthetic_controlled,3200,672,0.5282350019084664,0.5265261967033833,0.03250766763376967,672,0.5498254588514228,0.5490494489683682,0.02837411146932134
