target,strategy,model,input,protocol,slice_type,slice_value,n,n_groups,mae,mae_group_macro,mae_worst_group,mae_p90_group,rmse,bias,spearman
rho_W5_k2,recency_biased,extra_trees,combined,group_kfold,overall,all,14900,38,0.0800257167542313,0.07293093589016,0.1584770139425047,0.1222142736991181,0.1123767437955221,0.0061177335312507,0.8443254037498731
rho_W5_k2,recency_biased,extra_trees,combined_plus_estimators,group_kfold,overall,all,14900,38,0.079935511945919,0.0733030465669411,0.1694130734936917,0.122759583630068,0.1144000268510757,0.0095564741504407,0.8389387757549678
rho_W5_k2,recency_biased,random_forest,combined_plus_estimators,group_kfold,overall,all,14900,38,0.0806409695537057,0.0743808240291871,0.1704565747860106,0.1218998501997891,0.1164246217291342,0.009251009031345,0.834878952886999
rho_W5_k2,recency_biased,random_forest,combined,group_kfold,overall,all,14900,38,0.0812341204373802,0.0744186009007484,0.1575748976892508,0.1153760569450007,0.1130032997710882,0.0071264676097199,0.8419533433526494
rho_W5_k2,recency_biased,hist_gradient_boosting,combined,group_kfold,overall,all,14900,38,0.0837369326711062,0.0788055717455983,0.1660964254146402,0.1222560715828931,0.1150703659896445,0.0049201365541165,0.8361791025420463
rho_W5_k2,recency_biased,hist_gradient_boosting,combined_plus_estimators,group_kfold,overall,all,14900,38,0.0841854518617377,0.0793184919096929,0.1641572209540567,0.1352284606715622,0.117862100439998,0.0032128904051553,0.8279232212503559
rho_W5_k2,recency_biased,extra_trees,patterns,group_kfold,overall,all,14900,38,0.0879459089849107,0.0843998430662428,0.1613158612403587,0.1352653512519461,0.120946892710123,0.0073796208907466,0.8186219457528767
rho_W5_k2,recency_biased,extra_trees,occupancy,group_kfold,overall,all,14900,38,0.0911523118431916,0.0852806077193712,0.1876557633965399,0.1105503410915531,0.1239492989159445,0.0022130000896655,0.8021694488296905
rho_W5_k2,recency_biased,extra_trees,crawl,group_kfold,overall,all,14900,38,0.1164140178641091,0.0966997130987937,0.1867590627830626,0.1540602435002765,0.1551184756450011,0.0110363422154479,0.6908840108653866
rho_W5_k2,recency_biased,ridge,combined,group_kfold,overall,all,14900,38,0.1032963914843795,0.1035087714873715,0.2182421143750825,0.1502369129430431,0.1367204434158821,0.0127028718801991,0.7768365864046964
rho_W5_k2,recency_biased,beta_mle_block_lofo,analytical,group_kfold,overall,all,14900,38,0.125280650542684,0.1278494332400874,0.2685899065880235,0.1971168983679236,0.1728437949700604,-0.00543391483613,0.7274153666230756
rho_W5_k2,recency_biased,mask_mle,analytical,group_kfold,overall,all,14900,38,0.121249297939775,0.1279483765550172,0.1918614451914816,0.1778505928565523,0.1618539605678267,-0.0302921415835823,0.7392534196135925
rho_W5_k2,recency_biased,occ_mle,analytical,group_kfold,overall,all,14900,38,0.1310237157620913,0.137181403443414,0.2128918746261887,0.1886531602137212,0.1759832268926481,-0.0436409222453515,0.7309506257278254
rho_W5_k2,recency_biased,beta_mle_lofo,analytical,group_kfold,overall,all,14900,38,0.1317337084315836,0.1404651826088274,0.2241104793587053,0.2064839571820396,0.1756837101770773,-0.0409563454597557,0.728385325016882
rho_W5_k2,recency_biased,conditional,analytical,group_kfold,overall,all,14885,38,0.1699460124570976,0.1646238377479375,0.3209188667156881,0.2702910179092415,0.2173807829222966,-0.1576160440420364,0.7264465903255181
rho_W5_k2,recency_biased,mean_floor,none,group_kfold,overall,all,14900,38,0.1846882198962498,0.1964351708396307,0.3963475084053129,0.2140568916236125,0.2202884786417603,-7.912402241624901e-06,-0.1407200312856117
rho_W5_k2,recency_biased,plugin,analytical,group_kfold,overall,all,14900,38,0.3148802545293664,0.3294634813183795,0.5180434249861191,0.479564436805979,0.3664243456891312,-0.3148751428134791,0.558232241827279
rho_W5_k2,recent_history_k20,random_forest,combined_plus_estimators,group_kfold,overall,all,14900,38,0.0753538716359273,0.0648347684753057,0.1468327012654927,0.1188499118357615,0.1089201668499368,0.0014213559413558,0.8522240034738727
rho_W5_k2,recent_history_k20,extra_trees,combined_plus_estimators,group_kfold,overall,all,14900,38,0.0750107391168864,0.065304673557936,0.1552276556366436,0.1165319586578707,0.1086606394040855,0.0016199491549545,0.854168772735399
rho_W5_k2,recent_history_k20,extra_trees,combined,group_kfold,overall,all,14900,38,0.0767274342715222,0.0653387313449287,0.1617039982239176,0.1103167261789248,0.1094018856684522,0.0003411762113176,0.8516502841651149
rho_W5_k2,recent_history_k20,random_forest,combined,group_kfold,overall,all,14900,38,0.0778638870369757,0.06609730420572,0.1544014208890757,0.1195901313169928,0.1101441302431475,0.0018529861456009,0.8498632793853379
rho_W5_k2,recent_history_k20,hist_gradient_boosting,combined_plus_estimators,group_kfold,overall,all,14900,38,0.079134144668211,0.0700149707137248,0.1586064798227071,0.116327441699726,0.1094817219535773,0.0044899295519266,0.8521968001427535
rho_W5_k2,recent_history_k20,hist_gradient_boosting,combined,group_kfold,overall,all,14900,38,0.0783404868163222,0.0702485918146617,0.1634560416863428,0.1136833625379528,0.1072429176250324,0.001511929162086,0.8588232865652261
rho_W5_k2,recent_history_k20,extra_trees,patterns,group_kfold,overall,all,14900,38,0.0851159729352518,0.0765012049875753,0.1879320807181279,0.1216689048636996,0.1188494613491612,0.0008312456777849,0.8264692610303666
rho_W5_k2,recent_history_k20,extra_trees,occupancy,group_kfold,overall,all,14900,38,0.0880635831688909,0.0826903265178769,0.1562142795199689,0.1144381544971635,0.1203582106818084,-0.003346511431149,0.819307497573944
rho_W5_k2,recent_history_k20,extra_trees,crawl,group_kfold,overall,all,14900,38,0.1098136002792933,0.0900676963418063,0.2232694283734952,0.1382165587649463,0.1471817084334633,0.0038093956856105,0.7341171392921595
rho_W5_k2,recent_history_k20,ridge,combined,group_kfold,overall,all,14900,38,0.1065495432780941,0.099188746576977,0.222764903730351,0.1464877675851487,0.1422815288430992,0.0019301904660004,0.7591954792288952
rho_W5_k2,recent_history_k20,conditional,analytical,group_kfold,overall,all,14883,38,0.1511421057203856,0.1262354898235936,0.2567514643812709,0.1869248885930739,0.1958243791757528,-0.1360813747165629,0.7739405295002673
rho_W5_k2,recent_history_k20,beta_mle_block_lofo,analytical,group_kfold,overall,all,14900,38,0.1223894047980181,0.1273707820820124,0.2502818640378338,0.2140194181232966,0.1724851642977005,0.0043079784490959,0.7645884259381458
rho_W5_k2,recent_history_k20,beta_mle_lofo,analytical,group_kfold,overall,all,14900,38,0.1258861529516384,0.1293867273823765,0.2637075694559037,0.2140194181232966,0.1761977136313382,-0.022290581522385,0.766420408348462
rho_W5_k2,recent_history_k20,occ_mle,analytical,group_kfold,overall,all,14900,38,0.1271147710092054,0.1295259432603327,0.2641372447675001,0.1959282094758841,0.1778907031678128,-0.0212562861839137,0.7674390497385506
rho_W5_k2,recent_history_k20,mask_mle,analytical,group_kfold,overall,all,14900,38,0.1268525978728424,0.1374713719656636,0.2632508852678257,0.2083377584963029,0.1718425007974448,-0.0075820713072677,0.7551402089045208
rho_W5_k2,recent_history_k20,mean_floor,none,group_kfold,overall,all,14900,38,0.1846882198962498,0.1964351708396307,0.3963475084053129,0.2140568916236125,0.2202884786417603,-7.912402241624901e-06,-0.1407200312856117
rho_W5_k2,recent_history_k20,plugin,analytical,group_kfold,overall,all,14900,38,0.3160109200566683,0.3235931980686091,0.4964146178257321,0.4430886889598796,0.3639518325444306,-0.3160054497035225,0.6276356507565934
rho_W5_k2,recent_history_k5,extra_trees,combined_plus_estimators,group_kfold,overall,all,14900,38,0.0755000571160907,0.0623210173602736,0.1658662919605669,0.1202642512324533,0.1110787180688952,0.0016076764398549,0.8489101191712665
rho_W5_k2,recent_history_k5,random_forest,combined_plus_estimators,group_kfold,overall,all,14900,38,0.0767546131661313,0.0630510314451826,0.1657505337679469,0.1223276006067167,0.1137334417205748,-0.0019006272614004,0.8415803049815263
rho_W5_k2,recent_history_k5,extra_trees,combined,group_kfold,overall,all,14900,38,0.0781531242492438,0.0633857067231283,0.1650361617624852,0.1245459123992507,0.1124764691267966,0.0014588965209639,0.8430487821889296
rho_W5_k2,recent_history_k5,random_forest,combined,group_kfold,overall,all,14900,38,0.0821876866417685,0.0671170572220936,0.1868441068174362,0.1250128535460481,0.1188146419526662,0.0027283542338385,0.8248676570159852
rho_W5_k2,recent_history_k5,hist_gradient_boosting,combined_plus_estimators,group_kfold,overall,all,14900,38,0.0807210171481941,0.0690259490214223,0.1740220842662427,0.1213665335861498,0.1148174932468617,0.0001353070152311,0.8374928469992922
rho_W5_k2,recent_history_k5,hist_gradient_boosting,combined,group_kfold,overall,all,14900,38,0.0847624215391988,0.071513211705418,0.1804382424232503,0.1282920054699819,0.1197032309261923,0.0001379549806542,0.8250590364338345
rho_W5_k2,recent_history_k5,extra_trees,crawl,group_kfold,overall,all,14900,38,0.0960843062549228,0.0738469091012973,0.2033139610733063,0.1308063041384473,0.1351443249782169,0.0018672573913487,0.7832227609700858
rho_W5_k2,recent_history_k5,extra_trees,patterns,group_kfold,overall,all,14900,38,0.0869718760250012,0.0788092836107051,0.1764076274244927,0.1328369536750113,0.1200132758970388,0.0021110576659251,0.8221502624044663
rho_W5_k2,recent_history_k5,extra_trees,occupancy,group_kfold,overall,all,14900,38,0.0884623446373063,0.0799264534196247,0.1644118862642402,0.1216156027277935,0.1221578159643846,-0.0023507346228573,0.812324988729215
rho_W5_k2,recent_history_k5,ridge,combined,group_kfold,overall,all,14900,38,0.1012668928223836,0.0989811883880736,0.1799278522202575,0.1471664038774912,0.1355985404025297,0.0031641084282855,0.7795653207647617
rho_W5_k2,recent_history_k5,conditional,analytical,group_kfold,overall,all,14881,38,0.1508556393315584,0.1332987705966091,0.2837828837865861,0.222559840256364,0.2052287421732845,-0.1286666531409715,0.7261476736589978
rho_W5_k2,recent_history_k5,beta_mle_block_lofo,analytical,group_kfold,overall,all,14900,38,0.1487120043070417,0.1637134046787802,0.3042170078268202,0.2788712339899846,0.1953854680061837,0.0136522888845667,0.733758842815185
rho_W5_k2,recent_history_k5,occ_mle,analytical,group_kfold,overall,all,14900,38,0.1571403425782573,0.1659342377781731,0.2814640862188582,0.2627118197438159,0.2052062029355385,-0.0102237211039184,0.7259233056914249
rho_W5_k2,recent_history_k5,mask_mle,analytical,group_kfold,overall,all,14900,38,0.1534195019430489,0.1662492783912781,0.2986479059894231,0.273664263034433,0.2007427619882453,-0.0070514522709676,0.7228395253086283
rho_W5_k2,recent_history_k5,beta_mle_lofo,analytical,group_kfold,overall,all,14900,38,0.1565730669664478,0.1677224172682153,0.3042170078268202,0.2825744966475521,0.2046921765876942,-0.0115772863671904,0.7216035722438858
rho_W5_k2,recent_history_k5,mean_floor,none,group_kfold,overall,all,14900,38,0.1846882198962498,0.1964351708396307,0.3963475084053129,0.2140568916236125,0.2202884786417603,-7.912402241624901e-06,-0.1407200312856117
rho_W5_k2,recent_history_k5,plugin,analytical,group_kfold,overall,all,14900,38,0.302061510572283,0.3102596858060479,0.501983536052176,0.4463004484646702,0.3525119434770182,-0.3020472655867496,0.5965174837052062
rho_W5_k2,time_agnostic,mean_floor,none,group_kfold,overall,all,640,22,0.2290427714133808,0.2312482425254487,0.4265603475215173,0.3396043036182218,0.2614539617184545,0.0007165874430739,-0.3265749427002328
rho_W5_k2,time_agnostic,ridge,combined,group_kfold,overall,all,640,22,0.2351648774675657,0.24336489200799,0.4837099496870539,0.3401350429932875,0.2672610882897031,-0.0130781918726475,0.1568633453218049
rho_W5_k2,time_agnostic,random_forest,combined,group_kfold,overall,all,640,22,0.2451834717639432,0.2546344090457401,0.6383527653991934,0.3779233146399559,0.2840896843177285,0.0248625798519347,0.1293257106720338
rho_W5_k2,time_agnostic,random_forest,combined_plus_estimators,group_kfold,overall,all,640,22,0.2451834717639432,0.2546344090457401,0.6383527653991934,0.3779233146399559,0.2840896843177285,0.0248625798519347,0.1293257106720338
rho_W5_k2,time_agnostic,extra_trees,crawl,group_kfold,overall,all,640,22,0.2447826820989345,0.2549613921195899,0.6380923101872019,0.3948521985677299,0.2846082947368146,0.02495845778568,0.1367240552291921
rho_W5_k2,time_agnostic,extra_trees,combined,group_kfold,overall,all,640,22,0.2459731301211433,0.2567024465406596,0.6342097378148633,0.3954193474708403,0.2856041203723715,0.0251361681145566,0.1241651241917414
rho_W5_k2,time_agnostic,extra_trees,combined_plus_estimators,group_kfold,overall,all,640,22,0.2459731301211433,0.2567024465406596,0.6342097378148633,0.3954193474708403,0.2856041203723715,0.0251361681145566,0.1241651241917414
rho_W5_k2,time_agnostic,hist_gradient_boosting,combined,group_kfold,overall,all,640,22,0.2565606187250259,0.2701904144773195,0.6667267255315457,0.3964404480925612,0.2985995096324376,0.0267769207868119,0.1004552411060057
rho_W5_k2,time_agnostic,hist_gradient_boosting,combined_plus_estimators,group_kfold,overall,all,640,22,0.2565606187250259,0.2701904144773195,0.6667267255315457,0.3964404480925612,0.2985995096324376,0.0267769207868119,0.1004552411060057
rho_W5_k2,time_agnostic_t,extra_trees,combined_plus_estimators,group_kfold,overall,all,14900,38,0.0602452410928559,0.0565528046903664,0.0971910644280828,0.0760728454544282,0.0922876768113038,0.0010376772288842,0.8965298864317788
rho_W5_k2,time_agnostic_t,random_forest,combined_plus_estimators,group_kfold,overall,all,14900,38,0.0597719639381472,0.056598190079036,0.1000016661429282,0.0795581575161276,0.0906590724418581,0.0029899904006401,0.8999930192326404
rho_W5_k2,time_agnostic_t,hist_gradient_boosting,combined_plus_estimators,group_kfold,overall,all,14900,38,0.0622419463142182,0.0610428219477632,0.098277839632952,0.0812038755763703,0.0920287912333921,0.0016196927820541,0.896211496022065
rho_W5_k2,time_agnostic_t,extra_trees,combined,group_kfold,overall,all,14900,38,0.068517370847524,0.0614181200329762,0.1352763116932369,0.088249858101181,0.1006387240501048,0.0024515147068915,0.8779137621263335
rho_W5_k2,time_agnostic_t,random_forest,combined,group_kfold,overall,all,14900,38,0.0694232340764738,0.0626377688820189,0.1477203257382412,0.0935449213865996,0.1016460470228945,0.0057451688599903,0.8766445255716623
rho_W5_k2,time_agnostic_t,extra_trees,occupancy,group_kfold,overall,all,14900,38,0.0635900760404715,0.0643018469744993,0.0861136913312786,0.0785150677258489,0.0942357618014108,-0.0018156687516586,0.8906176076865413
rho_W5_k2,time_agnostic_t,hist_gradient_boosting,combined,group_kfold,overall,all,14900,38,0.0699731878597934,0.0658964521619667,0.1341632135055314,0.0839940046878155,0.0998395469624609,0.0045827564438369,0.8799228165197686
rho_W5_k2,time_agnostic_t,extra_trees,patterns,group_kfold,overall,all,14900,38,0.0726648694883175,0.0667091359811611,0.1564295110814664,0.1080274044849631,0.1067684180213916,0.0068450834528555,0.8651392978125593
rho_W5_k2,time_agnostic_t,mask_mle,analytical,group_kfold,overall,all,14900,38,0.079176708110693,0.0775934978020441,0.1142349355266151,0.0963946266204277,0.1238826563036636,-0.0271857026828231,0.8648795346868885
rho_W5_k2,time_agnostic_t,beta_mle_block_lofo,analytical,group_kfold,overall,all,14900,38,0.0834681885656817,0.080469496560778,0.127950591781233,0.1029087935567434,0.1347469424378906,-0.0088687305153998,0.8455477750864858
rho_W5_k2,time_agnostic_t,beta_mle_lofo,analytical,group_kfold,overall,all,14900,38,0.0824285618944375,0.0807350677716235,0.1199737544847932,0.1028694154950328,0.1314554417128424,-0.0236914269901863,0.8569076047084435
rho_W5_k2,time_agnostic_t,occ_mle,analytical,group_kfold,overall,all,14900,38,0.0898337501892899,0.0848534762521525,0.1319430066051291,0.1091066993072277,0.1397189349280203,-0.0455110479202311,0.851297054041166
rho_W5_k2,time_agnostic_t,ridge,combined,group_kfold,overall,all,14900,38,0.089668715940384,0.0868919944357262,0.1355308872260979,0.1109635475355018,0.1214837253152552,0.004273695111543,0.8363648018318391
rho_W5_k2,time_agnostic_t,extra_trees,crawl,group_kfold,overall,all,14900,38,0.1718156205233549,0.163451799616885,0.4135296819705349,0.2005403198716118,0.2112354683104559,0.0077926362672085,0.3384179532694006
rho_W5_k2,time_agnostic_t,conditional,analytical,group_kfold,overall,all,14868,38,0.1727495180564266,0.1680195162441432,0.2234986800133483,0.2056057344438882,0.2043965423497838,-0.1591561389907752,0.8486922883659637
rho_W5_k2,time_agnostic_t,mean_floor,none,group_kfold,overall,all,14900,38,0.1846882198962498,0.1964351708396307,0.3963475084053129,0.2140568916236125,0.2202884786417603,-7.912402241624901e-06,-0.1407200312856117
rho_W5_k2,time_agnostic_t,plugin,analytical,group_kfold,overall,all,14900,38,0.3299783575160774,0.3424622208257326,0.5132868475958507,0.4824536831068313,0.3782578058162252,-0.3226248206701676,0.6341268669017719
rho_W5_k2,time_respecting,extra_trees,combined,group_kfold,overall,all,14900,38,0.0852281797066692,0.0768881368655869,0.1609488919190943,0.1254145183209168,0.1176431503138626,0.0040717659924904,0.8272890334286183
rho_W5_k2,time_respecting,extra_trees,combined_plus_estimators,group_kfold,overall,all,14900,38,0.0848549390507373,0.0775966800924519,0.1616512558362055,0.1191923121601701,0.1184476419184955,0.0067843832453026,0.8254457058066376
rho_W5_k2,time_respecting,random_forest,combined,group_kfold,overall,all,14900,38,0.0866472402916412,0.0780530771220972,0.1608795418788144,0.1243380177389181,0.1202481210544193,0.0043777227019244,0.8194371704302913
rho_W5_k2,time_respecting,random_forest,combined_plus_estimators,group_kfold,overall,all,14900,38,0.0861273961419233,0.0781314182802559,0.1573317563629682,0.1201932745098666,0.1210247010803158,0.0047412238720194,0.8213839226334863
rho_W5_k2,time_respecting,hist_gradient_boosting,combined_plus_estimators,group_kfold,overall,all,14900,38,0.0877150233293121,0.0793331552958808,0.1671334303972811,0.1204765949660624,0.1207499539448545,0.0033834196698811,0.8188131293216983
rho_W5_k2,time_respecting,hist_gradient_boosting,combined,group_kfold,overall,all,14900,38,0.0878238644238335,0.0798497776975538,0.1628581722366047,0.1222266857016023,0.1198466738247223,0.0032370811794677,0.8209260260624649
rho_W5_k2,time_respecting,extra_trees,patterns,group_kfold,overall,all,14900,38,0.0900698261321257,0.0836562395222851,0.1593051369979134,0.1257863533508079,0.1227912067722193,0.0023001492373705,0.8138595516187782
rho_W5_k2,time_respecting,extra_trees,crawl,group_kfold,overall,all,14900,38,0.1219032181434937,0.103543083617361,0.2174884498827244,0.1517764960913902,0.1608601453850833,0.0061045450562639,0.66238339522452
rho_W5_k2,time_respecting,extra_trees,occupancy,group_kfold,overall,all,14900,38,0.1104156583210087,0.1041555307578995,0.2101921802753806,0.1297153090137326,0.1450735557760675,-0.0005396173986038,0.7296455868872078
rho_W5_k2,time_respecting,ridge,combined,group_kfold,overall,all,14900,38,0.1156569615502622,0.1150428904604719,0.2456309781311416,0.1792557157454681,0.156191115184828,0.0134785832154108,0.727425968511503
rho_W5_k2,time_respecting,beta_mle_block_lofo,analytical,group_kfold,overall,all,14900,38,0.1665586658675162,0.1475547435519759,0.4327502698700734,0.1895103484201269,0.2252894454519704,-0.0313513052829829,0.627811598939744
rho_W5_k2,time_respecting,beta_mle_lofo,analytical,group_kfold,overall,all,14900,38,0.1694414524424994,0.1688301375042409,0.2780910322128216,0.2232988624586688,0.2166045915911354,-0.0499439333144322,0.6658813652528695
rho_W5_k2,time_respecting,mask_mle,analytical,group_kfold,overall,all,14900,38,0.1769031918304996,0.1796152389099262,0.3220318222726011,0.2864420235786873,0.2288849485461097,-0.1502422548826864,0.6347408256364565
rho_W5_k2,time_respecting,mean_floor,none,group_kfold,overall,all,14900,38,0.1846882198962498,0.1964351708396307,0.3963475084053129,0.2140568916236125,0.2202884786417603,-7.912402241624901e-06,-0.1407200312856117
rho_W5_k2,time_respecting,occ_mle,analytical,group_kfold,overall,all,14900,38,0.2009740955641351,0.1995837130827577,0.3533305378068602,0.3277142006326114,0.2507070171858975,-0.1758966688038655,0.6505310888338064
rho_W5_k2,time_respecting,conditional,analytical,group_kfold,overall,all,14888,38,0.255413484218665,0.259289046873528,0.4229095904283207,0.3965822300047777,0.3021405013540367,-0.2505599740341933,0.6438403221973721
rho_W5_k2,time_respecting,plugin,analytical,group_kfold,overall,all,14900,38,0.3520100120638606,0.3664175999643745,0.530669006759098,0.5077660433293555,0.4021232315195401,-0.3520100120638606,0.521537617854836
rho_W5_k2,time_respecting_multistart3,extra_trees,combined,group_kfold,overall,all,14900,38,0.0860758899624648,0.0780639062779212,0.1594860189155763,0.1239190399814667,0.1189302495932007,0.0041771729134981,0.8220493040756639
rho_W5_k2,time_respecting_multistart3,random_forest,combined,group_kfold,overall,all,14900,38,0.0869261426171042,0.0783218787830044,0.1592236960701269,0.1217930163665098,0.1209419743132972,0.0050430360061244,0.8164946337274261
rho_W5_k2,time_respecting_multistart3,extra_trees,combined_plus_estimators,group_kfold,overall,all,14900,38,0.0862716578596994,0.0792407407879415,0.1633801069478689,0.1207814264229484,0.1205441290977864,0.0043686542109097,0.8174913564078699
rho_W5_k2,time_respecting_multistart3,random_forest,combined_plus_estimators,group_kfold,overall,all,14900,38,0.0867581518017267,0.0792860645375915,0.1575039834530793,0.1252559035330364,0.1210546654755187,0.0032869800968992,0.817201683172496
rho_W5_k2,time_respecting_multistart3,hist_gradient_boosting,combined,group_kfold,overall,all,14900,38,0.0890329310458859,0.0808054068156093,0.1681722230567107,0.1156714066567035,0.1218849265245504,8.011201589835755e-05,0.8137937960267276
rho_W5_k2,time_respecting_multistart3,hist_gradient_boosting,combined_plus_estimators,group_kfold,overall,all,14900,38,0.0890019402085858,0.0814976953267456,0.164514233362104,0.1205597616403028,0.1231872292730219,-0.0028481117162161,0.81167339039363
rho_W5_k2,time_respecting_multistart3,extra_trees,patterns,group_kfold,overall,all,14900,38,0.0919550012687342,0.0878435295225405,0.1651144414352995,0.1375333631431468,0.1251992206308255,0.000487720476531,0.8044708276769428
rho_W5_k2,time_respecting_multistart3,extra_trees,crawl,group_kfold,overall,all,14900,38,0.1237245459636536,0.1045138277269241,0.2315045214777387,0.1585543046751394,0.162769357703903,0.0059546203446089,0.654768543635667
rho_W5_k2,time_respecting_multistart3,extra_trees,occupancy,group_kfold,overall,all,14900,38,0.1110331214385509,0.1058962776309082,0.2103695891241731,0.1282255718007174,0.1461251795542522,-0.0015476834659418,0.7276567253518633
rho_W5_k2,time_respecting_multistart3,ridge,combined,group_kfold,overall,all,14900,38,0.1185818844346673,0.1161960564716673,0.2504644683273204,0.1766499035936924,0.1611783382028391,0.0142981000543871,0.7131558690644567
rho_W5_k2,time_respecting_multistart3,beta_mle_block_lofo,analytical,group_kfold,overall,all,14900,38,0.1603865858676018,0.1469070630091076,0.3171106153539588,0.1879237038981124,0.2136272443197995,-0.0368155819758472,0.6422380759161361
rho_W5_k2,time_respecting_multistart3,beta_mle_lofo,analytical,group_kfold,overall,all,14900,38,0.1701099172842444,0.1717612453801482,0.2741775835033219,0.2204507692041802,0.2180166605597441,-0.0473000759522389,0.6627988412867991
rho_W5_k2,time_respecting_multistart3,mask_mle,analytical,group_kfold,overall,all,14900,38,0.1765672303193283,0.1799985845578349,0.3169106384883428,0.2857250625847586,0.2295251779733427,-0.1495719795029465,0.6301290970526257
rho_W5_k2,time_respecting_multistart3,mean_floor,none,group_kfold,overall,all,14900,38,0.1846882198962498,0.1964351708396307,0.3963475084053129,0.2140568916236125,0.2202884786417603,-7.912402241624901e-06,-0.1407200312856117
rho_W5_k2,time_respecting_multistart3,occ_mle,analytical,group_kfold,overall,all,14900,38,0.1999862345610832,0.2006151653262502,0.3463522553918181,0.3264644596022062,0.250318208873184,-0.1740610935512614,0.6481573644032477
rho_W5_k2,time_respecting_multistart3,conditional,analytical,group_kfold,overall,all,14880,38,0.2542337961648449,0.2595003579944709,0.411414800123952,0.4014318519494507,0.301516336453608,-0.2495940077184887,0.6404916839145264
rho_W5_k2,time_respecting_multistart3,plugin,analytical,group_kfold,overall,all,14900,38,0.3521089149216038,0.3665401828229065,0.5294826215644813,0.5077856869501943,0.4023972306978105,-0.3521082615570522,0.5156335200720032
rho_W5_k2,recency_biased,extra_trees_lobo,combined_plus_estimators,leave_one_block_and_group_out,overall,all,14900,38,0.1197845099238338,0.1290371113367442,0.2257386473213083,0.1897098387466496,0.1547706230630037,-0.020146109050331,0.7191519669612252
rho_W5_k2,recency_biased,extra_trees_lobo,combined,leave_one_block_and_group_out,overall,all,14900,38,0.1226960125129349,0.130378897349164,0.2074628142544442,0.178398845183056,0.1553414067129568,-0.0110326162017369,0.7199538525450804
rho_W5_k2,recency_biased,hist_gradient_boosting_lobo,combined,leave_one_block_and_group_out,overall,all,14900,38,0.1271967682270497,0.1347811594812527,0.2608253845654594,0.1933951578437369,0.1620723006384166,-0.0051336960626551,0.68904756948863
rho_W5_k2,recency_biased,hist_gradient_boosting_lobo,combined_plus_estimators,leave_one_block_and_group_out,overall,all,14900,38,0.1268231027704021,0.1375541041240796,0.2371977154281122,0.2078300964068569,0.1623290895742097,-0.0224980472664003,0.6851163275412396
rho_W5_k2,recent_history_k20,extra_trees_lobo,combined_plus_estimators,leave_one_block_and_group_out,overall,all,14900,38,0.1261763023710704,0.1333610304178826,0.2096055300057053,0.1855655929139583,0.165468734041499,-0.0338780905575476,0.7001484731229279
rho_W5_k2,recent_history_k20,extra_trees_lobo,combined,leave_one_block_and_group_out,overall,all,14900,38,0.1279648349434128,0.1349206977708224,0.1945183884594039,0.1711748798058703,0.1646756287318529,-0.0340796118319122,0.6982538956258656
rho_W5_k2,recent_history_k20,hist_gradient_boosting_lobo,combined,leave_one_block_and_group_out,overall,all,14900,38,0.1301018774967473,0.1408244589107715,0.2552808144880304,0.1950278634160346,0.1626060509889816,-0.0021872587642429,0.6910176468870144
rho_W5_k2,recent_history_k20,hist_gradient_boosting_lobo,combined_plus_estimators,leave_one_block_and_group_out,overall,all,14900,38,0.1298315918134946,0.1423558009544209,0.2389560051340624,0.1983212414681856,0.164121259408046,-0.0068705699277899,0.6835487250867827
rho_W5_k2,recent_history_k5,extra_trees_lobo,combined_plus_estimators,leave_one_block_and_group_out,overall,all,14900,38,0.1290340212163313,0.1408129376536492,0.2273401598066935,0.2094642994604774,0.1664673758160845,-0.0313246728024511,0.694863329682573
rho_W5_k2,recent_history_k5,extra_trees_lobo,combined,leave_one_block_and_group_out,overall,all,14900,38,0.1307812334792529,0.1420868859150145,0.2425236271166901,0.1736198617717979,0.1626774970232105,-0.013425980123216,0.6877184021488045
rho_W5_k2,recent_history_k5,hist_gradient_boosting_lobo,combined,leave_one_block_and_group_out,overall,all,14900,38,0.1391095646839341,0.1567360302612636,0.3751536052260203,0.2051591012439897,0.1766480727402978,-0.0103922000678891,0.619362003883526
rho_W5_k2,recent_history_k5,hist_gradient_boosting_lobo,combined_plus_estimators,leave_one_block_and_group_out,overall,all,14900,38,0.1570047313306907,0.1697456250710025,0.3301682476169899,0.2582773552056268,0.1998866514642917,0.0239389790128718,0.4254559782912667
rho_W5_k2,time_agnostic,extra_trees_lobo,combined,leave_one_block_and_group_out,overall,all,640,22,0.2383578632408594,0.241640056632772,0.5244905711411365,0.3863797013987167,0.286847330352745,0.0346745717083726,0.0252864303448328
rho_W5_k2,time_agnostic,extra_trees_lobo,combined_plus_estimators,leave_one_block_and_group_out,overall,all,640,22,0.2383578632408594,0.241640056632772,0.5244905711411365,0.3863797013987167,0.286847330352745,0.0346745717083726,0.0252864303448328
rho_W5_k2,time_agnostic,hist_gradient_boosting_lobo,combined,leave_one_block_and_group_out,overall,all,640,22,0.2448026271515052,0.2518855043573347,0.4246427793105694,0.3826063609920525,0.288638788549643,0.0470971538529409,0.0627072885734479
rho_W5_k2,time_agnostic,hist_gradient_boosting_lobo,combined_plus_estimators,leave_one_block_and_group_out,overall,all,640,22,0.2448026271515052,0.2518855043573347,0.4246427793105694,0.3826063609920525,0.288638788549643,0.0470971538529409,0.0627072885734479
rho_W5_k2,time_agnostic_t,extra_trees_lobo,combined_plus_estimators,leave_one_block_and_group_out,overall,all,14900,38,0.0761772031197043,0.0773900945963513,0.1078362296149566,0.0921481838996658,0.107217516148448,-0.0207755908989322,0.877491536598571
rho_W5_k2,time_agnostic_t,hist_gradient_boosting_lobo,combined_plus_estimators,leave_one_block_and_group_out,overall,all,14900,38,0.0808016608442552,0.0804221687560029,0.1165651698347312,0.097967722497038,0.1114963952765503,-0.0191512462096386,0.8632109288439047
rho_W5_k2,time_agnostic_t,extra_trees_lobo,combined,leave_one_block_and_group_out,overall,all,14900,38,0.0894687868649689,0.0873856567654077,0.1196669331038548,0.1056279751651307,0.1230444710231484,-0.0324250603066777,0.8457513834246877
rho_W5_k2,time_agnostic_t,hist_gradient_boosting_lobo,combined,leave_one_block_and_group_out,overall,all,14900,38,0.0900473017406878,0.0880338972345704,0.1175582475414682,0.1101887118209968,0.1228525170109287,-0.0275737657031991,0.8367683907811843
rho_W5_k2,time_respecting,extra_trees_lobo,combined_plus_estimators,leave_one_block_and_group_out,overall,all,14900,38,0.1226590451894522,0.1295011973996006,0.2028497199424029,0.1641276814823883,0.1576213643702124,-0.0290811154001703,0.7196310841503826
rho_W5_k2,time_respecting,extra_trees_lobo,combined,leave_one_block_and_group_out,overall,all,14900,38,0.1263553266221837,0.1325030871107196,0.2235886657589937,0.1736580686610881,0.1611200467112702,-0.0171861590685459,0.6959954061431405
rho_W5_k2,time_respecting,hist_gradient_boosting_lobo,combined_plus_estimators,leave_one_block_and_group_out,overall,all,14900,38,0.1278005453803992,0.1388852484716469,0.2323089621345423,0.2044483268703638,0.1630367852581977,-0.0241385732874523,0.6923551435136392
rho_W5_k2,time_respecting,hist_gradient_boosting_lobo,combined,leave_one_block_and_group_out,overall,all,14900,38,0.1320477757265081,0.1422494308718672,0.2262549601300717,0.1969694974840195,0.1668886444999004,-0.0156995271441442,0.6627845344351236
rho_W5_k2,time_respecting_multistart3,extra_trees_lobo,combined_plus_estimators,leave_one_block_and_group_out,overall,all,14900,38,0.1213570178905806,0.1288830826701556,0.2475502121768267,0.1867221658683408,0.1571140505810719,-0.020776038832678,0.7165185357198973
rho_W5_k2,time_respecting_multistart3,extra_trees_lobo,combined,leave_one_block_and_group_out,overall,all,14900,38,0.12911487113757,0.134416646726599,0.2605189725829662,0.1832989576555392,0.1640773808509676,-0.0110376383884033,0.6788960574537388
rho_W5_k2,time_respecting_multistart3,hist_gradient_boosting_lobo,combined_plus_estimators,leave_one_block_and_group_out,overall,all,14900,38,0.1279271124362976,0.1390369398973826,0.2336957714010035,0.2054253885691694,0.1642832032401553,-0.0240968502676281,0.6902175873842971
rho_W5_k2,time_respecting_multistart3,hist_gradient_boosting_lobo,combined,leave_one_block_and_group_out,overall,all,14900,38,0.1332120592326503,0.1417690642958161,0.2807162702058263,0.2008057890234477,0.1696298606748977,-0.0111332641481046,0.6400485367470866
rho_W5_k2,recency_biased,extra_trees_strategy_blind,combined_plus_estimators,strategy_blind_group_kfold,overall,all,14900,38,0.0783850866630672,0.0732948486140038,0.1650555089250954,0.1059642998258263,0.1099177149633132,0.0140404406987277,0.8512317941604965
rho_W5_k2,recency_biased,extra_trees_strategy_blind,combined,strategy_blind_group_kfold,overall,all,14900,38,0.0799162173515218,0.0732977273620623,0.1682936885476437,0.111467958052761,0.1105015708088676,0.0118186626309795,0.8509617730589442
rho_W5_k2,recency_biased,hist_gradient_boosting_strategy_blind,combined_plus_estimators,strategy_blind_group_kfold,overall,all,14900,38,0.0872027159027142,0.0861247618288254,0.1713784694359823,0.1238409298334896,0.1167316273036314,0.0123758146488655,0.8327386534391563
rho_W5_k2,recency_biased,hist_gradient_boosting_strategy_blind,combined,strategy_blind_group_kfold,overall,all,14900,38,0.0893195037295911,0.0868877623161425,0.169913367188357,0.1201384403504443,0.1195238917544046,0.0142695352568966,0.8271196335390973
rho_W5_k2,recent_history_k20,extra_trees_strategy_blind,combined_plus_estimators,strategy_blind_group_kfold,overall,all,14900,38,0.0755710681823024,0.0667032163765744,0.1568806038542396,0.1156712399853697,0.1079208743306821,-0.0004599402892367,0.8554816569312764
rho_W5_k2,recent_history_k20,extra_trees_strategy_blind,combined,strategy_blind_group_kfold,overall,all,14900,38,0.0784516439038596,0.0677237027209181,0.1676780647924953,0.1109764070594613,0.1108276149231792,-0.0010327722214941,0.8477292421832175
rho_W5_k2,recent_history_k20,hist_gradient_boosting_strategy_blind,combined_plus_estimators,strategy_blind_group_kfold,overall,all,14900,38,0.0853054485794204,0.0822717274979339,0.1697744015875916,0.1153495415303008,0.1147186471517898,0.0021065426048139,0.8394631066928459
rho_W5_k2,recent_history_k20,hist_gradient_boosting_strategy_blind,combined,strategy_blind_group_kfold,overall,all,14900,38,0.0874192093484295,0.0839237870246518,0.169190184971236,0.113815701470763,0.1161983560026582,0.004337503252522,0.8354378869797494
rho_W5_k2,recent_history_k5,extra_trees_strategy_blind,combined_plus_estimators,strategy_blind_group_kfold,overall,all,14900,38,0.0774836440407708,0.0671645177301143,0.1679753993483184,0.1100635740049914,0.1123607761231794,0.004535104985188,0.8465212723322936
rho_W5_k2,recent_history_k5,extra_trees_strategy_blind,combined,strategy_blind_group_kfold,overall,all,14900,38,0.0809030771626353,0.0693075284461458,0.1743871987021824,0.1123217068204777,0.1152791482274687,0.0024486740279292,0.8371852819348403
rho_W5_k2,recent_history_k5,hist_gradient_boosting_strategy_blind,combined_plus_estimators,strategy_blind_group_kfold,overall,all,14900,38,0.0880619194722077,0.0829758780892497,0.172293290033041,0.1223166694474797,0.119005542100014,0.0136110214459873,0.8301864510244888
rho_W5_k2,recent_history_k5,hist_gradient_boosting_strategy_blind,combined,strategy_blind_group_kfold,overall,all,14900,38,0.089876579105712,0.0835212072629324,0.177074175916945,0.1276473589509664,0.1202783196455937,0.0144502588856144,0.8257612252563975
rho_W5_k2,time_agnostic_t,extra_trees_strategy_blind,combined_plus_estimators,strategy_blind_group_kfold,overall,all,14900,38,0.0612832301150532,0.0569051306715311,0.1090211024758568,0.0750939608967113,0.0932768502776415,-0.0015381813817972,0.8943705292749659
rho_W5_k2,time_agnostic_t,extra_trees_strategy_blind,combined,strategy_blind_group_kfold,overall,all,14900,38,0.0665429661296252,0.0600043726018458,0.1262434938972869,0.077986118266102,0.097689018905871,-0.0021039414513944,0.8839500540581609
rho_W5_k2,time_agnostic_t,hist_gradient_boosting_strategy_blind,combined_plus_estimators,strategy_blind_group_kfold,overall,all,14900,38,0.068504401740355,0.0654258759923936,0.1336092312048735,0.0807715593706641,0.0972688559835014,0.0046102275198156,0.8862525549660349
rho_W5_k2,time_agnostic_t,hist_gradient_boosting_strategy_blind,combined,strategy_blind_group_kfold,overall,all,14900,38,0.0752173051054439,0.0702261364389374,0.1580609875717978,0.0824894370649371,0.1037908745158463,0.0046500000391105,0.8690227294943244
rho_W5_k2,time_respecting,extra_trees_strategy_blind,combined,strategy_blind_group_kfold,overall,all,14900,38,0.0814202961927492,0.0718384636636087,0.147845075826534,0.1189447109868599,0.1132637843591538,0.0051622963263203,0.8410828765438586
rho_W5_k2,time_respecting,extra_trees_strategy_blind,combined_plus_estimators,strategy_blind_group_kfold,overall,all,14900,38,0.0814945628927858,0.0726697913222093,0.1565517976335246,0.1182715316774933,0.1143442602629907,0.0048964396184976,0.8363857428549346
rho_W5_k2,time_respecting,hist_gradient_boosting_strategy_blind,combined_plus_estimators,strategy_blind_group_kfold,overall,all,14900,38,0.0886047473915999,0.0843024510123093,0.1517400724295034,0.1243970227374921,0.1185728327233268,0.0040380965955336,0.824756133651459
rho_W5_k2,time_respecting,hist_gradient_boosting_strategy_blind,combined,strategy_blind_group_kfold,overall,all,14900,38,0.0898130647287926,0.0853568683848684,0.1580410576282853,0.1209267273977139,0.1198635528781093,0.0071161355759549,0.8222688821259913
rho_W5_k2,time_respecting_multistart3,extra_trees_strategy_blind,combined,strategy_blind_group_kfold,overall,all,14900,38,0.082174188943566,0.0726167387382189,0.1464745566782845,0.1163468837823112,0.1140791954741286,0.0035104751789064,0.8379152576057399
rho_W5_k2,time_respecting_multistart3,extra_trees_strategy_blind,combined_plus_estimators,strategy_blind_group_kfold,overall,all,14900,38,0.0820577836869606,0.0730487622828121,0.1575540105933778,0.1158112395004169,0.1150365877637075,0.0031818892792091,0.8333472365565419
rho_W5_k2,time_respecting_multistart3,hist_gradient_boosting_strategy_blind,combined_plus_estimators,strategy_blind_group_kfold,overall,all,14900,38,0.0890196210475941,0.0840923659053183,0.1531039606332436,0.1226722138339457,0.1195992451078893,0.0018359549371706,0.8197487385528751
rho_W5_k2,time_respecting_multistart3,hist_gradient_boosting_strategy_blind,combined,strategy_blind_group_kfold,overall,all,14900,38,0.090334041688325,0.0857352036868769,0.1540690488627094,0.1187282343013615,0.12062695566688,0.0050683908678977,0.8186696332864868
rho_W5_k2,recency_biased,extra_trees_sim2real,patterns,synthetic_to_real,overall,all,380,8,0.1504633838219133,0.1255564901572417,0.2798357974478911,0.1964613611867102,0.1797752578212663,0.1329047200463892,0.6834572906502762
rho_W5_k2,recency_biased,extra_trees_sim2real,combined_plus_estimators,synthetic_to_real,overall,all,380,8,0.1628879496390243,0.1359251343647159,0.262162062617694,0.1951692558766663,0.193245915594605,0.1481565877462682,0.6796029776630915
rho_W5_k2,recency_biased,hist_gradient_boosting_sim2real,patterns,synthetic_to_real,overall,all,380,8,0.1853914785923632,0.1452268025581777,0.3873597873664143,0.2575898462732918,0.2349590136827656,0.1727886320864616,0.4883458353774181
rho_W5_k2,recency_biased,extra_trees_sim2real,combined,synthetic_to_real,overall,all,380,8,0.1651544915563578,0.147237480118666,0.2899811816624563,0.2322183244768478,0.198467323080886,0.151377034290514,0.6327292758575799
rho_W5_k2,recency_biased,hist_gradient_boosting_sim2real,combined_plus_estimators,synthetic_to_real,overall,all,380,8,0.1873945261212257,0.156889996964454,0.3361772985956533,0.2157083982655599,0.226961518859326,0.1762081982124952,0.6018991518612244
rho_W5_k2,recency_biased,hist_gradient_boosting_sim2real,combined,synthetic_to_real,overall,all,380,8,0.2001884168983196,0.1736134293839228,0.3609597860626192,0.2908657050146074,0.2387486060860567,0.1897697841307709,0.5566416335696573
rho_W5_k2,recent_history_k20,hist_gradient_boosting_sim2real,patterns,synthetic_to_real,overall,all,380,8,0.1173287351154351,0.1161416587365921,0.188503136667335,0.1777958739924062,0.1445613131232755,0.054555495355051,0.6347089911646338
rho_W5_k2,recent_history_k20,extra_trees_sim2real,patterns,synthetic_to_real,overall,all,380,8,0.1214366310199116,0.117469758470259,0.1737196526144927,0.1730231009795374,0.1389802717909533,0.0682222055894114,0.7511749418944376
rho_W5_k2,recent_history_k20,extra_trees_sim2real,combined,synthetic_to_real,overall,all,380,8,0.1324703498940182,0.1319981720065166,0.1926133471939379,0.1703405970231175,0.1657033783659383,0.0936181567756861,0.6836938053108533
rho_W5_k2,recent_history_k20,extra_trees_sim2real,combined_plus_estimators,synthetic_to_real,overall,all,380,8,0.1563402790556414,0.1555659230473731,0.1916534502585151,0.1804860310513817,0.1876061269076082,0.1261893719834305,0.7067233254092816
rho_W5_k2,recent_history_k20,hist_gradient_boosting_sim2real,combined,synthetic_to_real,overall,all,380,8,0.2034901219318553,0.1791418921515148,0.3721949289708227,0.2903550488328681,0.2502503206954829,0.1857569518954014,0.4479981862433896
rho_W5_k2,recent_history_k20,hist_gradient_boosting_sim2real,combined_plus_estimators,synthetic_to_real,overall,all,380,8,0.2306227651968418,0.2111814278947033,0.3457623639931394,0.2709979127917855,0.2567285782119975,0.2188962852120818,0.6336797144010107
rho_W5_k2,recent_history_k5,extra_trees_sim2real,patterns,synthetic_to_real,overall,all,380,8,0.1086322832296007,0.108861436189176,0.201591272551996,0.154245819496946,0.1259274054954825,0.0468061931760543,0.7969186292105246
rho_W5_k2,recent_history_k5,hist_gradient_boosting_sim2real,patterns,synthetic_to_real,overall,all,380,8,0.1262157069311401,0.1241078985146143,0.1957867965632652,0.1927387682044182,0.1511196532934642,0.0576343279958464,0.6290896468138937
rho_W5_k2,recent_history_k5,extra_trees_sim2real,combined_plus_estimators,synthetic_to_real,overall,all,380,8,0.1579904156567974,0.15523090752687,0.2400427704153755,0.2226878969236932,0.1841885512146922,0.1043188798938308,0.6117714489897633
rho_W5_k2,recent_history_k5,extra_trees_sim2real,combined,synthetic_to_real,overall,all,380,8,0.1721683504288087,0.1584100853155902,0.3390264467901403,0.2714744730187251,0.2122820729740445,0.1199271992419339,0.3366479600238492
rho_W5_k2,recent_history_k5,hist_gradient_boosting_sim2real,combined_plus_estimators,synthetic_to_real,overall,all,380,8,0.2444937690944305,0.2079844533142316,0.4430550382416438,0.364034284804386,0.2929718235447959,0.233684773136085,0.363360976965712
rho_W5_k2,recent_history_k5,hist_gradient_boosting_sim2real,combined,synthetic_to_real,overall,all,380,8,0.2410933963099749,0.2117737457242229,0.5345023631695642,0.4229582326090834,0.3147828460250749,0.1940976204719047,-0.0536932078521553
rho_W5_k2,time_agnostic,hist_gradient_boosting_sim2real,combined,synthetic_to_real,overall,all,20,1,0.4420504420214323,0.4420504420214322,0.4420504420214322,0.4420504420214322,0.4491790369707648,0.4420504420214323,
rho_W5_k2,time_agnostic,hist_gradient_boosting_sim2real,combined_plus_estimators,synthetic_to_real,overall,all,20,1,0.4420504420214323,0.4420504420214322,0.4420504420214322,0.4420504420214322,0.4491790369707648,0.4420504420214323,
rho_W5_k2,time_agnostic,extra_trees_sim2real,combined,synthetic_to_real,overall,all,20,1,0.4586423695600786,0.4586423695600786,0.4586423695600786,0.4586423695600786,0.4612376043474359,0.4586423695600786,
rho_W5_k2,time_agnostic,extra_trees_sim2real,combined_plus_estimators,synthetic_to_real,overall,all,20,1,0.4586423695600786,0.4586423695600786,0.4586423695600786,0.4586423695600786,0.4612376043474359,0.4586423695600786,
rho_W5_k2,time_agnostic_t,extra_trees_sim2real,combined,synthetic_to_real,overall,all,380,8,0.0580130598474536,0.0617808608987038,0.0758015633829321,0.0732377115288525,0.0813758777482457,-0.0081966256278693,0.8566079216984251
rho_W5_k2,time_agnostic_t,extra_trees_sim2real,combined_plus_estimators,synthetic_to_real,overall,all,380,8,0.0576409011157023,0.0653081068415616,0.0899206977118711,0.0829320545743852,0.0819050007440101,0.0018415681876514,0.8562750492131683
rho_W5_k2,time_agnostic_t,hist_gradient_boosting_sim2real,combined,synthetic_to_real,overall,all,380,8,0.064862645091732,0.0695352802888047,0.0968316775565808,0.0873159743412192,0.0900805430708628,0.0068458209927141,0.8435032575419975
rho_W5_k2,time_agnostic_t,hist_gradient_boosting_sim2real,combined_plus_estimators,synthetic_to_real,overall,all,380,8,0.0674137261623487,0.0796098055343748,0.1209670974143623,0.1062900828481731,0.0925263991676829,0.0149672589825491,0.8355756365115381
rho_W5_k2,time_agnostic_t,hist_gradient_boosting_sim2real,patterns,synthetic_to_real,overall,all,380,8,0.0834668810161279,0.0908074899610907,0.1340702248478344,0.1216198670486343,0.1053452067320841,0.0363717870956493,0.8115124597483646
rho_W5_k2,time_agnostic_t,extra_trees_sim2real,patterns,synthetic_to_real,overall,all,380,8,0.0826079263617179,0.0926087236616829,0.1950750911564867,0.1353861176279874,0.1053642166157059,0.04244145836123,0.8345157004400622
rho_W5_k2,time_respecting,extra_trees_sim2real,combined_plus_estimators,synthetic_to_real,overall,all,380,8,0.142845670906709,0.1246427030049602,0.2111979827448532,0.1880750040820714,0.174857825271809,0.118711917466149,0.6778597770166148
rho_W5_k2,time_respecting,extra_trees_sim2real,patterns,synthetic_to_real,overall,all,380,8,0.1334146585957218,0.1267274257041186,0.2069651058056021,0.1850470934966978,0.1567932203101897,0.107166581864955,0.7148086228801259
rho_W5_k2,time_respecting,hist_gradient_boosting_sim2real,patterns,synthetic_to_real,overall,all,380,8,0.1633908005097866,0.143515296324039,0.3264898322953329,0.2317738496741916,0.2013655795265575,0.1398747409469131,0.5421704402632276
rho_W5_k2,time_respecting,hist_gradient_boosting_sim2real,combined_plus_estimators,synthetic_to_real,overall,all,380,8,0.1693142351294739,0.1463283568480569,0.2853061870121607,0.2265168609699444,0.2030289290689758,0.147614214060286,0.6136679461755031
rho_W5_k2,time_respecting,extra_trees_sim2real,combined,synthetic_to_real,overall,all,380,8,0.1586468348674069,0.1498387079690638,0.2697473913105304,0.2374362834244547,0.1896214240217942,0.1351536356357562,0.6101946845859151
rho_W5_k2,time_respecting,hist_gradient_boosting_sim2real,combined,synthetic_to_real,overall,all,380,8,0.1803965169458946,0.1736902888372012,0.3263519535637351,0.2562840581601707,0.2160417011342248,0.1631698783527012,0.5863636425821971
rho_W5_k2,time_respecting_multistart3,extra_trees_sim2real,patterns,synthetic_to_real,overall,all,380,8,0.1492904140847051,0.1310591568729683,0.2882293998707181,0.1973069130144502,0.1827463764323277,0.1172838835326882,0.5783309039248146
rho_W5_k2,time_respecting_multistart3,extra_trees_sim2real,combined_plus_estimators,synthetic_to_real,overall,all,380,8,0.1652649022896499,0.144241622844876,0.2849147116230149,0.2587595620106832,0.1991533114163677,0.1376873574363916,0.5489724267053842
rho_W5_k2,time_respecting_multistart3,hist_gradient_boosting_sim2real,patterns,synthetic_to_real,overall,all,380,8,0.1666640367156612,0.1461776620275688,0.3486490412548566,0.2223384414103272,0.210474861814307,0.1335740139113509,0.4645804918905273
rho_W5_k2,time_respecting_multistart3,hist_gradient_boosting_sim2real,combined_plus_estimators,synthetic_to_real,overall,all,380,8,0.1780691237475762,0.1478570114274169,0.3374198564780787,0.264812996924126,0.220619297014985,0.1539270165423076,0.4799189056190736
rho_W5_k2,time_respecting_multistart3,extra_trees_sim2real,combined,synthetic_to_real,overall,all,380,8,0.1796026008564477,0.1691992932745716,0.3310373800664791,0.28167449482802,0.2166380132382877,0.1494183626812545,0.4789816067790082
rho_W5_k2,time_respecting_multistart3,hist_gradient_boosting_sim2real,combined,synthetic_to_real,overall,all,380,8,0.1871934473511263,0.1797824083051993,0.3510349476534645,0.3018118734401178,0.2272774406700354,0.1635721933451136,0.4972019954456993
