instance_id,group_id,strategy,budget,selection,censoring,total_bias,observed_dyads
activity__n1500__f0__beta1,activity::n1500::f0,recent_history_k20,200,0.235380496884679,-0.7293233082706767,-0.49394281138599766,4.897839799950911
activity__n1500__f0__beta1,activity::n1500::f0,recent_history_k20,400,0.2540590831140319,-0.732283464566929,-0.4782243814528972,5.541263545158426
activity__n1500__f0__beta1,activity::n1500::f0,recent_history_k20,600,0.25848555683184427,-0.7108108108108109,-0.45232525397896656,5.916202062607435
activity__n1500__f0__beta1,activity::n1500::f0,recent_history_k20,800,0.2685117120192898,-0.6946236559139786,-0.42611194389468876,6.144185634125646
activity__n1500__f0__beta1,activity::n1500::f0,recent_history_k20,1200,0.27686312722735185,-0.6980568011958146,-0.4211936739684628,6.507277712385012
activity__n1500__f0__beta1,activity::n1500::f0,recent_history_k20,1600,0.2818522052876723,-0.6884661117717004,-0.40661390648402806,6.7357800142423265
activity__n1500__f0__beta1,activity::n1500::f0,time_agnostic_t,200,-0.02370840183270262,-0.511764705882353,-0.5354731077150556,5.14166355650266
activity__n1500__f0__beta1,activity::n1500::f0,time_agnostic_t,400,-0.024410772333141595,-0.4985074626865672,-0.5229182350197088,5.817111159963204
activity__n1500__f0__beta1,activity::n1500::f0,time_agnostic_t,600,-0.023755366726444627,-0.48702594810379235,-0.510781314830237,6.218600119691729
activity__n1500__f0__beta1,activity::n1500::f0,time_agnostic_t,800,-0.01578671235567919,-0.48073959938366717,-0.49652631173934636,6.476972362889683
activity__n1500__f0__beta1,activity::n1500::f0,time_agnostic_t,1200,-0.007029325138733888,-0.4789029535864979,-0.4859322787252318,6.855408798609928
activity__n1500__f0__beta1,activity::n1500::f0,time_agnostic_t,1600,-0.00941241448911001,-0.4686226568867155,-0.4780350713758255,7.113142108707088
activity__n1500__f0__beta1,activity::n1500::f0,time_respecting,200,0.235380496884679,-0.7894736842105263,-0.5540931873258472,4.897839799950911
activity__n1500__f0__beta1,activity::n1500::f0,time_respecting,400,0.2499633249225156,-0.7741935483870969,-0.5242302234645813,5.517452896464707
activity__n1500__f0__beta1,activity::n1500::f0,time_respecting,600,0.24721405806034547,-0.75,-0.5027859419396545,5.8664680569332965
activity__n1500__f0__beta1,activity::n1500::f0,time_respecting,800,0.2631772615235489,-0.7597402597402597,-0.4965629982167108,6.137727054086234
activity__n1500__f0__beta1,activity::n1500::f0,time_respecting,1200,0.25391017963922047,-0.7443267776096824,-0.49041659797046183,6.495265555937008
activity__n1500__f0__beta1,activity::n1500::f0,time_respecting,1600,0.25528319480595285,-0.7406962785114046,-0.4854130837054518,6.726233402358747
activity__n1500__f0__memoryless,activity::n1500::f0,recent_history_k20,200,0.037142450733030755,-0.042168674698795185,-0.005026223965764432,5.117993812416755
activity__n1500__f0__memoryless,activity::n1500::f0,recent_history_k20,400,0.030616346315360064,-0.03869047619047619,-0.008074129875116125,5.820082930352362
activity__n1500__f0__memoryless,activity::n1500::f0,recent_history_k20,600,0.01949957781569951,-0.0285132382892057,-0.009013660473506194,6.198478716492308
activity__n1500__f0__memoryless,activity::n1500::f0,recent_history_k20,800,0.0133027998922246,-0.0228310502283105,-0.0095282503360859,6.489204931325317
activity__n1500__f0__memoryless,activity::n1500::f0,recent_history_k20,1200,0.00859807675314014,-0.017580144777662874,-0.008982068024522734,6.875232087276577
activity__n1500__f0__memoryless,activity::n1500::f0,recent_history_k20,1600,0.008542156137721614,-0.018025078369905956,-0.009482922232184344,7.152268856032539
activity__n1500__f0__memoryless,activity::n1500::f0,time_agnostic_t,200,-0.0110503203513066,0.0,-0.0110503203513066,5.272999558563747
activity__n1500__f0__memoryless,activity::n1500::f0,time_agnostic_t,400,-0.0007144030386451016,-0.0103359173126615,-0.0110503203513066,5.961005339623274
activity__n1500__f0__memoryless,activity::n1500::f0,time_agnostic_t,600,0.0010813954199239018,-0.012131715771230503,-0.0110503203513066,6.359573868672378
activity__n1500__f0__memoryless,activity::n1500::f0,time_agnostic_t,800,0.0006837083318746249,-0.011734028683181226,-0.0110503203513066,6.643789733147672
activity__n1500__f0__memoryless,activity::n1500::f0,time_agnostic_t,1200,0.0010919172896300868,-0.012142237640936688,-0.0110503203513066,7.050989447068045
activity__n1500__f0__memoryless,activity::n1500::f0,time_agnostic_t,1600,0.0008152037093394106,-0.011865524060646011,-0.0110503203513066,7.325148957955575
activity__n1500__f0__memoryless,activity::n1500::f0,time_respecting,200,0.0021075743855355038,-0.013157894736842105,-0.0110503203513066,5.030437921392435
activity__n1500__f0__memoryless,activity::n1500::f0,time_respecting,400,0.0089496796486934,-0.02,-0.0110503203513066,5.707110264748875
activity__n1500__f0__memoryless,activity::n1500::f0,time_respecting,600,0.002617105616802739,-0.01366742596810934,-0.0110503203513066,6.0867747269123065
activity__n1500__f0__memoryless,activity::n1500::f0,time_respecting,800,0.0046564859314159115,-0.015706806282722512,-0.0110503203513066,6.352629396319567
activity__n1500__f0__memoryless,activity::n1500::f0,time_respecting,1200,0.004593482296106156,-0.015643802647412757,-0.0110503203513066,6.723832440821209
activity__n1500__f0__memoryless,activity::n1500::f0,time_respecting,1600,0.005585539168101901,-0.0166358595194085,-0.0110503203513066,6.9874902470009905
activity__n500__f0__beta1,activity::n500::f0,recent_history_k20,200,0.31228480078701426,-0.6964285714285714,-0.38414377064155714,4.727387818712341
activity__n500__f0__beta1,activity::n500::f0,recent_history_k20,400,0.32930358012973726,-0.676056338028169,-0.34675275789843174,5.365976015021851
activity__n500__f0__beta1,activity::n500::f0,recent_history_k20,600,0.3147682444956236,-0.6324503311258278,-0.31768208663020425,5.713732805509369
activity__n500__f0__beta1,activity::n500::f0,recent_history_k20,800,0.3152688856676509,-0.6153846153846154,-0.30011572971696454,5.934894195619588
activity__n500__f0__beta1,activity::n500::f0,recent_history_k20,1200,0.3047090432112567,-0.5946969696969697,-0.28998792648571303,6.270988431858299
activity__n500__f0__beta1,activity::n500::f0,recent_history_k20,1600,0.30395146745368096,-0.5555555555555556,-0.2516040881018746,6.447305862541213
activity__n500__f0__beta1,activity::n500::f0,time_agnostic_t,200,0.015206878709092209,-0.474025974025974,-0.4588190953168818,5.043425116919247
activity__n500__f0__beta1,activity::n500::f0,time_agnostic_t,400,0.015716173336033923,-0.48039215686274517,-0.46467598352671124,5.726847747587197
activity__n500__f0__beta1,activity::n500::f0,time_agnostic_t,600,0.01815040443166116,-0.4624145785876993,-0.44426417415603814,6.0867747269123065
activity__n500__f0__beta1,activity::n500::f0,time_agnostic_t,800,0.0180470512407348,-0.4500907441016334,-0.4320436928608986,6.313548046277095
activity__n500__f0__beta1,activity::n500::f0,time_agnostic_t,1200,0.01183492932171859,-0.429305912596401,-0.4174709832746824,6.658011045870748
activity__n500__f0__beta1,activity::n500::f0,time_agnostic_t,1600,0.014129063082096271,-0.39959016393442626,-0.38546110085233,6.884486652042782
activity__n500__f0__beta1,activity::n500::f0,time_respecting,200,0.2847424279056583,-0.7457627118644068,-0.46102028395874844,4.77912349311153
activity__n500__f0__beta1,activity::n500::f0,time_respecting,400,0.2662321692080669,-0.7192982456140351,-0.4530660764059682,5.43372200355424
activity__n500__f0__beta1,activity::n500::f0,time_respecting,600,0.24741138306549526,-0.689873417721519,-0.44246203465602374,5.75890177387728
activity__n500__f0__beta1,activity::n500::f0,time_respecting,800,0.24802648876655387,-0.6751918158567775,-0.4271653270902236,5.971261839790462
activity__n500__f0__beta1,activity::n500::f0,time_respecting,1200,0.2376650289238964,-0.6520912547528517,-0.41442622582895533,6.267200548541362
activity__n500__f0__beta1,activity::n500::f0,time_respecting,1600,0.22816530393166834,-0.6289308176100629,-0.4007655136783945,6.456769655572163
activity__n500__f0__memoryless,activity::n500::f0,recent_history_k20,200,0.02061514926639499,-0.060240963855421686,-0.0396258145890267,5.117993812416755
activity__n500__f0__memoryless,activity::n500::f0,recent_history_k20,400,0.028697166777432934,-0.06832298136645963,-0.0396258145890267,5.777652323222656
activity__n500__f0__memoryless,activity::n500::f0,recent_history_k20,600,0.023135691687123927,-0.060669456066945605,-0.03753376437982168,6.171700597410915
activity__n500__f0__memoryless,activity::n500::f0,recent_history_k20,800,0.02468286708299902,-0.06109324758842443,-0.03641038050542541,6.434546518787453
activity__n500__f0__memoryless,activity::n500::f0,recent_history_k20,1200,0.019460027105510647,-0.05462653288740245,-0.0351665057818918,6.8001700683022
activity__n500__f0__memoryless,activity::n500::f0,recent_history_k20,1600,0.02108537361565674,-0.05464006938421509,-0.03355469576855835,7.050989447068045
activity__n500__f0__memoryless,activity::n500::f0,time_agnostic_t,200,0.0013998264366143279,-0.041025641025641026,-0.0396258145890267,5.278114659230518
activity__n500__f0__memoryless,activity::n500::f0,time_agnostic_t,400,0.004415636188175372,-0.04404145077720207,-0.0396258145890267,5.958424693029782
activity__n500__f0__memoryless,activity::n500::f0,time_agnostic_t,600,0.0022590021649000064,-0.041884816753926704,-0.0396258145890267,6.352629396319567
activity__n500__f0__memoryless,activity::n500::f0,time_agnostic_t,800,-0.0025887775519896628,-0.037037037037037035,-0.0396258145890267,6.6293632534374485
activity__n500__f0__memoryless,activity::n500::f0,time_agnostic_t,1200,-0.00863219562822451,-0.0300820419325433,-0.03871423756076781,7.001245622069476
activity__n500__f0__memoryless,activity::n500::f0,time_agnostic_t,1600,-0.00333830586606787,-0.03349616189811584,-0.03683446776418371,7.2682230211595655
activity__n500__f0__memoryless,activity::n500::f0,time_respecting,200,0.04646690064276138,-0.08609271523178808,-0.0396258145890267,5.0238805208462765
activity__n500__f0__memoryless,activity::n500::f0,time_respecting,400,0.0484023544250578,-0.0880281690140845,-0.0396258145890267,5.652489180268651
activity__n500__f0__memoryless,activity::n500::f0,time_respecting,600,0.04057468666410613,-0.07769423558897243,-0.0371195489248663,5.991464547107982
activity__n500__f0__memoryless,activity::n500::f0,time_respecting,800,0.03331084567968731,-0.0710172744721689,-0.037706428792481594,6.257667587882639
activity__n500__f0__memoryless,activity::n500::f0,time_respecting,1200,0.03687691765141046,-0.07513661202185792,-0.03825969437044746,6.597145701886651
activity__n500__f0__memoryless,activity::n500::f0,time_respecting,1600,0.03895330274143617,-0.077502691065662,-0.03854938832422584,6.835184586147301
controlled__snap_bitcoin_otc__bursty__contiguous__rho0.15__r0,real::snap_bitcoin_otc,recent_history_k20,200,0.007478415905903701,-0.1337579617834395,-0.1262795458775358,5.062595033026967
controlled__snap_bitcoin_otc__bursty__contiguous__rho0.15__r0,real::snap_bitcoin_otc,recent_history_k20,400,0.03658690363386485,-0.16286644951140064,-0.1262795458775358,5.730099782973575
controlled__snap_bitcoin_otc__bursty__contiguous__rho0.15__r0,real::snap_bitcoin_otc,recent_history_k20,600,0.023071103473113558,-0.14935064935064934,-0.1262795458775358,6.137727054086234
controlled__snap_bitcoin_otc__bursty__contiguous__rho0.15__r0,real::snap_bitcoin_otc,recent_history_k20,800,0.040933568876562576,-0.1639344262295082,-0.12300085735294562,6.415096959171596
controlled__snap_bitcoin_otc__bursty__contiguous__rho0.15__r0,real::snap_bitcoin_otc,recent_history_k20,1200,0.03743726828175625,-0.15597345132743362,-0.11853618304567738,6.807934943699926
controlled__snap_bitcoin_otc__bursty__contiguous__rho0.15__r0,real::snap_bitcoin_otc,recent_history_k20,1600,0.04052969278799029,-0.1573994867408041,-0.1168697939528138,7.064759027791802
controlled__snap_bitcoin_otc__bursty__contiguous__rho0.15__r0,real::snap_bitcoin_otc,time_agnostic_t,200,0.0008880841802676731,-0.12716763005780346,-0.1262795458775358,5.159055299214529
controlled__snap_bitcoin_otc__bursty__contiguous__rho0.15__r0,real::snap_bitcoin_otc,time_agnostic_t,400,-0.0030703768230945228,-0.12320916905444126,-0.1262795458775358,5.857933154483459
controlled__snap_bitcoin_otc__bursty__contiguous__rho0.15__r0,real::snap_bitcoin_otc,time_agnostic_t,600,0.0055033998588983335,-0.12596899224806202,-0.1204655923891637,6.248042874508429
controlled__snap_bitcoin_otc__bursty__contiguous__rho0.15__r0,real::snap_bitcoin_otc,time_agnostic_t,800,0.0034580634519102704,-0.12390670553935859,-0.12044864208744832,6.532334292222349
controlled__snap_bitcoin_otc__bursty__contiguous__rho0.15__r0,real::snap_bitcoin_otc,time_agnostic_t,1200,-0.013729745080723041,-0.10557768924302789,-0.11930743432375093,6.912742820493176
controlled__snap_bitcoin_otc__bursty__contiguous__rho0.15__r0,real::snap_bitcoin_otc,time_agnostic_t,1600,-0.0035522731502630606,-0.11666666666666667,-0.12021893981692973,7.186144304522325
controlled__snap_bitcoin_otc__bursty__contiguous__rho0.15__r0,real::snap_bitcoin_otc,time_respecting,200,0.2446881960579481,-0.3467741935483871,-0.102085997490439,4.8283137373023015
controlled__snap_bitcoin_otc__bursty__contiguous__rho0.15__r0,real::snap_bitcoin_otc,time_respecting,400,0.21798274920443142,-0.3073770491803279,-0.08939429997589644,5.501258210544727
controlled__snap_bitcoin_otc__bursty__contiguous__rho0.15__r0,real::snap_bitcoin_otc,time_respecting,600,0.2225576634247898,-0.3081395348837209,-0.08558187145893113,5.84354441703136
controlled__snap_bitcoin_otc__bursty__contiguous__rho0.15__r0,real::snap_bitcoin_otc,time_respecting,800,0.20705378745579753,-0.2962962962962963,-0.08924250884049875,6.131226489483141
controlled__snap_bitcoin_otc__bursty__contiguous__rho0.15__r0,real::snap_bitcoin_otc,time_respecting,1200,0.21354081340390133,-0.3023952095808383,-0.088854396176937,6.505784060128229
controlled__snap_bitcoin_otc__bursty__contiguous__rho0.15__r0,real::snap_bitcoin_otc,time_respecting,1600,0.1839056393076494,-0.2719907407407407,-0.08808510143309134,6.762729506931879
controlled__snap_bitcoin_otc__bursty__contiguous__rho0.55__r0,real::snap_bitcoin_otc,recent_history_k20,200,0.12344065592691278,-0.5771812080536913,-0.4537405521267785,5.0106352940962555
controlled__snap_bitcoin_otc__bursty__contiguous__rho0.55__r0,real::snap_bitcoin_otc,recent_history_k20,400,0.1273203410926913,-0.5780730897009967,-0.4507527486083054,5.71042701737487
controlled__snap_bitcoin_otc__bursty__contiguous__rho0.55__r0,real::snap_bitcoin_otc,recent_history_k20,600,0.11855825674921161,-0.5698198198198199,-0.4512615630706082,6.09807428216624
controlled__snap_bitcoin_otc__bursty__contiguous__rho0.55__r0,real::snap_bitcoin_otc,recent_history_k20,800,0.12626172292725402,-0.5627118644067797,-0.43645014147952566,6.3818160174060985
controlled__snap_bitcoin_otc__bursty__contiguous__rho0.55__r0,real::snap_bitcoin_otc,recent_history_k20,1200,0.13164264892041322,-0.5693348365276212,-0.43769218760720796,6.78897174299217
controlled__snap_bitcoin_otc__bursty__contiguous__rho0.55__r0,real::snap_bitcoin_otc,recent_history_k20,1600,0.12709828778281584,-0.5629820051413882,-0.4358837173585723,7.0630481633881725
controlled__snap_bitcoin_otc__bursty__contiguous__rho0.55__r0,real::snap_bitcoin_otc,time_agnostic_t,200,0.12619933340869316,-0.5337423312883436,-0.4075429978796504,5.099866427824199
controlled__snap_bitcoin_otc__bursty__contiguous__rho0.55__r0,real::snap_bitcoin_otc,time_agnostic_t,400,0.06621922046522122,-0.4954128440366973,-0.42919362357147606,5.793013608384144
controlled__snap_bitcoin_otc__bursty__contiguous__rho0.55__r0,real::snap_bitcoin_otc,time_agnostic_t,600,0.06301040910690814,-0.4907597535934292,-0.4277493444865211,6.1903154058531475
controlled__snap_bitcoin_otc__bursty__contiguous__rho0.55__r0,real::snap_bitcoin_otc,time_agnostic_t,800,0.05843883500188285,-0.4883720930232558,-0.42993325802137294,6.470799503782602
controlled__snap_bitcoin_otc__bursty__contiguous__rho0.55__r0,real::snap_bitcoin_otc,time_agnostic_t,1200,0.05454340507745614,-0.4811715481171548,-0.42662814303969865,6.863803391452954
controlled__snap_bitcoin_otc__bursty__contiguous__rho0.55__r0,real::snap_bitcoin_otc,time_agnostic_t,1600,0.04603573422668905,-0.4752941176470588,-0.42925838342036976,7.151485463904735
controlled__snap_bitcoin_otc__bursty__contiguous__rho0.55__r0,real::snap_bitcoin_otc,time_respecting,200,0.126737488612654,-0.5789473684210527,-0.45220987980839866,4.74493212836325
controlled__snap_bitcoin_otc__bursty__contiguous__rho0.55__r0,real::snap_bitcoin_otc,time_respecting,400,0.07849187457756623,-0.5307017543859649,-0.45220987980839866,5.43372200355424
controlled__snap_bitcoin_otc__bursty__contiguous__rho0.55__r0,real::snap_bitcoin_otc,time_respecting,600,0.058679412387608654,-0.5114942528735633,-0.4528148404859546,5.855071922202427
controlled__snap_bitcoin_otc__bursty__contiguous__rho0.55__r0,real::snap_bitcoin_otc,time_respecting,800,0.0675269622968645,-0.5197368421052632,-0.45220987980839866,6.124683390894205
controlled__snap_bitcoin_otc__bursty__contiguous__rho0.55__r0,real::snap_bitcoin_otc,time_respecting,1200,0.08179601159172123,-0.5260029717682021,-0.4442069601764808,6.513230110912307
controlled__snap_bitcoin_otc__bursty__contiguous__rho0.55__r0,real::snap_bitcoin_otc,time_respecting,1600,0.10381857401408467,-0.550113895216401,-0.44629532120231624,6.778784897685177
controlled__snap_collegemsg__bursty__contiguous__rho0.15__r0,real::snap_collegemsg,recent_history_k20,200,0.0242709979018296,-0.16379310344827588,-0.13952210554644628,4.762173934797756
controlled__snap_collegemsg__bursty__contiguous__rho0.15__r0,real::snap_collegemsg,recent_history_k20,400,0.04666239960357613,-0.1774891774891775,-0.13082677788560138,5.44673737166631
controlled__snap_collegemsg__bursty__contiguous__rho0.15__r0,real::snap_collegemsg,recent_history_k20,600,0.03757149051266703,-0.1742857142857143,-0.13671422377304726,5.860786223465865
controlled__snap_collegemsg__bursty__contiguous__rho0.15__r0,real::snap_collegemsg,recent_history_k20,800,0.03005426978789913,-0.16771488469601678,-0.13766061490811765,6.169610732491456
controlled__snap_collegemsg__bursty__contiguous__rho0.15__r0,real::snap_collegemsg,recent_history_k20,1200,0.019447232499212347,-0.15789473684210528,-0.13844750434289294,6.583409222158765
controlled__snap_collegemsg__bursty__contiguous__rho0.15__r0,real::snap_collegemsg,recent_history_k20,1600,0.0163452222275752,-0.1503267973856209,-0.1339815751580457,6.823286122355687
controlled__snap_collegemsg__bursty__contiguous__rho0.15__r0,real::snap_collegemsg,time_agnostic_t,200,-0.023142795201618688,-0.125,-0.1481427952016187,5.220355825078325
controlled__snap_collegemsg__bursty__contiguous__rho0.15__r0,real::snap_collegemsg,time_agnostic_t,400,0.00467221820320704,-0.14745308310991956,-0.14278086490671252,5.924255797414532
controlled__snap_collegemsg__bursty__contiguous__rho0.15__r0,real::snap_collegemsg,time_agnostic_t,600,-0.005026853172633183,-0.1358695652173913,-0.14089641839002448,6.315358001522335
controlled__snap_collegemsg__bursty__contiguous__rho0.15__r0,real::snap_collegemsg,time_agnostic_t,800,-0.00014832770507650084,-0.13831258644536654,-0.13846091415044304,6.584791392385716
controlled__snap_collegemsg__bursty__contiguous__rho0.15__r0,real::snap_collegemsg,time_agnostic_t,1200,-0.0017109138299782889,-0.13994439295644115,-0.14165530678641944,6.984716320118265
controlled__snap_collegemsg__bursty__contiguous__rho0.15__r0,real::snap_collegemsg,time_agnostic_t,1600,0.0016122782763379195,-0.14345696291112667,-0.14184468463478875,7.265429723253953
controlled__snap_collegemsg__bursty__contiguous__rho0.15__r0,real::snap_collegemsg,time_respecting,200,0.542122691524045,-0.6460176991150443,-0.10389500759099922,4.736198448394496
controlled__snap_collegemsg__bursty__contiguous__rho0.15__r0,real::snap_collegemsg,time_respecting,400,0.5433994933555952,-0.6218905472636815,-0.07849105390808635,5.308267697401205
controlled__snap_collegemsg__bursty__contiguous__rho0.15__r0,real::snap_collegemsg,time_respecting,600,0.5230900815107101,-0.5993150684931507,-0.07622498698244061,5.680172609017068
controlled__snap_collegemsg__bursty__contiguous__rho0.15__r0,real::snap_collegemsg,time_respecting,800,0.5291058820470586,-0.6005291005291005,-0.07142321848204197,5.937536205082426
controlled__snap_collegemsg__bursty__contiguous__rho0.15__r0,real::snap_collegemsg,time_respecting,1200,0.5025289898271721,-0.564299424184261,-0.06177043435708894,6.257667587882639
controlled__snap_collegemsg__bursty__contiguous__rho0.15__r0,real::snap_collegemsg,time_respecting,1600,0.47986925299115246,-0.5240963855421688,-0.04422713255101628,6.499787040655854
controlled__snap_collegemsg__bursty__contiguous__rho0.55__r0,real::snap_collegemsg,recent_history_k20,200,0.22506583270037583,-0.75177304964539,-0.5267072169450142,4.955827057601261
controlled__snap_collegemsg__bursty__contiguous__rho0.55__r0,real::snap_collegemsg,recent_history_k20,400,0.1678435254398013,-0.6942446043165468,-0.5264010788767455,5.631211781821365
controlled__snap_collegemsg__bursty__contiguous__rho0.55__r0,real::snap_collegemsg,recent_history_k20,600,0.16065816261894683,-0.6864197530864197,-0.5257615904674728,6.0063531596017325
controlled__snap_collegemsg__bursty__contiguous__rho0.55__r0,real::snap_collegemsg,recent_history_k20,800,0.1509009456746172,-0.6691449814126395,-0.5182440357380222,6.289715570908998
controlled__snap_collegemsg__bursty__contiguous__rho0.55__r0,real::snap_collegemsg,recent_history_k20,1200,0.13300577064363828,-0.6432291666666667,-0.5102233960230285,6.645090969505644
controlled__snap_collegemsg__bursty__contiguous__rho0.55__r0,real::snap_collegemsg,recent_history_k20,1600,0.12875334743115086,-0.6334340382678751,-0.5046806908367243,6.901737206656574
controlled__snap_collegemsg__bursty__contiguous__rho0.55__r0,real::snap_collegemsg,time_agnostic_t,200,-0.015375117037521147,-0.5217391304347826,-0.5371142474723037,5.220355825078325
controlled__snap_collegemsg__bursty__contiguous__rho0.55__r0,real::snap_collegemsg,time_agnostic_t,400,0.018053923159361496,-0.5498652291105122,-0.5318113059511507,5.918893854273146
controlled__snap_collegemsg__bursty__contiguous__rho0.55__r0,real::snap_collegemsg,time_agnostic_t,600,0.02370736378089311,-0.5404411764705882,-0.5167338126896951,6.300785794663244
controlled__snap_collegemsg__bursty__contiguous__rho0.55__r0,real::snap_collegemsg,time_agnostic_t,800,0.007571742865860487,-0.5222222222222223,-0.5146504793563618,6.580639137284949
controlled__snap_collegemsg__bursty__contiguous__rho0.55__r0,real::snap_collegemsg,time_agnostic_t,1200,0.008602458182290107,-0.5231910946196661,-0.514588636437376,6.983789965258135
controlled__snap_collegemsg__bursty__contiguous__rho0.55__r0,real::snap_collegemsg,time_agnostic_t,1600,0.006318020878711139,-0.5204513399153738,-0.5141333190366626,7.257707677160043
controlled__snap_collegemsg__bursty__contiguous__rho0.55__r0,real::snap_collegemsg,time_respecting,200,0.4052872153476881,-0.9065420560747663,-0.5012548407270783,4.68213122712422
controlled__snap_collegemsg__bursty__contiguous__rho0.55__r0,real::snap_collegemsg,time_respecting,400,0.39728981915110095,-0.8905472636815921,-0.49325744453049114,5.308267697401205
controlled__snap_collegemsg__bursty__contiguous__rho0.55__r0,real::snap_collegemsg,time_respecting,600,0.4001130731234537,-0.8823529411764706,-0.4822398680530169,5.66988092298052
controlled__snap_collegemsg__bursty__contiguous__rho0.55__r0,real::snap_collegemsg,time_respecting,800,0.4005256724051559,-0.8807588075880759,-0.48023313518292005,5.91350300563827
controlled__snap_collegemsg__bursty__contiguous__rho0.55__r0,real::snap_collegemsg,time_respecting,1200,0.3962469565410741,-0.8596153846153846,-0.46336842807431045,6.255750041753367
controlled__snap_collegemsg__bursty__contiguous__rho0.55__r0,real::snap_collegemsg,time_respecting,1600,0.39602862898993163,-0.8444790046656299,-0.44845037567569823,6.467698726104354
controlled__snap_email_eu__bursty__contiguous__rho0.15__r0,real::snap_email_eu,recent_history_k20,200,0.09252384401786792,-0.24242424242424243,-0.1499003984063745,4.204692619390966
controlled__snap_email_eu__bursty__contiguous__rho0.15__r0,real::snap_email_eu,recent_history_k20,400,0.12509960159362551,-0.275,-0.1499003984063745,4.795790545596741
controlled__snap_email_eu__bursty__contiguous__rho0.15__r0,real::snap_email_eu,recent_history_k20,600,0.12617322122552735,-0.27607361963190186,-0.1499003984063745,5.099866427824199
controlled__snap_email_eu__bursty__contiguous__rho0.15__r0,real::snap_email_eu,recent_history_k20,800,0.12443588477946618,-0.2743362831858407,-0.1499003984063745,5.424950017481403
controlled__snap_email_eu__bursty__contiguous__rho0.15__r0,real::snap_email_eu,recent_history_k20,1200,0.09454404603806993,-0.23888888888888887,-0.14434484285081894,5.8888779583328805
controlled__snap_email_eu__bursty__contiguous__rho0.15__r0,real::snap_email_eu,recent_history_k20,1600,0.10452438035468745,-0.2433628318584071,-0.13883845150371965,6.115892125483034
controlled__snap_email_eu__bursty__contiguous__rho0.15__r0,real::snap_email_eu,time_agnostic_t,200,0.0011412682602921498,-0.14583333333333331,-0.14469206507304117,5.262690188904886
controlled__snap_email_eu__bursty__contiguous__rho0.15__r0,real::snap_email_eu,time_agnostic_t,400,0.011557934926958835,-0.15625,-0.14469206507304117,5.953243334287785
controlled__snap_email_eu__bursty__contiguous__rho0.15__r0,real::snap_email_eu,time_agnostic_t,600,0.013011213378720826,-0.15944540727902948,-0.14643419390030865,6.359573868672378
controlled__snap_email_eu__bursty__contiguous__rho0.15__r0,real::snap_email_eu,time_agnostic_t,800,0.013043096994413916,-0.16031537450722733,-0.1472722775128134,6.635946555686647
controlled__snap_email_eu__bursty__contiguous__rho0.15__r0,real::snap_email_eu,time_agnostic_t,1200,0.01617420194886529,-0.16074600355239788,-0.14457180160353258,7.027314514039777
controlled__snap_email_eu__bursty__contiguous__rho0.15__r0,real::snap_email_eu,time_agnostic_t,1600,0.004049635354597819,-0.149898717083052,-0.14584908172845418,7.301147805856032
controlled__snap_email_eu__bursty__contiguous__rho0.15__r0,real::snap_email_eu,time_respecting,200,0.2965281730221969,-0.4375,-0.14097182697780308,4.727387818712341
controlled__snap_email_eu__bursty__contiguous__rho0.15__r0,real::snap_email_eu,time_respecting,400,0.2713958978899218,-0.4074074074074074,-0.1360115095174856,5.37989735354046
controlled__snap_email_eu__bursty__contiguous__rho0.15__r0,real::snap_email_eu,time_respecting,600,0.2753487710288415,-0.4019933554817276,-0.12664458445288612,5.71042701737487
controlled__snap_email_eu__bursty__contiguous__rho0.15__r0,real::snap_email_eu,time_respecting,800,0.2696246675566861,-0.39313984168865435,-0.12351517413196818,5.940171252720432
controlled__snap_email_eu__bursty__contiguous__rho0.15__r0,real::snap_email_eu,time_respecting,1200,0.23079176917103897,-0.3570127504553734,-0.12622098128433443,6.309918278226516
controlled__snap_email_eu__bursty__contiguous__rho0.15__r0,real::snap_email_eu,time_respecting,1600,0.2290000473588558,-0.3476968796433878,-0.11869683228453201,6.513230110912307
controlled__snap_email_eu__bursty__contiguous__rho0.55__r0,real::snap_email_eu,recent_history_k20,200,0.21001245019920323,-0.76,-0.5499875498007968,3.9318256327243257
controlled__snap_email_eu__bursty__contiguous__rho0.55__r0,real::snap_email_eu,recent_history_k20,400,0.2570299940588523,-0.7894736842105263,-0.532443690151674,4.74493212836325
controlled__snap_email_eu__bursty__contiguous__rho0.55__r0,real::snap_email_eu,recent_history_k20,600,0.26945689464364764,-0.7916666666666666,-0.522209772023019,5.37989735354046
controlled__snap_email_eu__bursty__contiguous__rho0.55__r0,real::snap_email_eu,recent_history_k20,800,0.2608232610100141,-0.7871621621621622,-0.5263389011521481,5.6937321388027
controlled__snap_email_eu__bursty__contiguous__rho0.55__r0,real::snap_email_eu,recent_history_k20,1200,0.23973207636742755,-0.7710280373831776,-0.53129596101575,6.061456918928017
controlled__snap_email_eu__bursty__contiguous__rho0.55__r0,real::snap_email_eu,recent_history_k20,1600,0.23692520187705557,-0.7567114093959731,-0.5197862075189176,6.391917113392602
controlled__snap_email_eu__bursty__contiguous__rho0.55__r0,real::snap_email_eu,time_agnostic_t,200,-0.036474036287283296,-0.49729729729729727,-0.5337713335845806,5.225746673713202
controlled__snap_email_eu__bursty__contiguous__rho0.55__r0,real::snap_email_eu,time_agnostic_t,400,0.0008145892366363539,-0.5374331550802138,-0.5366185658435775,5.926926025970411
controlled__snap_email_eu__bursty__contiguous__rho0.55__r0,real::snap_email_eu,time_agnostic_t,600,0.023987494762483075,-0.5597147950089126,-0.5357273002464296,6.331501849893691
controlled__snap_email_eu__bursty__contiguous__rho0.55__r0,real::snap_email_eu,time_agnostic_t,800,0.01627751044016712,-0.5488621151271754,-0.5325846046870083,6.617402977974478
controlled__snap_email_eu__bursty__contiguous__rho0.55__r0,real::snap_email_eu,time_agnostic_t,1200,0.0014564935205028107,-0.5288808664259927,-0.5274243729054899,7.011213987350367
controlled__snap_email_eu__bursty__contiguous__rho0.55__r0,real::snap_email_eu,time_agnostic_t,1600,-0.0006724813076460778,-0.5205479452054794,-0.5212204265131255,7.2868764117507
controlled__snap_email_eu__bursty__contiguous__rho0.55__r0,real::snap_email_eu,time_respecting,200,0.3696553073420603,-0.8571428571428571,-0.4874875498007968,4.727387818712341
controlled__snap_email_eu__bursty__contiguous__rho0.55__r0,real::snap_email_eu,time_respecting,400,0.38070551950613396,-0.8613861386138615,-0.48068061910772747,5.313205979041787
controlled__snap_email_eu__bursty__contiguous__rho0.55__r0,real::snap_email_eu,time_respecting,600,0.3802450083387381,-0.8737541528239202,-0.4935091444851822,5.71042701737487
controlled__snap_email_eu__bursty__contiguous__rho0.55__r0,real::snap_email_eu,time_respecting,800,0.3707285627311725,-0.867007672634271,-0.4962791099030986,5.971261839790462
controlled__snap_email_eu__bursty__contiguous__rho0.55__r0,real::snap_email_eu,time_respecting,1200,0.3645105914631437,-0.8550185873605948,-0.4905079958974511,6.289715570908998
controlled__snap_email_eu__bursty__contiguous__rho0.55__r0,real::snap_email_eu,time_respecting,1600,0.35518486399230664,-0.8433908045977011,-0.48820594060539446,6.546785410760524
controlled__snap_mathoverflow__bursty__contiguous__rho0.15__r0,real::snap_mathoverflow,recent_history_k20,200,0.11265732554551941,-0.2418300653594771,-0.1291727398139577,5.0369526024136295
controlled__snap_mathoverflow__bursty__contiguous__rho0.15__r0,real::snap_mathoverflow,recent_history_k20,400,0.10219980920565014,-0.23492063492063492,-0.13272082571498478,5.755742213586912
controlled__snap_mathoverflow__bursty__contiguous__rho0.15__r0,real::snap_mathoverflow,recent_history_k20,600,0.08626689515952854,-0.2222222222222222,-0.13595532706269367,6.169610732491456
controlled__snap_mathoverflow__bursty__contiguous__rho0.15__r0,real::snap_mathoverflow,recent_history_k20,800,0.0878023131180132,-0.22535211267605632,-0.1375497995580431,6.461468176353717
controlled__snap_mathoverflow__bursty__contiguous__rho0.15__r0,real::snap_mathoverflow,recent_history_k20,1200,0.0841103063127466,-0.2221041445270988,-0.1379938382143522,6.848005274576363
controlled__snap_mathoverflow__bursty__contiguous__rho0.15__r0,real::snap_mathoverflow,recent_history_k20,1600,0.09214303710508243,-0.23114355231143552,-0.1390005152063531,7.1180162044653335
controlled__snap_mathoverflow__bursty__contiguous__rho0.15__r0,real::snap_mathoverflow,time_agnostic_t,200,0.02079884302207527,-0.15760869565217392,-0.13680985263009865,5.220355825078325
controlled__snap_mathoverflow__bursty__contiguous__rho0.15__r0,real::snap_mathoverflow,time_agnostic_t,400,0.004031960505886556,-0.14361702127659576,-0.1395850607707092,5.932245187448011
controlled__snap_mathoverflow__bursty__contiguous__rho0.15__r0,real::snap_mathoverflow,time_agnostic_t,600,0.0018834786402092685,-0.1387900355871886,-0.13690655694697934,6.333279628139691
controlled__snap_mathoverflow__bursty__contiguous__rho0.15__r0,real::snap_mathoverflow,time_agnostic_t,800,-0.004592813376446125,-0.13225371120107962,-0.13684652457752575,6.60934924316738
controlled__snap_mathoverflow__bursty__contiguous__rho0.15__r0,real::snap_mathoverflow,time_agnostic_t,1200,0.0011245403884458383,-0.1388888888888889,-0.13776434850044306,7.018401799069201
controlled__snap_mathoverflow__bursty__contiguous__rho0.15__r0,real::snap_mathoverflow,time_agnostic_t,1600,-0.0017876459914824838,-0.135752688172043,-0.13754033416352549,7.305860032684009
controlled__snap_mathoverflow__bursty__contiguous__rho0.15__r0,real::snap_mathoverflow,time_respecting,200,0.11127649152176908,-0.2535211267605634,-0.1422446352387943,4.962844630259907
controlled__snap_mathoverflow__bursty__contiguous__rho0.15__r0,real::snap_mathoverflow,time_respecting,400,0.12953236824552625,-0.27177700348432055,-0.1422446352387943,5.662960480135946
controlled__snap_mathoverflow__bursty__contiguous__rho0.15__r0,real::snap_mathoverflow,time_respecting,600,0.13263688134888343,-0.27488151658767773,-0.1422446352387943,6.0473721790462776
controlled__snap_mathoverflow__bursty__contiguous__rho0.15__r0,real::snap_mathoverflow,time_respecting,800,0.12394241512091794,-0.2643884892086331,-0.14044607408771517,6.322565239927284
controlled__snap_mathoverflow__bursty__contiguous__rho0.15__r0,real::snap_mathoverflow,time_respecting,1200,0.13465983876362406,-0.2732769044740024,-0.13861706571037832,6.71901315438526
controlled__snap_mathoverflow__bursty__contiguous__rho0.15__r0,real::snap_mathoverflow,time_respecting,1600,0.13889089589673684,-0.2774725274725275,-0.13858163157579065,6.996681488176539
controlled__snap_mathoverflow__bursty__contiguous__rho0.55__r0,real::snap_mathoverflow,recent_history_k20,200,0.11341529584585047,-0.4817073170731707,-0.36829202122732024,5.10594547390058
controlled__snap_mathoverflow__bursty__contiguous__rho0.55__r0,real::snap_mathoverflow,recent_history_k20,400,0.13320920199159886,-0.49848024316109424,-0.3652710411694954,5.799092654460526
controlled__snap_mathoverflow__bursty__contiguous__rho0.55__r0,real::snap_mathoverflow,recent_history_k20,600,0.155852353280941,-0.5221774193548387,-0.36632506607389775,6.208590026096629
controlled__snap_mathoverflow__bursty__contiguous__rho0.55__r0,real::snap_mathoverflow,recent_history_k20,800,0.1524098052396427,-0.5160796324655436,-0.3636698272259009,6.483107351457199
controlled__snap_mathoverflow__bursty__contiguous__rho0.55__r0,real::snap_mathoverflow,recent_history_k20,1200,0.15514198602517587,-0.5213849287169042,-0.36624294269172836,6.890609120147166
controlled__snap_mathoverflow__bursty__contiguous__rho0.55__r0,real::snap_mathoverflow,recent_history_k20,1600,0.15924956152795683,-0.52217125382263,-0.36292169229467314,7.1770187659099
controlled__snap_mathoverflow__bursty__contiguous__rho0.55__r0,real::snap_mathoverflow,time_agnostic_t,200,-0.035591767995279744,-0.33879781420765026,-0.37438958220293,5.214935757608986
controlled__snap_mathoverflow__bursty__contiguous__rho0.55__r0,real::snap_mathoverflow,time_agnostic_t,400,-0.010006020559094386,-0.3561643835616438,-0.3661704041207382,5.902633333401366
controlled__snap_mathoverflow__bursty__contiguous__rho0.55__r0,real::snap_mathoverflow,time_agnostic_t,600,-0.014389582202930018,-0.35454545454545455,-0.36893503674838457,6.311734809152915
controlled__snap_mathoverflow__bursty__contiguous__rho0.55__r0,real::snap_mathoverflow,time_agnostic_t,800,-0.005470663284011079,-0.3608108108108108,-0.3662814740948219,6.608000625296087
controlled__snap_mathoverflow__bursty__contiguous__rho0.55__r0,real::snap_mathoverflow,time_agnostic_t,1200,0.01015668913579415,-0.3710691823899371,-0.36091249325414293,7.01571242048723
controlled__snap_mathoverflow__bursty__contiguous__rho0.55__r0,real::snap_mathoverflow,time_agnostic_t,1600,0.009653690278476346,-0.3705206220419202,-0.36086693176344387,7.299797366758161
controlled__snap_mathoverflow__bursty__contiguous__rho0.55__r0,real::snap_mathoverflow,time_respecting,200,0.41615095833761057,-0.7905405405405406,-0.37438958220293,5.003946305945459
controlled__snap_mathoverflow__bursty__contiguous__rho0.55__r0,real::snap_mathoverflow,time_respecting,400,0.4227118670724323,-0.7934782608695652,-0.3707663937971329,5.6240175061873385
controlled__snap_mathoverflow__bursty__contiguous__rho0.55__r0,real::snap_mathoverflow,time_respecting,600,0.41356222502598566,-0.7831325301204819,-0.3695703050944963,6.030685260261263
controlled__snap_mathoverflow__bursty__contiguous__rho0.55__r0,real::snap_mathoverflow,time_respecting,800,0.3976692413264818,-0.761029411764706,-0.3633601704382241,6.300785794663244
controlled__snap_mathoverflow__bursty__contiguous__rho0.55__r0,real::snap_mathoverflow,time_respecting,1200,0.3712244528847893,-0.731829573934837,-0.3606051210500478,6.683360945766275
controlled__snap_mathoverflow__bursty__contiguous__rho0.55__r0,real::snap_mathoverflow,time_respecting,1600,0.36603187373576734,-0.7260536398467433,-0.36002176611097597,6.951772164398911
controlled__sp_highschool2013__bursty__contiguous__rho0.15__r0,real::sp_highschool2013,recent_history_k20,200,-0.010475153737443094,-0.1388888888888889,-0.149364042626332,3.6109179126442243
controlled__sp_highschool2013__bursty__contiguous__rho0.15__r0,real::sp_highschool2013,recent_history_k20,400,0.07612615345209939,-0.21568627450980393,-0.13956012105770454,4.634728988229636
controlled__sp_highschool2013__bursty__contiguous__rho0.15__r0,real::sp_highschool2013,recent_history_k20,600,0.08044962196994129,-0.20496894409937888,-0.12451932212943759,5.087596335232384
controlled__sp_highschool2013__bursty__contiguous__rho0.15__r0,real::sp_highschool2013,recent_history_k20,800,0.06003766677537742,-0.1794871794871795,-0.11944951271180207,5.459585514144159
controlled__sp_highschool2013__bursty__contiguous__rho0.15__r0,real::sp_highschool2013,recent_history_k20,1200,0.058128752762717006,-0.17579250720461095,-0.11766375444189395,5.8522024797744745
controlled__sp_highschool2013__bursty__contiguous__rho0.15__r0,real::sp_highschool2013,recent_history_k20,1600,0.07364065220934876,-0.19248826291079812,-0.11884761070144936,6.056784013228625
controlled__sp_highschool2013__bursty__contiguous__rho0.15__r0,real::sp_highschool2013,time_agnostic_t,200,-0.03706457738569027,-0.11229946524064172,-0.149364042626332,5.236441962829949
controlled__sp_highschool2013__bursty__contiguous__rho0.15__r0,real::sp_highschool2013,time_agnostic_t,400,-0.03676350643330249,-0.10991957104557641,-0.1466830774788789,5.924255797414532
controlled__sp_highschool2013__bursty__contiguous__rho0.15__r0,real::sp_highschool2013,time_agnostic_t,600,-0.011931854561232524,-0.13381555153707053,-0.14574740609830306,6.317164686747284
controlled__sp_highschool2013__bursty__contiguous__rho0.15__r0,real::sp_highschool2013,time_agnostic_t,800,-0.015755227199334754,-0.12947658402203854,-0.1452318112213733,6.588926477533519
controlled__sp_highschool2013__bursty__contiguous__rho0.15__r0,real::sp_highschool2013,time_agnostic_t,1200,-0.013432483690970776,-0.12547528517110265,-0.13890776886207343,6.959398512133975
controlled__sp_highschool2013__bursty__contiguous__rho0.15__r0,real::sp_highschool2013,time_agnostic_t,1600,-0.0072395005017898695,-0.13040293040293038,-0.13764243090472028,7.2196420401307355
controlled__sp_highschool2013__bursty__contiguous__rho0.15__r0,real::sp_highschool2013,time_respecting,200,0.08825971974990562,-0.2277227722772277,-0.13946305252732208,4.624972813284271
controlled__sp_highschool2013__bursty__contiguous__rho0.15__r0,real::sp_highschool2013,time_respecting,400,0.10344494613771296,-0.2359550561797753,-0.1325101100420623,5.187385805840755
controlled__sp_highschool2013__bursty__contiguous__rho0.15__r0,real::sp_highschool2013,time_respecting,600,0.11863595737366803,-0.24800000000000003,-0.129364042626332,5.5254529391317835
controlled__sp_highschool2013__bursty__contiguous__rho0.15__r0,real::sp_highschool2013,time_respecting,800,0.126609983347694,-0.25974025974025977,-0.13313027639256575,5.733341276897746
controlled__sp_highschool2013__bursty__contiguous__rho0.15__r0,real::sp_highschool2013,time_respecting,1200,0.11614464223719159,-0.24069478908188585,-0.12455014684469427,6.0014148779611505
controlled__sp_highschool2013__bursty__contiguous__rho0.15__r0,real::sp_highschool2013,time_respecting,1600,0.1206946657885408,-0.2446183953033268,-0.123923729514786,6.238324625039508
controlled__sp_highschool2013__bursty__contiguous__rho0.55__r0,real::sp_highschool2013,recent_history_k20,200,0.2748679646238945,-0.7922077922077922,-0.5173398275838977,4.356708826689592
controlled__sp_highschool2013__bursty__contiguous__rho0.55__r0,real::sp_highschool2013,recent_history_k20,400,0.28801144764689557,-0.7831325301204819,-0.4951210824735864,5.117993812416755
controlled__sp_highschool2013__bursty__contiguous__rho0.55__r0,real::sp_highschool2013,recent_history_k20,600,0.2860512258071557,-0.7698412698412699,-0.4837900440341142,5.53338948872752
controlled__sp_highschool2013__bursty__contiguous__rho0.55__r0,real::sp_highschool2013,recent_history_k20,800,0.27345633277748005,-0.7546583850931677,-0.4812020523156877,5.777652323222656
controlled__sp_highschool2013__bursty__contiguous__rho0.55__r0,real::sp_highschool2013,recent_history_k20,1200,0.2648125572772907,-0.7178329571106095,-0.45302039983331877,6.095824562432225
controlled__sp_highschool2013__bursty__contiguous__rho0.55__r0,real::sp_highschool2013,recent_history_k20,1600,0.26764021004631655,-0.7261484098939929,-0.4585081998476764,6.340359303727752
controlled__sp_highschool2013__bursty__contiguous__rho0.55__r0,real::sp_highschool2013,time_agnostic_t,200,-0.03815921438266601,-0.49484536082474223,-0.5330045752074083,5.272999558563747
controlled__sp_highschool2013__bursty__contiguous__rho0.55__r0,real::sp_highschool2013,time_agnostic_t,400,-0.019753644133839954,-0.5078534031413613,-0.5276070472752012,5.948034989180646
controlled__sp_highschool2013__bursty__contiguous__rho0.55__r0,real::sp_highschool2013,time_agnostic_t,600,-0.005679444955773216,-0.5197132616487455,-0.5253927066045188,6.326149473155099
controlled__sp_highschool2013__bursty__contiguous__rho0.55__r0,real::sp_highschool2013,time_agnostic_t,800,-0.015648536418922387,-0.5074224021592443,-0.5230709385781667,6.60934924316738
controlled__sp_highschool2013__bursty__contiguous__rho0.55__r0,real::sp_highschool2013,time_agnostic_t,1200,-0.00643243432356333,-0.5051353874883286,-0.511567821811892,6.977281341630747
controlled__sp_highschool2013__bursty__contiguous__rho0.55__r0,real::sp_highschool2013,time_agnostic_t,1600,-0.009691293904995346,-0.49530007230657985,-0.5049913662115753,7.232733136177615
controlled__sp_highschool2013__bursty__contiguous__rho0.55__r0,real::sp_highschool2013,time_respecting,200,0.26476695452288435,-0.7777777777777778,-0.5130108232548934,4.605170185988092
controlled__sp_highschool2013__bursty__contiguous__rho0.55__r0,real::sp_highschool2013,time_respecting,400,0.23625603891519453,-0.7526881720430108,-0.5164321331278162,5.231108616854587
controlled__sp_highschool2013__bursty__contiguous__rho0.55__r0,real::sp_highschool2013,time_respecting,600,0.2031650196815129,-0.7183098591549296,-0.5151448394734167,5.652489180268651
controlled__sp_highschool2013__bursty__contiguous__rho0.55__r0,real::sp_highschool2013,time_respecting,800,0.19620710452590862,-0.7065868263473054,-0.5103797218213968,5.814130531825066
controlled__sp_highschool2013__bursty__contiguous__rho0.55__r0,real::sp_highschool2013,time_respecting,1200,0.20222186072779058,-0.6986607142857143,-0.4964388535579237,6.1070228877422545
controlled__sp_highschool2013__bursty__contiguous__rho0.55__r0,real::sp_highschool2013,time_respecting,1600,0.20668614644207628,-0.6960431654676259,-0.4893570190255496,6.322565239927284
controlled__sp_hospital__bursty__contiguous__rho0.15__r0,real::sp_hospital,recent_history_k20,200,0.05441376007662227,-0.18181818181818182,-0.12740442174155955,3.8066624897703196
controlled__sp_hospital__bursty__contiguous__rho0.15__r0,real::sp_hospital,recent_history_k20,400,0.05441376007662227,-0.18181818181818182,-0.12740442174155955,4.48863636973214
controlled__sp_hospital__bursty__contiguous__rho0.15__r0,real::sp_hospital,recent_history_k20,600,0.04499025675067991,-0.17073170731707318,-0.12574145056639327,4.820281565605037
controlled__sp_hospital__bursty__contiguous__rho0.15__r0,real::sp_hospital,recent_history_k20,800,0.04305012371298589,-0.1590909090909091,-0.1160407853779232,5.176149732573829
controlled__sp_hospital__bursty__contiguous__rho0.15__r0,real::sp_hospital,recent_history_k20,1200,0.04986830553116772,-0.168,-0.11813169446883229,5.5254529391317835
controlled__sp_hospital__bursty__contiguous__rho0.15__r0,real::sp_hospital,recent_history_k20,1600,0.05179138245424464,-0.16025641025641027,-0.10846502780216563,5.746203190540153
controlled__sp_hospital__bursty__contiguous__rho0.15__r0,real::sp_hospital,time_agnostic_t,200,0.012789653845774462,-0.15730337078651685,-0.1445137169407424,5.187385805840755
controlled__sp_hospital__bursty__contiguous__rho0.15__r0,real::sp_hospital,time_agnostic_t,400,0.01653497219783437,-0.14814814814814814,-0.13161317595031377,5.783825182329737
controlled__sp_hospital__bursty__contiguous__rho0.15__r0,real::sp_hospital,time_agnostic_t,600,0.008563957705080755,-0.1391304347826087,-0.13056647707752794,6.133398042996649
controlled__sp_hospital__bursty__contiguous__rho0.15__r0,real::sp_hospital,time_agnostic_t,800,0.005735205706299068,-0.12609457092819615,-0.12035936522189708,6.349138991379798
controlled__sp_hospital__bursty__contiguous__rho0.15__r0,real::sp_hospital,time_agnostic_t,1200,0.0006085477922713467,-0.1117092866756393,-0.11110073888336795,6.612041034833092
controlled__sp_hospital__bursty__contiguous__rho0.15__r0,real::sp_hospital,time_agnostic_t,1600,-0.004741623546846485,-0.09692671394799053,-0.10166833749483702,6.741700694652055
controlled__sp_hospital__bursty__contiguous__rho0.15__r0,real::sp_hospital,time_respecting,200,0.03827410263261699,-0.18840579710144928,-0.1501316944688323,4.248495242049359
controlled__sp_hospital__bursty__contiguous__rho0.15__r0,real::sp_hospital,time_respecting,400,0.027287660369877398,-0.16935483870967744,-0.14206717833980004,4.8283137373023015
controlled__sp_hospital__bursty__contiguous__rho0.15__r0,real::sp_hospital,time_respecting,600,0.04380769947056165,-0.18787878787878787,-0.14407108840822622,5.111987788356544
controlled__sp_hospital__bursty__contiguous__rho0.15__r0,real::sp_hospital,time_respecting,800,0.04082307940051444,-0.18592964824120603,-0.1451065688406916,5.298317366548036
controlled__sp_hospital__bursty__contiguous__rho0.15__r0,real::sp_hospital,time_respecting,1200,0.056346038324689984,-0.19028340080971662,-0.13393736248502663,5.5134287461649825
controlled__sp_hospital__bursty__contiguous__rho0.15__r0,real::sp_hospital,time_respecting,1600,0.046296876959739136,-0.17142857142857143,-0.1251316944688323,5.638354669333745
controlled__sp_hospital__bursty__contiguous__rho0.55__r0,real::sp_hospital,recent_history_k20,200,0.15215100965759432,-0.7,-0.5478489903424056,4.394449154672439
controlled__sp_hospital__bursty__contiguous__rho0.55__r0,real::sp_hospital,recent_history_k20,400,0.16747947681087905,-0.6788321167883212,-0.5113526399774422,4.927253685157205
controlled__sp_hospital__bursty__contiguous__rho0.55__r0,real::sp_hospital,recent_history_k20,600,0.18841474592133067,-0.6703296703296704,-0.4819149244083397,5.209486152841421
controlled__sp_hospital__bursty__contiguous__rho0.55__r0,real::sp_hospital,recent_history_k20,800,0.15554084016606895,-0.6228813559322034,-0.46734051576613445,5.4680601411351315
controlled__sp_hospital__bursty__contiguous__rho0.55__r0,real::sp_hospital,recent_history_k20,1200,0.12292024042682514,-0.5384615384615384,-0.4155412980347133,5.786897381366708
controlled__sp_hospital__bursty__contiguous__rho0.55__r0,real::sp_hospital,recent_history_k20,1600,0.11062766813425284,-0.5012285012285013,-0.3906008330942484,6.0112671744041615
controlled__sp_hospital__bursty__contiguous__rho0.55__r0,real::sp_hospital,time_agnostic_t,200,0.020332827839412593,-0.5511363636363636,-0.530803535796951,5.176149732573829
controlled__sp_hospital__bursty__contiguous__rho0.55__r0,real::sp_hospital,time_agnostic_t,400,-0.017361185464356832,-0.5,-0.5173611854643568,5.796057750765372
controlled__sp_hospital__bursty__contiguous__rho0.55__r0,real::sp_hospital,time_agnostic_t,600,-0.01971046220387751,-0.47835497835497837,-0.4980654405588559,6.137727054086234
controlled__sp_hospital__bursty__contiguous__rho0.55__r0,real::sp_hospital,time_agnostic_t,800,-0.00048056928977402436,-0.4649122807017544,-0.4653928499915284,6.3473892096560105
controlled__sp_hospital__bursty__contiguous__rho0.55__r0,real::sp_hospital,time_agnostic_t,1200,-0.011460850180680549,-0.39892183288409705,-0.4103826830647776,6.610696044717759
controlled__sp_hospital__bursty__contiguous__rho0.55__r0,real::sp_hospital,time_agnostic_t,1600,-0.010897489187671194,-0.36605080831408776,-0.37694829750175896,6.7650389767805414
controlled__sp_hospital__bursty__contiguous__rho0.55__r0,real::sp_hospital,time_respecting,200,0.09168589337852462,-0.6046511627906977,-0.5129652694121731,4.465908118654584
controlled__sp_hospital__bursty__contiguous__rho0.55__r0,real::sp_hospital,time_respecting,400,0.08005798640178041,-0.5503875968992248,-0.4703296104974444,4.867534450455582
controlled__sp_hospital__bursty__contiguous__rho0.55__r0,real::sp_hospital,time_respecting,600,0.07635483131364529,-0.5286624203821656,-0.4523075890685203,5.062595033026967
controlled__sp_hospital__bursty__contiguous__rho0.55__r0,real::sp_hospital,time_respecting,800,0.08655961180813199,-0.543010752688172,-0.45645114088004,5.231108616854587
controlled__sp_hospital__bursty__contiguous__rho0.55__r0,real::sp_hospital,time_respecting,1200,0.07558197200069061,-0.5271966527196653,-0.4516146807189747,5.480638923341991
controlled__sp_hospital__bursty__contiguous__rho0.55__r0,real::sp_hospital,time_respecting,1600,0.08429386680045148,-0.5142857142857142,-0.42999184748526276,5.638354669333745
controlled__sp_hypertext2009__bursty__contiguous__rho0.15__r0,real::sp_hypertext2009,recent_history_k20,200,0.12606068683637664,-0.21951219512195122,-0.0934515082855746,4.418840607796598
controlled__sp_hypertext2009__bursty__contiguous__rho0.15__r0,real::sp_hypertext2009,recent_history_k20,400,0.1389576863099685,-0.2302158273381295,-0.09125814102816102,4.941642422609304
controlled__sp_hypertext2009__bursty__contiguous__rho0.15__r0,real::sp_hypertext2009,recent_history_k20,600,0.09022965842299971,-0.17525773195876287,-0.08502807353576318,5.272999558563747
controlled__sp_hypertext2009__bursty__contiguous__rho0.15__r0,real::sp_hypertext2009,recent_history_k20,800,0.08431752746929908,-0.16487455197132617,-0.08055702450202708,5.634789603169249
controlled__sp_hypertext2009__bursty__contiguous__rho0.15__r0,real::sp_hypertext2009,recent_history_k20,1200,0.07451002772665238,-0.1462140992167102,-0.07170407149005781,5.950642552587727
controlled__sp_hypertext2009__bursty__contiguous__rho0.15__r0,real::sp_hypertext2009,recent_history_k20,1600,0.05651553192536807,-0.13305613305613306,-0.076540601130765,6.1779441140506
controlled__sp_hypertext2009__bursty__contiguous__rho0.15__r0,real::sp_hypertext2009,time_agnostic_t,200,-0.011896630236794103,-0.09375,-0.1056466302367941,5.262690188904886
controlled__sp_hypertext2009__bursty__contiguous__rho0.15__r0,real::sp_hypertext2009,time_agnostic_t,400,-0.000674254546186373,-0.1022099447513812,-0.10288419929756759,5.8944028342648505
controlled__sp_hypertext2009__bursty__contiguous__rho0.15__r0,real::sp_hypertext2009,time_agnostic_t,600,0.014975937856591112,-0.11478599221789884,-0.09981005436130772,6.244166900663736
controlled__sp_hypertext2009__bursty__contiguous__rho0.15__r0,real::sp_hypertext2009,time_agnostic_t,800,0.01570513627626273,-0.11367127496159754,-0.09796613868533481,6.480044561926653
controlled__sp_hypertext2009__bursty__contiguous__rho0.15__r0,real::sp_hypertext2009,time_agnostic_t,1200,0.003973056564100755,-0.09731543624161074,-0.09334237967750998,6.796823718274855
controlled__sp_hypertext2009__bursty__contiguous__rho0.15__r0,real::sp_hypertext2009,time_agnostic_t,1600,0.003967026546673996,-0.09433962264150943,-0.09037259609483543,7.01571242048723
controlled__sp_hypertext2009__bursty__contiguous__rho0.15__r0,real::sp_hypertext2009,time_respecting,200,0.042868221248354405,-0.1485148514851485,-0.1056466302367941,4.624972813284271
controlled__sp_hypertext2009__bursty__contiguous__rho0.15__r0,real::sp_hypertext2009,time_respecting,400,0.061983427566674104,-0.1676300578034682,-0.1056466302367941,5.159055299214529
controlled__sp_hypertext2009__bursty__contiguous__rho0.15__r0,real::sp_hypertext2009,time_respecting,600,0.07576929896674572,-0.17256637168141592,-0.09679707271467021,5.424950017481403
controlled__sp_hypertext2009__bursty__contiguous__rho0.15__r0,real::sp_hypertext2009,time_respecting,800,0.0741286506620823,-0.17228464419475656,-0.09815599353267425,5.5909869805108565
controlled__sp_hypertext2009__bursty__contiguous__rho0.15__r0,real::sp_hypertext2009,time_respecting,1200,0.06999076353091127,-0.16997167138810199,-0.0999809078571907,5.869296913133774
controlled__sp_hypertext2009__bursty__contiguous__rho0.15__r0,real::sp_hypertext2009,time_respecting,1600,0.06019495392162175,-0.15594059405940594,-0.09574564013778421,6.003887067106539
controlled__sp_hypertext2009__bursty__contiguous__rho0.55__r0,real::sp_hypertext2009,recent_history_k20,200,0.25832682799895923,-0.511904761904762,-0.2535779339058027,4.442651256490317
controlled__sp_hypertext2009__bursty__contiguous__rho0.55__r0,real::sp_hypertext2009,recent_history_k20,400,0.21355922035710007,-0.4431137724550898,-0.22955455209798975,5.123963979403259
controlled__sp_hypertext2009__bursty__contiguous__rho0.55__r0,real::sp_hypertext2009,recent_history_k20,600,0.18221604895930987,-0.40585774058577406,-0.2236416916264642,5.480638923341991
controlled__sp_hypertext2009__bursty__contiguous__rho0.55__r0,real::sp_hypertext2009,recent_history_k20,800,0.19856959177113476,-0.41830065359477125,-0.2197310618236365,5.726847747587197
controlled__sp_hypertext2009__bursty__contiguous__rho0.55__r0,real::sp_hypertext2009,recent_history_k20,1200,0.17598071882358174,-0.37073170731707317,-0.19475098849349143,6.018593214496234
controlled__sp_hypertext2009__bursty__contiguous__rho0.55__r0,real::sp_hypertext2009,recent_history_k20,1600,0.16689825657038776,-0.3447619047619047,-0.17786364819151698,6.26530121273771
controlled__sp_hypertext2009__bursty__contiguous__rho0.55__r0,real::sp_hypertext2009,time_agnostic_t,200,0.03451730418943538,-0.2894736842105263,-0.25495638002109094,5.25227342804663
controlled__sp_hypertext2009__bursty__contiguous__rho0.55__r0,real::sp_hypertext2009,time_agnostic_t,400,0.02297884265097383,-0.27197802197802196,-0.24899917932704813,5.8998973535824915
controlled__sp_hypertext2009__bursty__contiguous__rho0.55__r0,real::sp_hypertext2009,time_agnostic_t,600,-0.01355961888748769,-0.23846153846153845,-0.25202115734902614,6.255750041753367
controlled__sp_hypertext2009__bursty__contiguous__rho0.55__r0,real::sp_hypertext2009,time_agnostic_t,800,-0.006446551232251352,-0.23644578313253012,-0.24289233436478147,6.499787040655854
controlled__sp_hypertext2009__bursty__contiguous__rho0.55__r0,real::sp_hypertext2009,time_agnostic_t,1200,-0.006672123123339924,-0.2246696035242291,-0.23134172664756902,6.812345094177479
controlled__sp_hypertext2009__bursty__contiguous__rho0.55__r0,real::sp_hypertext2009,time_agnostic_t,1600,-0.004039033838733608,-0.2183098591549296,-0.2223488929936632,7.036148493750536
controlled__sp_hypertext2009__bursty__contiguous__rho0.55__r0,real::sp_hypertext2009,time_respecting,200,0.1834968960261701,-0.4387755102040816,-0.25527861417791153,4.59511985013459
controlled__sp_hypertext2009__bursty__contiguous__rho0.55__r0,real::sp_hypertext2009,time_respecting,400,0.18030043671955587,-0.43373493975903615,-0.2534345030394803,5.117993812416755
controlled__sp_hypertext2009__bursty__contiguous__rho0.55__r0,real::sp_hypertext2009,time_respecting,600,0.16179003146216264,-0.40909090909090906,-0.24730087762874642,5.3981627015177525
controlled__sp_hypertext2009__bursty__contiguous__rho0.55__r0,real::sp_hypertext2009,time_respecting,800,0.15057569835001933,-0.3978102189781022,-0.24723452062808285,5.616771097666572
controlled__sp_hypertext2009__bursty__contiguous__rho0.55__r0,real::sp_hypertext2009,time_respecting,1200,0.1694285467929857,-0.40828402366863903,-0.23885547687565337,5.82600010738045
controlled__sp_hypertext2009__bursty__contiguous__rho0.55__r0,real::sp_hypertext2009,time_respecting,1600,0.16801484113524823,-0.39901477832512317,-0.23099993718987494,6.008813185442595
controlled__sp_primaryschool__bursty__contiguous__rho0.15__r0,real::sp_primaryschool,recent_history_k20,200,0.11120715521340746,-0.22522522522522523,-0.11401807001181777,4.718498871295094
controlled__sp_primaryschool__bursty__contiguous__rho0.15__r0,real::sp_primaryschool,recent_history_k20,400,0.088263650961492,-0.21962616822429906,-0.13136251726280707,5.3706380281276624
controlled__sp_primaryschool__bursty__contiguous__rho0.15__r0,real::sp_primaryschool,recent_history_k20,600,0.09605181295526147,-0.2336448598130841,-0.13759304685782264,5.7745515455444085
controlled__sp_primaryschool__bursty__contiguous__rho0.15__r0,real::sp_primaryschool,recent_history_k20,800,0.0921521289641366,-0.22302158273381295,-0.13086945376967635,6.035481432524756
controlled__sp_primaryschool__bursty__contiguous__rho0.15__r0,real::sp_primaryschool,recent_history_k20,1200,0.1089162527664988,-0.2433697347893916,-0.1344534820228928,6.464588303689961
controlled__sp_primaryschool__bursty__contiguous__rho0.15__r0,real::sp_primaryschool,recent_history_k20,1600,0.11411959720908227,-0.24607961399276235,-0.13196001678368008,6.721425700790643
controlled__sp_primaryschool__bursty__contiguous__rho0.15__r0,real::sp_primaryschool,time_agnostic_t,200,0.010567655610177279,-0.16062176165803108,-0.1500541060478538,5.267858159063328
controlled__sp_primaryschool__bursty__contiguous__rho0.15__r0,real::sp_primaryschool,time_agnostic_t,400,-0.0026856849952222317,-0.14736842105263157,-0.1500541060478538,5.942799375126701
controlled__sp_primaryschool__bursty__contiguous__rho0.15__r0,real::sp_primaryschool,time_agnostic_t,600,0.001889356849672702,-0.15017667844522967,-0.14828732159555696,6.340359303727752
controlled__sp_primaryschool__bursty__contiguous__rho0.15__r0,real::sp_primaryschool,time_agnostic_t,800,0.00967743757630729,-0.15704697986577182,-0.14736954228946453,6.61472560020376
controlled__sp_primaryschool__bursty__contiguous__rho0.15__r0,real::sp_primaryschool,time_agnostic_t,1200,0.0086040988478851,-0.15503173164097916,-0.14642763279309406,7.00669522683704
controlled__sp_primaryschool__bursty__contiguous__rho0.15__r0,real::sp_primaryschool,time_agnostic_t,1600,0.013394169814215179,-0.15931034482758621,-0.14591617501337104,7.280008252884188
controlled__sp_primaryschool__bursty__contiguous__rho0.15__r0,real::sp_primaryschool,time_respecting,200,0.022077041493129806,-0.1721311475409836,-0.1500541060478538,4.812184355372417
controlled__sp_primaryschool__bursty__contiguous__rho0.15__r0,real::sp_primaryschool,time_respecting,400,0.018215124721376985,-0.16826923076923078,-0.1500541060478538,5.342334251964811
controlled__sp_primaryschool__bursty__contiguous__rho0.15__r0,real::sp_primaryschool,time_respecting,600,0.0526037012611163,-0.2026578073089701,-0.1500541060478538,5.71042701737487
controlled__sp_primaryschool__bursty__contiguous__rho0.15__r0,real::sp_primaryschool,time_respecting,800,0.05693514126397417,-0.20698924731182797,-0.1500541060478538,5.921578419643816
controlled__sp_primaryschool__bursty__contiguous__rho0.15__r0,real::sp_primaryschool,time_respecting,1200,0.05079155991409123,-0.19661733615221988,-0.14582577623812865,6.161207321695077
controlled__sp_primaryschool__bursty__contiguous__rho0.15__r0,real::sp_primaryschool,time_respecting,1600,0.052054857045292086,-0.19683655536028122,-0.14478169831498913,6.345636360828596
controlled__sp_primaryschool__bursty__contiguous__rho0.55__r0,real::sp_primaryschool,recent_history_k20,200,0.2518456174101239,-0.7916666666666667,-0.5398210492565428,4.795790545596741
controlled__sp_primaryschool__bursty__contiguous__rho0.55__r0,real::sp_primaryschool,recent_history_k20,400,0.2610059227536353,-0.7900763358778626,-0.5290704131242273,5.572154032177765
controlled__sp_primaryschool__bursty__contiguous__rho0.55__r0,real::sp_primaryschool,recent_history_k20,600,0.2720987819670859,-0.7924050632911392,-0.5203062813240533,5.981414211254481
controlled__sp_primaryschool__bursty__contiguous__rho0.55__r0,real::sp_primaryschool,recent_history_k20,800,0.2561934434970804,-0.766798418972332,-0.5106049754752516,6.2285110035911835
controlled__sp_primaryschool__bursty__contiguous__rho0.55__r0,real::sp_primaryschool,recent_history_k20,1200,0.2604787109353037,-0.7553956834532374,-0.4949169725179337,6.54534966033442
controlled__sp_primaryschool__bursty__contiguous__rho0.55__r0,real::sp_primaryschool,recent_history_k20,1600,0.2698205889687132,-0.7394766780432309,-0.4696560890745178,6.779921907472252
controlled__sp_primaryschool__bursty__contiguous__rho0.55__r0,real::sp_primaryschool,time_agnostic_t,200,0.04878439292032799,-0.5969387755102041,-0.5481543825898761,5.2832037287379885
controlled__sp_primaryschool__bursty__contiguous__rho0.55__r0,real::sp_primaryschool,time_agnostic_t,400,0.05029121326504615,-0.5932642487046632,-0.5429730354396171,5.958424693029782
controlled__sp_primaryschool__bursty__contiguous__rho0.55__r0,real::sp_primaryschool,time_agnostic_t,600,0.02876869433320073,-0.5664335664335663,-0.5376648721003656,6.35088571671474
controlled__sp_primaryschool__bursty__contiguous__rho0.55__r0,real::sp_primaryschool,time_agnostic_t,800,0.0155060948637048,-0.5543766578249337,-0.5388705629612289,6.626717749249025
controlled__sp_primaryschool__bursty__contiguous__rho0.55__r0,real::sp_primaryschool,time_agnostic_t,1200,-0.011502798879468923,-0.5203619909502262,-0.5318647898296951,7.00850518208228
controlled__sp_primaryschool__bursty__contiguous__rho0.55__r0,real::sp_primaryschool,time_agnostic_t,1600,-0.01407927827833233,-0.5104311543810849,-0.5245104326594172,7.271703706887368
controlled__sp_primaryschool__bursty__contiguous__rho0.55__r0,real::sp_primaryschool,time_respecting,200,0.16278311741012386,-0.703125,-0.5403418825898761,4.859812404361672
controlled__sp_primaryschool__bursty__contiguous__rho0.55__r0,real::sp_primaryschool,time_respecting,400,0.14415330971781615,-0.6794871794871795,-0.5353338697693634,5.459585514144159
controlled__sp_primaryschool__bursty__contiguous__rho0.55__r0,real::sp_primaryschool,time_respecting,600,0.13605614372591335,-0.6718266253869969,-0.5357704816610835,5.780743515792329
controlled__sp_primaryschool__bursty__contiguous__rho0.55__r0,real::sp_primaryschool,time_respecting,800,0.14963431519882164,-0.6805896805896806,-0.530955365390859,6.0112671744041615
controlled__sp_primaryschool__bursty__contiguous__rho0.55__r0,real::sp_primaryschool,time_respecting,1200,0.14757845600010533,-0.6734693877551021,-0.5258909317549967,6.29156913955832
controlled__sp_primaryschool__bursty__contiguous__rho0.55__r0,real::sp_primaryschool,time_respecting,1600,0.15397327698459196,-0.6762917933130699,-0.5223185163284779,6.490723534502507
dar__dcsbm__n1500__f0__a0.1__c0.15,dar::dcsbm::n1500::f0,recent_history_k20,200,0.1355165731894094,-0.4315068493150685,-0.2959902761256591,4.990432586778736
dar__dcsbm__n1500__f0__a0.1__c0.15,dar::dcsbm::n1500::f0,recent_history_k20,400,0.1205409521074498,-0.4271186440677966,-0.3065776919603468,5.69035945432406
dar__dcsbm__n1500__f0__a0.1__c0.15,dar::dcsbm::n1500::f0,recent_history_k20,600,0.15946555760131303,-0.464367816091954,-0.304902258490641,6.077642243349034
dar__dcsbm__n1500__f0__a0.1__c0.15,dar::dcsbm::n1500::f0,recent_history_k20,800,0.16379566767854953,-0.4673721340388007,-0.30357646636025115,6.342121418721152
dar__dcsbm__n1500__f0__a0.1__c0.15,dar::dcsbm::n1500::f0,recent_history_k20,1200,0.15697559118309695,-0.46080760095011875,-0.3038320097670218,6.736966958001855
dar__dcsbm__n1500__f0__a0.1__c0.15,dar::dcsbm::n1500::f0,recent_history_k20,1600,0.1605925706964368,-0.45775301764159704,-0.29716044694516025,6.982862751468942
dar__dcsbm__n1500__f0__a0.1__c0.15,dar::dcsbm::n1500::f0,time_agnostic_t,200,-0.005657595108046587,-0.31999999999999995,-0.32565759510804654,5.170483995038151
dar__dcsbm__n1500__f0__a0.1__c0.15,dar::dcsbm::n1500::f0,time_agnostic_t,400,0.003954295891127668,-0.3236994219653179,-0.31974512607419026,5.849324779946859
dar__dcsbm__n1500__f0__a0.1__c0.15,dar::dcsbm::n1500::f0,time_agnostic_t,600,0.022529218078766622,-0.33653846153846156,-0.31400924345969494,6.255750041753367
dar__dcsbm__n1500__f0__a0.1__c0.15,dar::dcsbm::n1500::f0,time_agnostic_t,800,0.011818942952433076,-0.32262773722627736,-0.3108087942738443,6.530877627725885
dar__dcsbm__n1500__f0__a0.1__c0.15,dar::dcsbm::n1500::f0,time_agnostic_t,1200,0.0022712631822575102,-0.30522088353413657,-0.30294962035187906,6.904750769961838
dar__dcsbm__n1500__f0__a0.1__c0.15,dar::dcsbm::n1500::f0,time_agnostic_t,1600,-0.009897226444452067,-0.29339477726574503,-0.3032920037101971,7.172424577124845
dar__dcsbm__n1500__f0__a0.1__c0.15,dar::dcsbm::n1500::f0,time_respecting,200,0.2063920943329472,-0.536231884057971,-0.3298397897250238,4.9344739331306915
dar__dcsbm__n1500__f0__a0.1__c0.15,dar::dcsbm::n1500::f0,time_respecting,400,0.17761971581632313,-0.5036764705882353,-0.3260567547719121,5.60947179518496
dar__dcsbm__n1500__f0__a0.1__c0.15,dar::dcsbm::n1500::f0,time_respecting,600,0.17333050013004864,-0.49479166666666663,-0.321461166536618,5.953243334287785
dar__dcsbm__n1500__f0__a0.1__c0.15,dar::dcsbm::n1500::f0,time_respecting,800,0.1758878853595896,-0.4970059880239521,-0.3211181026643625,6.218600119691729
dar__dcsbm__n1500__f0__a0.1__c0.15,dar::dcsbm::n1500::f0,time_respecting,1200,0.1643183278454045,-0.476123595505618,-0.3118052676602135,6.569481420414296
dar__dcsbm__n1500__f0__a0.1__c0.15,dar::dcsbm::n1500::f0,time_respecting,1600,0.17454174044012621,-0.4850498338870432,-0.310508093446917,6.806829360392176
dar__dcsbm__n1500__f0__a0.9__c0.15,dar::dcsbm::n1500::f0,recent_history_k20,200,0.061960552145327585,-0.8208955223880596,-0.7589349702427322,4.90527477843843
dar__dcsbm__n1500__f0__a0.9__c0.15,dar::dcsbm::n1500::f0,recent_history_k20,400,0.06103123645960529,-0.7924528301886793,-0.731421593729074,5.583496308781699
dar__dcsbm__n1500__f0__a0.9__c0.15,dar::dcsbm::n1500::f0,recent_history_k20,600,0.06673051675526764,-0.7757731958762887,-0.709042679121021,5.963579343618446
dar__dcsbm__n1500__f0__a0.9__c0.15,dar::dcsbm::n1500::f0,recent_history_k20,800,0.05833581866984783,-0.7612244897959184,-0.7028886711260705,6.19644412779452
dar__dcsbm__n1500__f0__a0.9__c0.15,dar::dcsbm::n1500::f0,recent_history_k20,1200,0.059643809677409676,-0.7339055793991416,-0.6742617697217319,6.551080335043404
dar__dcsbm__n1500__f0__a0.9__c0.15,dar::dcsbm::n1500::f0,recent_history_k20,1600,0.06477490619613813,-0.7089467723669309,-0.6441718661707928,6.784457062637643
dar__dcsbm__n1500__f0__a0.9__c0.15,dar::dcsbm::n1500::f0,time_agnostic_t,200,0.02599454882857799,-0.6805555555555556,-0.6545610067269776,4.976733742420574
dar__dcsbm__n1500__f0__a0.9__c0.15,dar::dcsbm::n1500::f0,time_agnostic_t,400,0.02572949369711064,-0.6374045801526718,-0.6116750864555611,5.572154032177765
dar__dcsbm__n1500__f0__a0.9__c0.15,dar::dcsbm::n1500::f0,time_agnostic_t,600,0.007573677585126171,-0.6352357320099256,-0.6276620544247995,6.0014148779611505
dar__dcsbm__n1500__f0__a0.9__c0.15,dar::dcsbm::n1500::f0,time_agnostic_t,800,0.0006677514429570541,-0.6470588235294117,-0.6463910720864546,6.300785794663244
dar__dcsbm__n1500__f0__a0.9__c0.15,dar::dcsbm::n1500::f0,time_agnostic_t,1200,0.012237683598328775,-0.6514575411913816,-0.6392198575930528,6.672032945461067
dar__dcsbm__n1500__f0__a0.9__c0.15,dar::dcsbm::n1500::f0,time_agnostic_t,1600,0.005846748016907544,-0.6426456071076012,-0.6367988590906937,6.921658184151129
dar__dcsbm__n1500__f0__a0.9__c0.15,dar::dcsbm::n1500::f0,time_respecting,200,0.06468502501905415,-0.8888888888888888,-0.8242038638698347,4.844187086458591
dar__dcsbm__n1500__f0__a0.9__c0.15,dar::dcsbm::n1500::f0,time_respecting,400,0.07318396265185012,-0.8976377952755905,-0.8244538326237405,5.541263545158426
dar__dcsbm__n1500__f0__a0.9__c0.15,dar::dcsbm::n1500::f0,time_respecting,600,0.08394081476664728,-0.9016393442622951,-0.8176985294956478,5.905361848054571
dar__dcsbm__n1500__f0__a0.9__c0.15,dar::dcsbm::n1500::f0,time_respecting,800,0.07639682742853104,-0.879492600422833,-0.8030957729943019,6.161207321695077
dar__dcsbm__n1500__f0__a0.9__c0.15,dar::dcsbm::n1500::f0,time_respecting,1200,0.06210776751008196,-0.8406676783004552,-0.7785599107903732,6.492239835020471
dar__dcsbm__n1500__f0__a0.9__c0.15,dar::dcsbm::n1500::f0,time_respecting,1600,0.06862431362987564,-0.8333333333333333,-0.7647090197034576,6.71295620067707
dar__dcsbm__n500__f0__a0.1__c0.15,dar::dcsbm::n500::f0,recent_history_k20,200,0.18790717479242064,-0.48571428571428565,-0.297807110921865,4.948759890378168
dar__dcsbm__n500__f0__a0.1__c0.15,dar::dcsbm::n500::f0,recent_history_k20,400,0.15550551847772087,-0.45652173913043476,-0.3010162206527139,5.6240175061873385
dar__dcsbm__n500__f0__a0.1__c0.15,dar::dcsbm::n500::f0,recent_history_k20,600,0.13069216757741348,-0.4267676767676768,-0.29607550919026326,5.983936280687191
dar__dcsbm__n500__f0__a0.1__c0.15,dar::dcsbm::n500::f0,recent_history_k20,800,0.15370114178160682,-0.4342629482071713,-0.2805618064255645,6.220590170099739
dar__dcsbm__n500__f0__a0.1__c0.15,dar::dcsbm::n500::f0,recent_history_k20,1200,0.14420969580082404,-0.4073529411764706,-0.26314324537564654,6.523562306149512
dar__dcsbm__n500__f0__a0.1__c0.15,dar::dcsbm::n500::f0,recent_history_k20,1600,0.14163093917969216,-0.38507109004739337,-0.24344015086770118,6.739336627357174
dar__dcsbm__n500__f0__a0.1__c0.15,dar::dcsbm::n500::f0,time_agnostic_t,200,0.01844904671360298,-0.32183908045977017,-0.30339003374616713,5.1647859739235145
dar__dcsbm__n500__f0__a0.1__c0.15,dar::dcsbm::n500::f0,time_agnostic_t,400,9.204874200052782e-05,-0.3,-0.29990795125799946,5.831882477283517
dar__dcsbm__n500__f0__a0.1__c0.15,dar::dcsbm::n500::f0,time_agnostic_t,600,-0.020710523298961614,-0.2813765182186235,-0.3020870415175851,6.20455776256869
dar__dcsbm__n500__f0__a0.1__c0.15,dar::dcsbm::n500::f0,time_agnostic_t,800,-0.011913130688262163,-0.2893081761006289,-0.3012213067888911,6.456769655572163
dar__dcsbm__n500__f0__a0.1__c0.15,dar::dcsbm::n500::f0,time_agnostic_t,1200,-0.0002177240912550893,-0.27519818799546997,-0.27541591208672506,6.784457062637643
dar__dcsbm__n500__f0__a0.1__c0.15,dar::dcsbm::n500::f0,time_agnostic_t,1600,-0.00033118065904952365,-0.2686703096539162,-0.2690014903129657,7.002155954403621
dar__dcsbm__n500__f0__a0.1__c0.15,dar::dcsbm::n500::f0,time_respecting,200,0.1033089605067064,-0.421875,-0.3185660394932936,4.859812404361672
dar__dcsbm__n500__f0__a0.1__c0.15,dar::dcsbm::n500::f0,time_respecting,400,0.14162146050670643,-0.456,-0.3143785394932936,5.5254529391317835
dar__dcsbm__n500__f0__a0.1__c0.15,dar::dcsbm::n500::f0,time_respecting,600,0.1406701711084256,-0.4498567335243553,-0.3091865624159297,5.857933154483459
dar__dcsbm__n500__f0__a0.1__c0.15,dar::dcsbm::n500::f0,time_respecting,800,0.14091118013287462,-0.4369158878504673,-0.2960047077175927,6.061456918928017
dar__dcsbm__n500__f0__a0.1__c0.15,dar::dcsbm::n500::f0,time_respecting,1200,0.13501851933023584,-0.41544117647058826,-0.2804226571403524,6.300785794663244
dar__dcsbm__n500__f0__a0.1__c0.15,dar::dcsbm::n500::f0,time_respecting,1600,0.13834538688707448,-0.4156441717791411,-0.2772987848920666,6.481577129276431
dar__dcsbm__n500__f0__a0.9__c0.15,dar::dcsbm::n500::f0,recent_history_k20,200,0.08118913045241127,-0.7952755905511811,-0.7140864600987699,4.852030263919617
dar__dcsbm__n500__f0__a0.9__c0.15,dar::dcsbm::n500::f0,recent_history_k20,400,0.08427342233528079,-0.7465437788018434,-0.6622703564665626,5.384495062789089
dar__dcsbm__n500__f0__a0.9__c0.15,dar::dcsbm::n500::f0,recent_history_k20,600,0.07860748594486,-0.6885245901639345,-0.6099171042190745,5.723585101952381
dar__dcsbm__n500__f0__a0.9__c0.15,dar::dcsbm::n500::f0,recent_history_k20,800,0.06481617707158382,-0.626984126984127,-0.5621679499125432,5.937536205082426
dar__dcsbm__n500__f0__a0.9__c0.15,dar::dcsbm::n500::f0,recent_history_k20,1200,0.06586800342461507,-0.5763052208835342,-0.5104372174589191,6.212606095751519
dar__dcsbm__n500__f0__a0.9__c0.15,dar::dcsbm::n500::f0,recent_history_k20,1600,0.07055111945036185,-0.5325342465753424,-0.4619831271249806,6.371611847231857
dar__dcsbm__n500__f0__a0.9__c0.15,dar::dcsbm::n500::f0,time_agnostic_t,200,0.14418125643666324,0.0,0.14418125643666324,1.0986122886681096
dar__dcsbm__n500__f0__a0.9__c0.15,dar::dcsbm::n500::f0,time_agnostic_t,400,0.14418125643666324,0.0,0.14418125643666324,1.0986122886681096
dar__dcsbm__n500__f0__a0.9__c0.15,dar::dcsbm::n500::f0,time_agnostic_t,600,0.14418125643666324,0.0,0.14418125643666324,1.0986122886681096
dar__dcsbm__n500__f0__a0.9__c0.15,dar::dcsbm::n500::f0,time_agnostic_t,800,0.14418125643666324,0.0,0.14418125643666324,1.0986122886681096
dar__dcsbm__n500__f0__a0.9__c0.15,dar::dcsbm::n500::f0,time_agnostic_t,1200,0.14418125643666324,0.0,0.14418125643666324,1.0986122886681096
dar__dcsbm__n500__f0__a0.9__c0.15,dar::dcsbm::n500::f0,time_agnostic_t,1600,0.14418125643666324,0.0,0.14418125643666324,1.0986122886681096
dar__dcsbm__n500__f0__a0.9__c0.15,dar::dcsbm::n500::f0,time_respecting,200,0.07638464626717167,-0.8305084745762712,-0.7541238283090994,4.77912349311153
dar__dcsbm__n500__f0__a0.9__c0.15,dar::dcsbm::n500::f0,time_respecting,400,0.07599943825484501,-0.8454545454545455,-0.7694551071997004,5.3981627015177525
dar__dcsbm__n500__f0__a0.9__c0.15,dar::dcsbm::n500::f0,time_respecting,600,0.0752157391952839,-0.7827586206896552,-0.7075428814943713,5.673323267171493
dar__dcsbm__n500__f0__a0.9__c0.15,dar::dcsbm::n500::f0,time_respecting,800,0.07255591208404621,-0.7630853994490359,-0.6905294873649896,5.8971538676367405
dar__dcsbm__n500__f0__a0.9__c0.15,dar::dcsbm::n500::f0,time_respecting,1200,0.06659504954011153,-0.7306034482758621,-0.6640083987357506,6.142037405587356
dar__dcsbm__n500__f0__a0.9__c0.15,dar::dcsbm::n500::f0,time_respecting,1600,0.0634473114825348,-0.689908256880734,-0.6264609453981991,6.302618975744905
real__snap_bitcoin_otc,real::snap_bitcoin_otc,recent_history_k20,200,0.007251356497587749,-0.03205128205128205,-0.0247999255536943,5.056245805348308
real__snap_bitcoin_otc,real::snap_bitcoin_otc,recent_history_k20,400,-0.0019986226220982083,-0.02280130293159609,-0.0247999255536943,5.730099782973575
real__snap_bitcoin_otc,real::snap_bitcoin_otc,recent_history_k20,600,-0.0011947753391020229,-0.023605150214592276,-0.0247999255536943,6.1463292576688975
real__snap_bitcoin_otc,real::snap_bitcoin_otc,recent_history_k20,800,-0.003661714171580479,-0.02113821138211382,-0.0247999255536943,6.423246963533519
real__snap_bitcoin_otc,real::snap_bitcoin_otc,recent_history_k20,1200,-0.004057567475091679,-0.02074235807860262,-0.0247999255536943,6.821107472256465
real__snap_bitcoin_otc,real::snap_bitcoin_otc,recent_history_k20,1600,-0.003756154509923254,-0.020202020202020204,-0.023958174711943458,7.080867896690782
real__snap_bitcoin_otc,real::snap_bitcoin_otc,time_agnostic_t,200,0.004439840528177044,-0.029239766081871343,-0.0247999255536943,5.147494476813453
real__snap_bitcoin_otc,real::snap_bitcoin_otc,time_agnostic_t,400,0.0042698418881661655,-0.029069767441860465,-0.0247999255536943,5.84354441703136
real__snap_bitcoin_otc,real::snap_bitcoin_otc,time_agnostic_t,600,0.00010428900569267249,-0.02490421455938697,-0.0247999255536943,6.259581464064923
real__snap_bitcoin_otc,real::snap_bitcoin_otc,time_agnostic_t,800,0.001477446709079424,-0.026277372262773723,-0.0247999255536943,6.530877627725885
real__snap_bitcoin_otc,real::snap_bitcoin_otc,time_agnostic_t,1200,1.6617478930010254e-06,-0.022817460317460316,-0.022815798569567315,6.9167150203536085
real__snap_bitcoin_otc,real::snap_bitcoin_otc,time_agnostic_t,1600,-0.0006307412636640877,-0.022658610271903322,-0.02328935153556741,7.1891677384203225
real__snap_bitcoin_otc,real::snap_bitcoin_otc,time_respecting,200,0.005969305215536472,-0.03076923076923077,-0.0247999255536943,4.875197323201151
real__snap_bitcoin_otc,real::snap_bitcoin_otc,time_respecting,400,0.0072000744463057015,-0.032,-0.0247999255536943,5.5254529391317835
real__snap_bitcoin_otc,real::snap_bitcoin_otc,time_respecting,600,0.02969598725284521,-0.05449591280653951,-0.0247999255536943,5.908082938168931
real__snap_bitcoin_otc,real::snap_bitcoin_otc,time_respecting,800,0.025304458579917394,-0.05010438413361169,-0.0247999255536943,6.173786103901937
real__snap_bitcoin_otc,real::snap_bitcoin_otc,time_respecting,1200,0.025415282480738988,-0.04878048780487805,-0.023365205324139063,6.548219102762372
real__snap_bitcoin_otc,real::snap_bitcoin_otc,time_respecting,1600,0.02228527624002767,-0.04484304932735426,-0.022557773087326587,6.794586580876499
real__snap_collegemsg,real::snap_collegemsg,recent_history_k20,200,0.07144707065749312,-0.174496644295302,-0.1030495736378089,5.0106352940962555
real__snap_collegemsg,real::snap_collegemsg,recent_history_k20,400,0.06548975220488773,-0.1647940074906367,-0.09930425528574897,5.5909869805108565
real__snap_collegemsg,real::snap_collegemsg,recent_history_k20,600,0.09090508631181327,-0.1889168765743073,-0.09801179026249403,5.986452005284438
real__snap_collegemsg,real::snap_collegemsg,recent_history_k20,800,0.10873679836955757,-0.20810313075506445,-0.09936633238550686,6.298949246855942
real__snap_collegemsg,real::snap_collegemsg,recent_history_k20,1200,0.09943489841188055,-0.19006211180124225,-0.0906272133893617,6.692083742506628
real__snap_collegemsg,real::snap_collegemsg,recent_history_k20,1600,0.0929351299950783,-0.18260038240917784,-0.08966525241409952,6.953684210870537
real__snap_collegemsg,real::snap_collegemsg,time_agnostic_t,200,0.02060634034068573,-0.12365591397849462,-0.1030495736378089,5.231108616854587
real__snap_collegemsg,real::snap_collegemsg,time_agnostic_t,400,0.012972525809704913,-0.11325966850828728,-0.10028714269858238,5.8944028342648505
real__snap_collegemsg,real::snap_collegemsg,time_agnostic_t,600,0.005806514923076711,-0.1070110701107011,-0.10120455518762439,6.297109319933935
real__snap_collegemsg,real::snap_collegemsg,time_agnostic_t,800,0.0055855238552273145,-0.10724233983286907,-0.10165681597764176,6.577861357721047
real__snap_collegemsg,real::snap_collegemsg,time_agnostic_t,1200,0.0009804169901198728,-0.10028116213683223,-0.09930074514671236,6.97354301952014
real__snap_collegemsg,real::snap_collegemsg,time_agnostic_t,1600,0.004270966518552161,-0.10305614783226724,-0.09878518131371508,7.249925536717988
real__snap_collegemsg,real::snap_collegemsg,time_respecting,200,0.25409328350504823,-0.3163265306122449,-0.06223324710719665,4.59511985013459
real__snap_collegemsg,real::snap_collegemsg,time_respecting,400,0.24746589027971685,-0.32474226804123707,-0.07727637776152024,5.272999558563747
real__snap_collegemsg,real::snap_collegemsg,time_respecting,600,0.23518572047983818,-0.2977941176470588,-0.06260839716722066,5.60947179518496
real__snap_collegemsg,real::snap_collegemsg,time_respecting,800,0.24019366960543434,-0.29729729729729726,-0.057103627691862946,5.916202062607435
real__snap_collegemsg,real::snap_collegemsg,time_respecting,1200,0.2224406224406225,-0.27647058823529413,-0.05402996579467164,6.236369590203704
real__snap_collegemsg,real::snap_collegemsg,time_respecting,1600,0.22610403137786508,-0.26959247648902823,-0.04348844511116313,6.459904454377535
real__snap_email_eu,real::snap_email_eu,recent_history_k20,200,0.3970506861443116,-0.8541666666666666,-0.4571159805223551,4.976733742420574
real__snap_email_eu,real::snap_email_eu,recent_history_k20,400,0.39671193275677774,-0.8327526132404182,-0.4360406804836404,5.662960480135946
real__snap_email_eu,real::snap_email_eu,recent_history_k20,600,0.41093957503320044,-0.8406862745098039,-0.42974669947660343,6.013715156042802
real__snap_email_eu,real::snap_email_eu,recent_history_k20,800,0.4128335144271399,-0.8333333333333334,-0.4204998189061935,6.270988431858299
real__snap_email_eu,real::snap_email_eu,recent_history_k20,1200,0.4070245862188828,-0.8026845637583893,-0.39565997753950644,6.61472560020376
real__snap_email_eu,real::snap_email_eu,recent_history_k20,1600,0.4022226991615129,-0.7719665271966527,-0.36974382803513983,6.863803391452954
real__snap_email_eu,real::snap_email_eu,time_agnostic_t,200,-0.035138856339348545,-0.4652406417112299,-0.5003794980505785,5.236441962829949
real__snap_email_eu,real::snap_email_eu,time_agnostic_t,400,-0.020087404949393095,-0.4830287206266318,-0.5031161255760249,5.950642552587727
real__snap_email_eu,real::snap_email_eu,time_agnostic_t,600,-0.019861367251840734,-0.47349823321554774,-0.49335960046738847,6.340359303727752
real__snap_email_eu,real::snap_email_eu,time_agnostic_t,800,-0.01498635089272543,-0.4801587301587302,-0.4951450810514556,6.6293632534374485
real__snap_email_eu,real::snap_email_eu,time_agnostic_t,1200,-0.0008207580027792538,-0.4861730597680643,-0.48699381777084355,7.022868086082641
real__snap_email_eu,real::snap_email_eu,time_agnostic_t,1600,-0.007422006887703447,-0.4752542372881356,-0.48267624417583904,7.297091005160418
real__snap_email_eu,real::snap_email_eu,time_respecting,200,0.40965752375114917,-0.8615384615384615,-0.4518809377873123,4.875197323201151
real__snap_email_eu,real::snap_email_eu,time_respecting,400,0.41093957503320044,-0.865079365079365,-0.4541397900461646,5.53338948872752
real__snap_email_eu,real::snap_email_eu,time_respecting,600,0.40980424351639755,-0.8664850136239781,-0.4566807701075806,5.908082938168931
real__snap_email_eu,real::snap_email_eu,time_respecting,800,0.39513497733205105,-0.8448275862068966,-0.4496926088748455,6.142037405587356
real__snap_email_eu,real::snap_email_eu,time_respecting,1200,0.40057091143873047,-0.8218125960061444,-0.42124168456741395,6.480044561926653
real__snap_email_eu,real::snap_email_eu,time_respecting,1600,0.3966810199001206,-0.7959442332065906,-0.39926321330646997,6.672032945461067
real__snap_mathoverflow,real::snap_mathoverflow,recent_history_k20,200,0.13199032552069484,-0.21637426900584794,-0.0843839434851531,5.147494476813453
real__snap_mathoverflow,real::snap_mathoverflow,recent_history_k20,400,0.17267820340750228,-0.25423728813559326,-0.08155908472809095,5.872117789475416
real__snap_mathoverflow,real::snap_mathoverflow,recent_history_k20,600,0.16892418505927032,-0.25141776937618143,-0.08249358431691113,6.272877006546167
real__snap_mathoverflow,real::snap_mathoverflow,recent_history_k20,800,0.16526344720596114,-0.2468265162200282,-0.08156306901406707,6.565264970035361
real__snap_mathoverflow,real::snap_mathoverflow,recent_history_k20,1200,0.17578634979772295,-0.2535477767265847,-0.0777614269288617,6.964135612418245
real__snap_mathoverflow,real::snap_mathoverflow,recent_history_k20,1600,0.16525737645745808,-0.24175035868005737,-0.0764929822225993,7.240649694255466
real__snap_mathoverflow,real::snap_mathoverflow,time_agnostic_t,200,0.016679886302080935,-0.10106382978723404,-0.0843839434851531,5.241747015059643
real__snap_mathoverflow,real::snap_mathoverflow,time_agnostic_t,400,-0.01199788450391985,-0.07238605898123325,-0.0843839434851531,5.924255797414532
real__snap_mathoverflow,real::snap_mathoverflow,time_agnostic_t,600,0.012617820183277229,-0.09700176366843033,-0.0843839434851531,6.342121418721152
real__snap_mathoverflow,real::snap_mathoverflow,time_agnostic_t,800,0.00676887152825173,-0.09115281501340483,-0.0843839434851531,6.616065185132817
real__snap_mathoverflow,real::snap_mathoverflow,time_agnostic_t,1200,0.01579336147938591,-0.09929078014184398,-0.08349741866245806,7.029087564149662
real__snap_mathoverflow,real::snap_mathoverflow,time_agnostic_t,1600,0.010472435940364608,-0.09352037408149633,-0.08304793814113172,7.311886164077165
real__snap_mathoverflow,real::snap_mathoverflow,time_respecting,200,0.11695833839404152,-0.20134228187919462,-0.0843839434851531,5.0106352940962555
real__snap_mathoverflow,real::snap_mathoverflow,time_respecting,400,0.14951436159959267,-0.23389830508474577,-0.0843839434851531,5.69035945432406
real__snap_mathoverflow,real::snap_mathoverflow,time_respecting,600,0.13501559462108245,-0.21939953810623555,-0.0843839434851531,6.073044534100405
real__snap_mathoverflow,real::snap_mathoverflow,time_respecting,800,0.13239927329806367,-0.21678321678321677,-0.0843839434851531,6.35088571671474
real__snap_mathoverflow,real::snap_mathoverflow,time_respecting,1200,0.1200813914149644,-0.2044653349001175,-0.0843839434851531,6.747586526829315
real__snap_mathoverflow,real::snap_mathoverflow,time_respecting,1600,0.11454078769764259,-0.1989247311827957,-0.0843839434851531,7.018401799069201
real__sp_highschool2013,real::sp_highschool2013,recent_history_k20,200,0.39679089236244514,-0.803921568627451,-0.4071306762650058,3.9512437185814275
real__sp_highschool2013,real::sp_highschool2013,recent_history_k20,400,0.3770333710333028,-0.7709923664122137,-0.39395899537891094,4.882801922586371
real__sp_highschool2013,real::sp_highschool2013,recent_history_k20,600,0.39322582997385336,-0.7575757575757576,-0.3643499276019042,5.293304824724492
real__sp_highschool2013,real::sp_highschool2013,recent_history_k20,800,0.3956640048258213,-0.7509578544061303,-0.35529384958030896,5.568344503761097
real__sp_highschool2013,real::sp_highschool2013,recent_history_k20,1200,0.399393703398364,-0.6991150442477876,-0.29972134084942365,5.8289456176102075
real__sp_highschool2013,real::sp_highschool2013,recent_history_k20,1600,0.40103588933030443,-0.7030927835051546,-0.30205689417485015,6.186208623900494
real__sp_highschool2013,real::sp_highschool2013,time_agnostic_t,200,-0.007067425158111429,-0.456989247311828,-0.4640566724699394,5.231108616854587
real__sp_highschool2013,real::sp_highschool2013,time_agnostic_t,400,-0.02956204881402541,-0.44533333333333336,-0.47489538214735877,5.929589143389895
real__sp_highschool2013,real::sp_highschool2013,time_agnostic_t,600,-0.0318415406470563,-0.4355716878402904,-0.4674132284873467,6.313548046277095
real__sp_highschool2013,real::sp_highschool2013,time_agnostic_t,800,-0.006337672082723511,-0.4598337950138504,-0.4661714670965739,6.583409222158765
real__sp_highschool2013,real::sp_highschool2013,time_agnostic_t,1200,0.0039216987959171945,-0.45984703632887186,-0.45592533753295467,6.953684210870537
real__sp_highschool2013,real::sp_highschool2013,time_agnostic_t,1600,0.007488426679756577,-0.45574250182882226,-0.4482540751490657,7.221105098182496
real__sp_highschool2013,real::sp_highschool2013,time_respecting,200,0.3935588303068537,-0.8021978021978022,-0.4086389718909485,4.5217885770490405
real__sp_highschool2013,real::sp_highschool2013,time_respecting,400,0.3916309336421149,-0.7894736842105263,-0.3978427505684114,5.147494476813453
real__sp_highschool2013,real::sp_highschool2013,time_respecting,600,0.3827507083876207,-0.7818930041152263,-0.3991422957276057,5.497168225293202
real__sp_highschool2013,real::sp_highschool2013,time_respecting,800,0.3631221617122904,-0.7565789473684211,-0.3934567856561307,5.720311776607412
real__sp_highschool2013,real::sp_highschool2013,time_respecting,1200,0.3688532256489817,-0.7541766109785203,-0.3853233853295386,6.040254711277414
real__sp_highschool2013,real::sp_highschool2013,time_respecting,1600,0.3718676700614766,-0.7570281124497992,-0.3851604423883226,6.212606095751519
real__sp_hospital,real::sp_hospital,recent_history_k20,200,0.3326504731245733,-0.7,-0.3673495268754267,4.51085950651685
real__sp_hospital,real::sp_hospital,recent_history_k20,400,0.2999707345624818,-0.5882352941176471,-0.2882645595551653,5.0369526024136295
real__sp_hospital,real::sp_hospital,recent_history_k20,600,0.26658440705850717,-0.545045045045045,-0.27846063798653786,5.407171771460119
real__sp_hospital,real::sp_hospital,recent_history_k20,800,0.24746528793938805,-0.49629629629629624,-0.2488310083569082,5.602118820879701
real__sp_hospital,real::sp_hospital,recent_history_k20,1200,0.2186408112888245,-0.4260869565217391,-0.20744614523291463,5.846438775057724
real__sp_hospital,real::sp_hospital,recent_history_k20,1600,0.21166281880358562,-0.3925925925925926,-0.180929773789007,6.0063531596017325
real__sp_hospital,real::sp_hospital,time_agnostic_t,200,0.026463604437704624,-0.4375,-0.41103639556229543,5.176149732573829
real__sp_hospital,real::sp_hospital,time_agnostic_t,400,0.014574187884108913,-0.4029850746268656,-0.3884108867427567,5.817111159963204
real__sp_hospital,real::sp_hospital,time_agnostic_t,600,0.0070466083902737675,-0.3826086956521739,-0.37556208726190016,6.133398042996649
real__sp_hospital,real::sp_hospital,time_agnostic_t,800,0.016012591719852476,-0.3713298791018998,-0.3553172873820473,6.363028103540465
real__sp_hospital,real::sp_hospital,time_agnostic_t,1200,0.003990741479767024,-0.33378561736770695,-0.3297948758879399,6.6039438246004725
real__sp_hospital,real::sp_hospital,time_agnostic_t,1600,0.00145132679937654,-0.29291716686674674,-0.2914658400673702,6.726233402358747
real__sp_hospital,real::sp_hospital,time_respecting,200,0.21737269534679549,-0.6375,-0.42012730465320447,4.394449154672439
real__sp_hospital,real::sp_hospital,time_respecting,400,0.21880712157630366,-0.6393442622950819,-0.42053714071877824,4.812184355372417
real__sp_hospital,real::sp_hospital,time_respecting,600,0.2005869810610812,-0.6,-0.3994130189389188,5.170483995038151
real__sp_hospital,real::sp_hospital,time_respecting,800,0.19707453020918086,-0.5871559633027523,-0.39008143309357146,5.389071729816501
real__sp_hospital,real::sp_hospital,time_respecting,1200,0.18490932538342553,-0.5604395604395604,-0.3755302350561349,5.6131281063880705
real__sp_hospital,real::sp_hospital,time_respecting,1600,0.15944785874548828,-0.522875816993464,-0.36342795824797575,5.726847747587197
real__sp_hypertext2009,real::sp_hypertext2009,recent_history_k20,200,0.24922630731957485,-0.4854368932038835,-0.23621058588430865,4.6443908991413725
real__sp_hypertext2009,real::sp_hypertext2009,recent_history_k20,400,0.26153982851303925,-0.4634146341463415,-0.20187480563330223,5.10594547390058
real__sp_hypertext2009,real::sp_hypertext2009,recent_history_k20,600,0.25592791398681436,-0.43362831858407086,-0.1777004045972565,5.424950017481403
real__sp_hypertext2009,real::sp_hypertext2009,recent_history_k20,800,0.2438548063019924,-0.42611683848797255,-0.18226203218598014,5.676753802268282
real__sp_hypertext2009,real::sp_hypertext2009,recent_history_k20,1200,0.25178373095206363,-0.40731707317073174,-0.1555333422186681,6.018593214496234
real__sp_hypertext2009,real::sp_hypertext2009,recent_history_k20,1600,0.2514850749042786,-0.38979591836734695,-0.1383108434630683,6.19644412779452
real__sp_hypertext2009,real::sp_hypertext2009,time_agnostic_t,200,0.009164988975170152,-0.26842105263157895,-0.2592560636564088,5.25227342804663
real__sp_hypertext2009,real::sp_hypertext2009,time_agnostic_t,400,-0.010582727423263938,-0.25619834710743805,-0.266781074530702,5.8971538676367405
real__sp_hypertext2009,real::sp_hypertext2009,time_agnostic_t,600,-0.004775267070349032,-0.2567567567567568,-0.26153202382710583,6.251903883165888
real__sp_hypertext2009,real::sp_hypertext2009,time_agnostic_t,800,0.006346293219138599,-0.26021180030257185,-0.25386550708343325,6.495265555937008
real__sp_hypertext2009,real::sp_hypertext2009,time_agnostic_t,1200,0.006306698210089501,-0.24427480916030533,-0.23796811095021583,6.822197390620491
real__sp_hypertext2009,real::sp_hypertext2009,time_agnostic_t,1600,0.0065943913581328895,-0.2352941176470588,-0.2286997262889259,7.023758954738443
real__sp_hypertext2009,real::sp_hypertext2009,time_respecting,200,0.2919647719377312,-0.5463917525773195,-0.2544269806395884,4.584967478670572
real__sp_hypertext2009,real::sp_hypertext2009,time_respecting,400,0.23685922456414255,-0.494047619047619,-0.25718839448347647,5.1298987149230735
real__sp_hypertext2009,real::sp_hypertext2009,time_respecting,600,0.23834731980223778,-0.49553571428571425,-0.25718839448347647,5.41610040220442
real__sp_hypertext2009,real::sp_hypertext2009,time_respecting,800,0.22868580594296273,-0.47388059701492535,-0.2451947910719626,5.594711379601839
real__sp_hypertext2009,real::sp_hypertext2009,time_respecting,1200,0.22050342408371304,-0.4510385756676558,-0.23053515158394275,5.823045895483019
real__sp_hypertext2009,real::sp_hypertext2009,time_respecting,1600,0.2211376687662509,-0.44783715012722647,-0.22669948136097556,5.976350909297934
real__sp_primaryschool,real::sp_primaryschool,recent_history_k20,200,0.348237942049871,-0.7122302158273381,-0.3639922737774671,4.941642422609304
real__sp_primaryschool,real::sp_primaryschool,recent_history_k20,400,0.36533901528963986,-0.7213114754098361,-0.3559724601201962,5.501258210544727
real__sp_primaryschool,real::sp_primaryschool,recent_history_k20,600,0.3826865736208047,-0.7407407407407407,-0.358054167119936,5.937536205082426
real__sp_primaryschool,real::sp_primaryschool,recent_history_k20,800,0.3813285127144892,-0.728952772073922,-0.34762425935943275,6.1903154058531475
real__sp_primaryschool,real::sp_primaryschool,recent_history_k20,1200,0.38340282324535135,-0.6841339155749636,-0.30073109232961226,6.5337888379333435
real__sp_primaryschool,real::sp_primaryschool,recent_history_k20,1600,0.3678668879150431,-0.6593785960874567,-0.29151170817241373,6.76849321164863
real__sp_primaryschool,real::sp_primaryschool,time_agnostic_t,200,-0.037335704296210026,-0.3736842105263158,-0.4110199148225258,5.25227342804663
real__sp_primaryschool,real::sp_primaryschool,time_agnostic_t,400,-0.007298209503820041,-0.40897097625329815,-0.4162691857571182,5.940171252720432
real__sp_primaryschool,real::sp_primaryschool,time_agnostic_t,600,0.02329362703924609,-0.4288256227758007,-0.40553199573655463,6.333279628139691
real__sp_primaryschool,real::sp_primaryschool,time_agnostic_t,800,0.017642958577189727,-0.42162162162162165,-0.4039786630444319,6.608000625296087
real__sp_primaryschool,real::sp_primaryschool,time_agnostic_t,1200,-0.004955528697687728,-0.39380127620783956,-0.3987568049055273,7.001245622069476
real__sp_primaryschool,real::sp_primaryschool,time_agnostic_t,1600,0.008119507549560423,-0.403899721448468,-0.39578021389890755,7.270312886079025
real__sp_primaryschool,real::sp_primaryschool,time_respecting,200,0.48143884401486625,-0.8955223880597015,-0.41408354404483527,4.90527477843843
real__sp_primaryschool,real::sp_primaryschool,time_respecting,400,0.49512043605466716,-0.9125,-0.4173795639453328,5.484796933490655
real__sp_primaryschool,real::sp_primaryschool,time_respecting,600,0.4817770322278797,-0.8942598187311178,-0.41248278650323816,5.805134968916488
real__sp_primaryschool,real::sp_primaryschool,time_respecting,800,0.4733192950603722,-0.880195599022005,-0.4068763039616327,6.016157159698354
real__sp_primaryschool,real::sp_primaryschool,time_respecting,1200,0.46059662653085764,-0.8642857142857142,-0.4036890877548566,6.329720905522696
real__sp_primaryschool,real::sp_primaryschool,time_respecting,1600,0.45236681286626135,-0.8507246376811594,-0.398357824814898,6.53813982376767
