case_id,strategy,group_id,plugin_rho_k2,plugin_rho_k3,plugin_rho_k4,plugin_rho_k5,hajek_rho_k2,hajek_rho_k3,hajek_rho_k4,hajek_rho_k5,true_rho_k2,occmle_rho_k2,true_rho_k3,occmle_rho_k3,true_rho_k4,occmle_rho_k4,true_rho_k5,occmle_rho_k5
activity__n1500__f0__beta1|event_sample_then_full_history|ss0|b9600,event_sample_then_full_history,activity::n1500::f0,0.8771929824561403,0.7660818713450293,0.6210526315789474,0.4245614035087719,0.5314700424634384,0.3564338789718541,0.21917158437585516,0.11623623843923774,0.5766495783032909,1.0,0.3818422358194145,1.0,0.2553332230858277,1.0,0.1423846535472135,0.9999998935349478
activity__n1500__f0__beta1|node_panel_full_history|ss0|b2500,node_panel_full_history,activity::n1500::f0,0.590339892665474,0.370304114490161,0.23971377459749552,0.13416815742397137,0.2809311446806513,0.11081873549676546,0.04741628651174458,0.01955240829587126,0.5766495783032909,1.0,0.3818422358194145,0.999999999999932,0.2553332230858277,0.999999999999932,0.1423846535472135,0.999997060935666
activity__n1500__f0__beta1|recent_history_k20|ws0|b800,recent_history_k20,activity::n1500::f0,0.15053763440860216,0.034408602150537634,0.010752688172043012,0.0,0.07120913890472948,0.009829350698723961,0.0026612215865540853,0.0,0.5766495783032909,0.6850851176313051,0.3818422358194145,0.5495403870281635,0.2553332230858277,0.4475813718020651,0.1423846535472135,0.2274568409220381
activity__n1500__f0__beta1|time_agnostic_t|ws0|b800,time_agnostic_t,activity::n1500::f0,0.08012326656394453,0.0030816640986132513,0.0,0.0,0.04048640915593705,0.001144492131616595,0.0,0.0,0.5766495783032909,0.6740109232923379,0.3818422358194145,0.243126639819062,0.2553332230858277,0.1078738408498841,0.1423846535472135,0.0417386808970401
activity__n1500__f0__beta1|time_respecting|ws0|b800,time_respecting,activity::n1500::f0,0.08008658008658008,0.010822510822510822,0.0021645021645021645,0.0021645021645021645,0.03751021495559301,0.0023079064504638266,0.00031430632593865344,0.00031430632593865344,0.5766495783032909,0.4557387942771766,0.3818422358194145,0.3312278164400463,0.2553332230858277,0.0727501579573913,0.1423846535472135,0.0717371844871166
activity__n1500__f0__memoryless|event_sample_then_full_history|ss0|b9600,event_sample_then_full_history,activity::n1500::f0,0.019405053843693357,0.00021324234993069622,0.0,0.0,0.009781533758878002,7.192304234469118e-05,0.0,0.0,0.0110503203513066,0.992684871276115,0.0001079835864948,0.9082941118110738,0.0,0.7092965444197621,0.0,0.4012958728931607
activity__n1500__f0__memoryless|node_panel_full_history|ss0|b2500,node_panel_full_history,activity::n1500::f0,0.009140008309098464,0.0,0.0,0.0,0.004599623667154506,0.0,0.0,0.0,0.0110503203513066,0.9255299762259293,0.0001079835864948,0.7559805600327089,0.0,0.533050268781951,0.0,0.2774495429737174
activity__n1500__f0__memoryless|recent_history_k20|ws0|b800,recent_history_k20,activity::n1500::f0,0.0015220700152207,0.0,0.0,0.0,0.0007781091946569835,0.0,0.0,0.0,0.0110503203513066,0.0580588547822339,0.0001079835864948,0.0260128984527944,0.0,0.0137301055718791,0.0,0.0059508814151614
activity__n1500__f0__memoryless|time_agnostic_t|ws0|b800,time_agnostic_t,activity::n1500::f0,0.0,0.0,0.0,0.0,0.0,0.0,0.0,0.0,0.0110503203513066,0.0010122697109076,0.0001079835864948,0.0001269226370833,0.0,4.055723311496642e-05,0.0,1.349924751502649e-05
activity__n1500__f0__memoryless|time_respecting|ws0|b800,time_respecting,activity::n1500::f0,0.0,0.0,0.0,0.0,0.0,0.0,0.0,0.0,0.0110503203513066,4.525355574756708e-06,0.0001079835864948,1.1683258207784913e-07,0.0,2.023864796310281e-08,0.0,5.0839657082304935e-09
activity__n500__f0__beta1|event_sample_then_full_history|ss0|b9600,event_sample_then_full_history,activity::n500::f0,0.5826530612244898,0.3964285714285714,0.275,0.14387755102040817,0.2582566117716284,0.11069303329515927,0.05525412223882788,0.0205884760475956,0.5627151992129857,0.999529242163543,0.382685686178062,0.999529242163543,0.2651254303984259,0.999529242163537,0.1387112641416625,0.9532422130587176
activity__n500__f0__beta1|node_panel_full_history|ss0|b2500,node_panel_full_history,activity::n500::f0,0.5610200364298725,0.3588342440801457,0.25136612021857924,0.12932604735883424,0.2561266550296901,0.09836011043708592,0.048371283236208526,0.01778926687122901,0.5627151992129857,1.0,0.382685686178062,1.0,0.2651254303984259,1.0,0.1387112641416625,0.9502806315409154
activity__n500__f0__beta1|recent_history_k20|ws0|b800,recent_history_k20,activity::n500::f0,0.2625994694960212,0.07161803713527852,0.013262599469496022,0.002652519893899204,0.12396516274566868,0.02263927008382168,0.0028092719287734495,0.0004393648040261793,0.5627151992129857,0.8272495184688927,0.382685686178062,0.6188140607103448,0.2651254303984259,0.4198955089162834,0.1387112641416625,0.1840687847314014
activity__n500__f0__beta1|time_agnostic_t|ws0|b800,time_agnostic_t,activity::n500::f0,0.1306715063520871,0.007259528130671506,0.0,0.0,0.06861882158163318,0.0022004966835371407,0.0,0.0,0.5627151992129857,0.6317580018834117,0.382685686178062,0.2611984593869191,0.2651254303984259,0.0317472680262775,0.1387112641416625,0.0052557810795908
activity__n500__f0__beta1|time_respecting|ws0|b800,time_respecting,activity::n500::f0,0.13554987212276215,0.023017902813299233,0.0,0.0,0.06325543601403244,0.007602215815421636,0.0,0.0,0.5627151992129857,0.5177197534163176,0.382685686178062,0.3212203509767455,0.2651254303984259,0.0013490524229083,0.1387112641416625,1.004568376011754e-05
activity__n500__f0__memoryless|event_sample_then_full_history|ss0|b9600,event_sample_then_full_history,activity::n500::f0,0.04106888621180593,0.00131420435877779,0.0,0.0,0.020665256537446417,0.0004492447073357917,0.0,0.0,0.0396258145890267,0.9995484721712308,0.0012612991381122,0.9680304446195804,0.0,0.8234761033603822,0.0,0.5077310874689959
activity__n500__f0__memoryless|node_panel_full_history|ss0|b2500,node_panel_full_history,activity::n500::f0,0.04047217537942664,0.00042158516020236085,0.0,0.0,0.02045225406884632,0.0001440299582313121,0.0,0.0,0.0396258145890267,0.9996983218463578,0.0012612991381122,0.962075484495734,0.0,0.8020380861958152,0.0,0.4815681583326144
activity__n500__f0__memoryless|recent_history_k20|ws0|b800,recent_history_k20,activity::n500::f0,0.003215434083601286,0.0,0.0,0.0,0.0016877637130801688,0.0,0.0,0.0,0.0396258145890267,0.0552594921617393,0.0012612991381122,0.0273407263003591,0.0,0.0153196337572483,0.0,0.0069171032760852
activity__n500__f0__memoryless|time_agnostic_t|ws0|b800,time_agnostic_t,activity::n500::f0,0.0,0.0,0.0,0.0,0.0,0.0,0.0,0.0,0.0396258145890267,0.0001011745110898,0.0012612991381122,5.917130866953355e-06,0.0,1.394303459212065e-06,0.0,4.010340256098287e-07
activity__n500__f0__memoryless|time_respecting|ws0|b800,time_respecting,activity::n500::f0,0.0019193857965451055,0.0,0.0,0.0,0.001055520371543171,0.0,0.0,0.0,0.0396258145890267,0.015753190538169,0.0012612991381122,0.0116048678582698,0.0,0.0082723658417904,0.0,0.0044536102473537
controlled__snap_bitcoin_otc__bursty__contiguous__rho0.15__r0|event_sample_then_full_history|ss0|b9600,event_sample_then_full_history,real::snap_bitcoin_otc,0.1505655479325051,0.0,0.0,0.0,0.12340425531914893,0.0,0.0,0.0,0.1262795458775358,0.3103843343055791,0.0,0.1680031179644655,0.0,0.093512539497708,0.0,0.0414427682754635
controlled__snap_bitcoin_otc__bursty__contiguous__rho0.15__r0|node_panel_full_history|ss0|b2500,node_panel_full_history,real::snap_bitcoin_otc,0.12856196156394964,0.0,0.0,0.0,0.09556650246305419,0.0,0.0,0.0,0.1262795458775358,0.3144027457706312,0.0,0.1731088643930822,0.0,0.0974922439203647,0.0,0.0435814271890139
controlled__snap_bitcoin_otc__bursty__contiguous__rho0.15__r0|recent_history_k20|ws0|b800,recent_history_k20,real::snap_bitcoin_otc,0.003278688524590164,0.0,0.0,0.0,0.001739634676717889,0.0,0.0,0.0,0.1262795458775358,0.0474882065359968,0.0,0.0208485558056859,0.0,0.01099671510189,0.0,0.0047769578261442
controlled__snap_bitcoin_otc__bursty__contiguous__rho0.15__r0|time_agnostic_t|ws0|b800,time_agnostic_t,real::snap_bitcoin_otc,0.0058309037900874635,0.0,0.0,0.0,0.003177124702144559,0.0,0.0,0.0,0.1262795458775358,0.0606722629188767,0.0,0.0232974845818288,0.0,0.0113443789057678,0.0,0.0046763924660815
controlled__snap_bitcoin_otc__bursty__contiguous__rho0.15__r0|time_respecting|ws0|b800,time_respecting,real::snap_bitcoin_otc,0.037037037037037035,0.0,0.0,0.0,0.019002375296912115,0.0,0.0,0.0,0.1262795458775358,0.4209350896290321,0.0,0.0609501891708036,0.0,0.0150901516192592,0.0,0.0040883012323487
controlled__snap_bitcoin_otc__bursty__contiguous__rho0.55__r0|event_sample_then_full_history|ss0|b9600,event_sample_then_full_history,real::snap_bitcoin_otc,0.585179668590579,0.0,0.0,0.0,0.48257331490864425,0.0,0.0,0.0,0.4872975991066443,0.9988637061726278,0.0,0.94469660620004,0.0,0.7666269562628614,0.0,0.4485370196600253
controlled__snap_bitcoin_otc__bursty__contiguous__rho0.55__r0|node_panel_full_history|ss0|b2500,node_panel_full_history,real::snap_bitcoin_otc,0.4750512645249487,0.0,0.0,0.0,0.3547728432873915,0.0,0.0,0.0,0.4872975991066443,0.9904775687038584,0.0,0.8893305155409361,0.0,0.6780278572521241,0.0,0.3750953363435036
controlled__snap_bitcoin_otc__bursty__contiguous__rho0.55__r0|recent_history_k20|ws0|b800,recent_history_k20,real::snap_bitcoin_otc,0.05084745762711865,0.0,0.0,0.0,0.02526378362312379,0.0,0.0,0.0,0.4872975991066443,0.7851600189735422,0.0,0.4052952324384467,0.0,0.2248692112540952,0.0,0.1009740830976165
controlled__snap_bitcoin_otc__bursty__contiguous__rho0.55__r0|time_agnostic_t|ws0|b800,time_agnostic_t,real::snap_bitcoin_otc,0.05736434108527132,0.0,0.0,0.0,0.029207634470792367,0.0,0.0,0.0,0.4872975991066443,0.5426332469494396,0.0,0.0045333309663421,0.0,0.0007547097609497,0.0,0.000204011516958
controlled__snap_bitcoin_otc__bursty__contiguous__rho0.55__r0|time_respecting|ws0|b800,time_respecting,real::snap_bitcoin_otc,0.03508771929824561,0.0,0.0,0.0,0.018809781086164806,0.0,0.0,0.0,0.4872975991066443,0.3198626535320107,0.0,0.1783757674088032,0.0,0.0995015780812635,0.0,0.043962711967654
controlled__snap_collegemsg__bursty__contiguous__rho0.15__r0|event_sample_then_full_history|ss0|b9600,event_sample_then_full_history,real::snap_collegemsg,0.19318181818181818,0.0633116883116883,0.017857142857142856,0.00974025974025974,0.11676820398401085,0.037097302780148396,0.008473213000517866,0.004325108159695732,0.1481427952016187,0.2286148221368331,0.0411186587657175,0.0870505877939647,0.0117791588379823,0.0364614458586395,0.0036132389073565,0.0266403419805667
controlled__snap_collegemsg__bursty__contiguous__rho0.15__r0|node_panel_full_history|ss0|b2500,node_panel_full_history,real::snap_collegemsg,0.10311284046692606,0.017509727626459144,0.005836575875486381,0.0,0.049715816782456845,0.0049229066067561335,0.0008972785440885564,0.0,0.1481427952016187,0.2599160964914956,0.0411186587657175,0.1047083117418561,0.0117791588379823,0.0871043624306672,0.0036132389073565,6.061138553213856e-09
controlled__snap_collegemsg__bursty__contiguous__rho0.15__r0|recent_history_k20|ws0|b800,recent_history_k20,real::snap_collegemsg,0.010482180293501049,0.0,0.0,0.0,0.005082238251094013,0.0,0.0,0.0,0.1481427952016187,0.0565906021540216,0.0411186587657175,3.056369568108754e-07,0.0117791588379823,8.01563217468773e-10,0.0036132389073565,3.11196870411332e-11
controlled__snap_collegemsg__bursty__contiguous__rho0.15__r0|time_agnostic_t|ws0|b800,time_agnostic_t,real::snap_collegemsg,0.009681881051175657,0.0,0.0,0.0,0.004853779881082393,0.0,0.0,0.0,0.1481427952016187,0.1728554861060503,0.0411186587657175,0.0453235575864434,0.0117791588379823,0.0171188774722944,0.0036132389073565,0.0060010762575795
controlled__snap_collegemsg__bursty__contiguous__rho0.15__r0|time_respecting|ws0|b800,time_respecting,real::snap_collegemsg,0.07671957671957672,0.0,0.0,0.0,0.03508997573758127,0.0,0.0,0.0,0.1481427952016187,0.4368713270475501,0.0411186587657175,2.0472340808472566e-06,0.0117791588379823,5.32818407895053e-08,0.0036132389073565,6.9086497173985986e-09
controlled__snap_collegemsg__bursty__contiguous__rho0.55__r0|event_sample_then_full_history|ss0|b9600,event_sample_then_full_history,real::snap_collegemsg,0.7586776859504132,0.2909090909090909,0.10413223140495868,0.03471074380165289,0.47223937444149,0.1404039420704196,0.0510329841616005,0.011763478871352416,0.5479838126896951,0.8856781913036593,0.1534181240063593,0.4329260115111792,0.045237751120104,0.1983804368101089,0.0130076600664835,0.1314007105160174
controlled__snap_collegemsg__bursty__contiguous__rho0.55__r0|node_panel_full_history|ss0|b2500,node_panel_full_history,real::snap_collegemsg,0.549469964664311,0.1413427561837456,0.04063604240282685,0.012367491166077738,0.3067922308301707,0.0521935027816683,0.012109265835565312,0.0029361510728023125,0.5479838126896951,0.9137240080545024,0.1534181240063593,0.5165894443691743,0.045237751120104,0.3124264114259045,0.0130076600664835,0.3120929934719496
controlled__snap_collegemsg__bursty__contiguous__rho0.55__r0|recent_history_k20|ws0|b800,recent_history_k20,real::snap_collegemsg,0.02973977695167286,0.0018587360594795538,0.0,0.0,0.014074663074141413,0.0007090510364806757,0.0,0.0,0.5479838126896951,0.1993854532956872,0.1534181240063593,0.0591112946418212,0.045237751120104,0.0394051157368156,0.0130076600664835,0.022176826926478
controlled__snap_collegemsg__bursty__contiguous__rho0.55__r0|time_agnostic_t|ws0|b800,time_agnostic_t,real::snap_collegemsg,0.03333333333333333,0.0,0.0,0.0,0.017306520414381476,0.0,0.0,0.0,0.5479838126896951,0.4911618458434253,0.1534181240063593,0.3447639049364703,0.045237751120104,0.2216676955045946,0.0130076600664835,0.1080231004822084
controlled__snap_collegemsg__bursty__contiguous__rho0.55__r0|time_respecting|ws0|b800,time_respecting,real::snap_collegemsg,0.06775067750677506,0.005420054200542005,0.0,0.0,0.03085221393869439,0.0016248187905017733,0.0,0.0,0.5479838126896951,0.3580305214438788,0.1534181240063593,0.0992757015076572,0.045237751120104,0.0273728286013189,0.0130076600664835,0.0029835102988137
controlled__snap_email_eu__bursty__contiguous__rho0.15__r0|event_sample_then_full_history|ss0|b9600,event_sample_then_full_history,real::snap_email_eu,0.34782608695652173,0.08695652173913043,0.08695652173913043,0.0,0.11993966991258477,0.01383143329791496,0.01383143329791496,0.0,0.1499003984063745,0.3538651038170864,0.0471240039840637,0.0873201377995674,0.0149402390438247,0.0873201377995674,0.0056648406374501,0.0
controlled__snap_email_eu__bursty__contiguous__rho0.15__r0|node_panel_full_history|ss0|b2500,node_panel_full_history,real::snap_email_eu,0.0641025641025641,0.01282051282051282,0.00641025641025641,0.0,0.019128727658925804,0.0024387248115572083,0.002167755388050852,0.0,0.1499003984063745,0.2208835241391777,0.0471240039840637,0.0681181016995838,0.0149402390438247,0.0336118548500163,0.0056648406374501,0.0336118548500147
controlled__snap_email_eu__bursty__contiguous__rho0.15__r0|recent_history_k20|ws0|b800,recent_history_k20,real::snap_email_eu,0.0,0.0,0.0,0.0,0.0,0.0,0.0,0.0,0.1499003984063745,7.092050807262121e-58,0.0471240039840637,1.1225936887604485e-66,0.0149402390438247,1.578668333561224e-70,0.0056648406374501,1.0324833128303413e-72
controlled__snap_email_eu__bursty__contiguous__rho0.15__r0|time_agnostic_t|ws0|b800,time_agnostic_t,real::snap_email_eu,0.002628120893561104,0.0,0.0,0.0,0.0013471037269869779,0.0,0.0,0.0,0.1499003984063745,0.0892385178016916,0.0471240039840637,0.0404107618026046,0.0149402390438247,0.0212639723966349,0.0056648406374501,0.0091845479748183
controlled__snap_email_eu__bursty__contiguous__rho0.15__r0|time_respecting|ws0|b800,time_respecting,real::snap_email_eu,0.026385224274406333,0.0,0.0,0.0,0.010453915768990752,0.0,0.0,0.0,0.1499003984063745,0.1224318935878664,0.0471240039840637,2.8790423176423304e-14,0.0149402390438247,1.65826620738776e-18,0.0056648406374501,3.8591218344179706e-21
controlled__snap_email_eu__bursty__contiguous__rho0.55__r0|event_sample_then_full_history|ss0|b9600,event_sample_then_full_history,real::snap_email_eu,0.8085106382978723,0.2553191489361702,0.1276595744680851,0.0,0.7978105592271495,0.14313784603098512,0.09391863330603839,0.0,0.5499875498007968,0.8103404462195707,0.1731200199203187,0.2608295072774842,0.0592006972111553,0.1294726418211486,0.0219123505976095,1.1574901166527636e-304
controlled__snap_email_eu__bursty__contiguous__rho0.55__r0|node_panel_full_history|ss2|b2500,node_panel_full_history,real::snap_email_eu,0.5142857142857142,0.11428571428571428,0.02857142857142857,0.0,0.2600971882988008,0.03822123806037278,0.009886084523589226,0.0,0.5499875498007968,0.815360665894012,0.1731200199203187,0.3130419712179075,0.0592006972111553,0.1357337936199378,0.0219123505976095,0.1357332161783374
controlled__snap_email_eu__bursty__contiguous__rho0.55__r0|recent_history_k20|ws0|b800,recent_history_k20,real::snap_email_eu,0.02364864864864865,0.0033783783783783786,0.0,0.0,0.006312909726113178,0.0011201729641991316,0.0,0.0,0.5499875498007968,0.0854695585791319,0.1731200199203187,0.0136583538812351,0.0592006972111553,0.0135057175401844,0.0219123505976095,0.0014638702172088
controlled__snap_email_eu__bursty__contiguous__rho0.55__r0|time_agnostic_t|ws0|b800,time_agnostic_t,real::snap_email_eu,0.01740294511378849,0.0,0.0,0.0,0.009011090573012939,0.0,0.0,0.0,0.5499875498007968,0.3910963737264016,0.1731200199203187,0.2461057730788524,0.0592006972111553,0.1500277806877462,0.0219123505976095,0.0708238198091455
controlled__snap_email_eu__bursty__contiguous__rho0.55__r0|time_respecting|ws0|b800,time_respecting,real::snap_email_eu,0.05370843989769821,0.0025575447570332483,0.0,0.0,0.0219334469550494,0.0003150854311180281,0.0,0.0,0.5499875498007968,0.2601368517336311,0.1731200199203187,0.0374809707454381,0.0592006972111553,1.4064397431337162e-13,0.0219123505976095,4.612911947833463e-18
controlled__snap_mathoverflow__bursty__contiguous__rho0.15__r0|event_sample_then_full_history|ss0|b9600,event_sample_then_full_history,real::snap_mathoverflow,0.2268178785857238,0.054036024016010674,0.015343562374916611,0.004669779853235491,0.1274973845506005,0.021493486914476088,0.004875431524074012,0.0010843755372775096,0.1422446352387943,0.3818055671249821,0.0278584575447107,0.1643756879124825,0.0062930218207738,0.0943978617694271,0.0017288521485642,0.0724852606934275
controlled__snap_mathoverflow__bursty__contiguous__rho0.15__r0|node_panel_full_history|ss0|b2500,node_panel_full_history,real::snap_mathoverflow,0.13976240391334732,0.029350104821802937,0.0069881201956673656,0.0020964360587002098,0.06918682776577315,0.008922346606379415,0.001451716762967439,0.0003443969054704473,0.1422446352387943,0.5111939914139944,0.0278584575447107,0.3821445881726243,0.0062930218207738,0.297182741883562,0.0017288521485642,0.211342732990725
controlled__snap_mathoverflow__bursty__contiguous__rho0.15__r0|recent_history_k20|ws0|b800,recent_history_k20,real::snap_mathoverflow,0.004694835680751174,0.0,0.0,0.0,0.0022364485197506356,0.0,0.0,0.0,0.1422446352387943,0.0659392888194206,0.0278584575447107,0.0045342619598206,0.0062930218207738,0.0007842514895788,0.0017288521485642,0.0001767251744631
controlled__snap_mathoverflow__bursty__contiguous__rho0.15__r0|time_agnostic_t|ws0|b800,time_agnostic_t,real::snap_mathoverflow,0.005398110661268556,0.0,0.0,0.0,0.0028034108164934003,0.0,0.0,0.0,0.1422446352387943,0.1168864024924613,0.0278584575447107,0.0615268002629705,0.0062930218207738,0.034823616284403,0.0017288521485642,0.0157351638337105
controlled__snap_mathoverflow__bursty__contiguous__rho0.15__r0|time_respecting|ws0|b800,time_respecting,real::snap_mathoverflow,0.0017985611510791368,0.0,0.0,0.0,0.0009413241292751805,0.0,0.0,0.0,0.1422446352387943,0.031843204076432,0.0278584575447107,0.0184768545989228,0.0062930218207738,0.011303214428389,0.0017288521485642,0.005408837804681
controlled__snap_mathoverflow__bursty__contiguous__rho0.55__r0|event_sample_then_full_history|ss0|b9600,event_sample_then_full_history,real::snap_mathoverflow,0.6666666666666666,0.19444444444444445,0.06231231231231231,0.013513513513513514,0.36411424781527363,0.07146239725018166,0.01802545398208806,0.0033982070328831653,0.37438958220293,0.977831479088304,0.0733086506441969,0.5213240077277956,0.0170385028672347,0.3115247395597522,0.0043035119636568,0.1679179021542032
controlled__snap_mathoverflow__bursty__contiguous__rho0.55__r0|node_panel_full_history|ss0|b2500,node_panel_full_history,real::snap_mathoverflow,0.3721518987341772,0.07763713080168777,0.020253164556962026,0.0033755274261603376,0.18105611913265154,0.024236369081659725,0.004672512628568428,0.00047759691523265615,0.37438958220293,0.9988101220642138,0.0733086506441969,0.6893965041431657,0.0170385028672347,0.5278392699193464,0.0043035119636568,0.5118423684610311
controlled__snap_mathoverflow__bursty__contiguous__rho0.55__r0|recent_history_k20|ws0|b800,recent_history_k20,real::snap_mathoverflow,0.010719754977029096,0.0,0.0,0.0,0.005334044539271904,0.0,0.0,0.0,0.37438958220293,0.2029528942491046,0.0733086506441969,0.095937164799128,0.0170385028672347,0.0489998862139473,0.0043035119636568,0.0204759715340843
controlled__snap_mathoverflow__bursty__contiguous__rho0.55__r0|time_agnostic_t|ws0|b800,time_agnostic_t,real::snap_mathoverflow,0.008108108108108109,0.0,0.0,0.0,0.00398173088183628,0.0,0.0,0.0,0.37438958220293,0.1883549290836681,0.0733086506441969,0.0522406900921944,0.0170385028672347,0.0202754668788057,0.0043035119636568,0.0072157495439129
controlled__snap_mathoverflow__bursty__contiguous__rho0.55__r0|time_respecting|ws0|b800,time_respecting,real::snap_mathoverflow,0.011029411764705883,0.0,0.0,0.0,0.005928365582544256,0.0,0.0,0.0,0.37438958220293,0.1156773182340852,0.0733086506441969,0.0897039192996124,0.0170385028672347,0.0639275249002342,0.0043035119636568,0.0340686231481504
controlled__sp_highschool2013__bursty__contiguous__rho0.15__r0|event_sample_then_full_history|ss0|b9600,event_sample_then_full_history,real::sp_highschool2013,0.23809523809523808,0.0,0.0,0.0,0.22961141949143954,0.0,0.0,0.0,0.149364042626332,0.2380956922297087,0.0507047095221725,0.0,0.0163286352698521,0.0,0.006015812994156,0.0
controlled__sp_highschool2013__bursty__contiguous__rho0.15__r0|node_panel_full_history|ss0|b2500,node_panel_full_history,real::sp_highschool2013,0.25925925925925924,0.14814814814814814,0.037037037037037035,0.037037037037037035,0.10674507211926122,0.07647344874593086,0.002197512894998013,0.002197512894998013,0.149364042626332,0.4113165404093786,0.0507047095221725,0.2452959483500163,0.0163286352698521,0.2452959483500163,0.006015812994156,0.2452959483500163
controlled__sp_highschool2013__bursty__contiguous__rho0.15__r0|recent_history_k20|ws0|b800,recent_history_k20,real::sp_highschool2013,0.029914529914529916,0.0,0.0,0.0,0.011982991396151128,0.0,0.0,0.0,0.149364042626332,0.0954785025925993,0.0507047095221725,2.5715601564859226e-21,0.0163286352698521,2.034381111449743e-29,0.006015812994156,1.2712475434268455e-34
controlled__sp_highschool2013__bursty__contiguous__rho0.15__r0|time_agnostic_t|ws0|b800,time_agnostic_t,real::sp_highschool2013,0.004132231404958678,0.0,0.0,0.0,0.001930036188178528,0.0,0.0,0.0,0.149364042626332,0.0825172875916415,0.0507047095221725,0.0058216190887006,0.0163286352698521,0.0010639434413118,0.006015812994156,0.0002498031434203
controlled__sp_highschool2013__bursty__contiguous__rho0.15__r0|time_respecting|ws0|b800,time_respecting,real::sp_highschool2013,0.016233766233766232,0.0,0.0,0.0,0.005237863643780739,0.0,0.0,0.0,0.149364042626332,0.0564659942079379,0.0507047095221725,1.439638136674271e-26,0.0163286352698521,2.6232215912272613e-36,0.006015812994156,2.4710615164261333e-42
controlled__sp_highschool2013__bursty__contiguous__rho0.55__r0|event_sample_then_full_history|ss0|b9600,event_sample_then_full_history,real::sp_highschool2013,0.9375,0.3125,0.125,0.0,0.9961126222319402,0.48759080072350597,0.11491507199246248,0.0,0.5433138535579237,0.9375,0.1866620831900997,0.313484789710958,0.0647988999656239,0.1368808150811346,0.0207975249226538,0.0
controlled__sp_highschool2013__bursty__contiguous__rho0.55__r0|node_panel_full_history|ss0|b2500,node_panel_full_history,real::sp_highschool2013,0.46511627906976744,0.27906976744186046,0.11627906976744186,0.0,0.12400985570449137,0.07871681745834187,0.03505280389393494,0.0,0.5433138535579237,0.7165012154207433,0.1866620831900997,0.4616747591550423,0.0647988999656239,0.2448952872096461,0.0207975249226538,1.5562715882572523e-09
controlled__sp_highschool2013__bursty__contiguous__rho0.55__r0|recent_history_k20|ws0|b800,recent_history_k20,real::sp_highschool2013,0.062111801242236024,0.009316770186335404,0.0,0.0,0.024205626861696604,0.002710106308632077,0.0,0.0,0.5433138535579237,0.2295051522228973,0.1866620831900997,0.0800054834621321,0.0647988999656239,5.484683098354961e-05,0.0207975249226538,1.7910086372017096e-08
controlled__sp_highschool2013__bursty__contiguous__rho0.55__r0|time_agnostic_t|ws0|b800,time_agnostic_t,real::sp_highschool2013,0.020242914979757085,0.0,0.0,0.0,0.009813084112149532,0.0,0.0,0.0,0.5433138535579237,0.4810343111247909,0.1866620831900997,0.1473728202502557,0.0647988999656239,0.0577048377597992,0.0207975249226538,0.0204629178346748
controlled__sp_highschool2013__bursty__contiguous__rho0.55__r0|time_respecting|ws0|b800,time_respecting,real::sp_highschool2013,0.03293413173652695,0.0029940119760479044,0.0,0.0,0.012413790634142927,0.0009696962114456296,0.0,0.0,0.5433138535579237,0.1291930594698646,0.1866620831900997,0.0208509655478398,0.0647988999656239,0.0116340166264031,0.0207975249226538,0.0003112415963466
controlled__sp_hospital__bursty__contiguous__rho0.15__r0|event_sample_then_full_history|ss0|b9600,event_sample_then_full_history,real::sp_hospital,0.13333333333333333,0.09333333333333334,0.04,0.0,0.1177022067307752,0.04581010753998058,0.03996542323553257,0.0,0.1501316944688323,0.1351682176106779,0.0623353819139596,0.0980273897723692,0.0263388937664618,0.0410738891352123,0.0035118525021949,4.3873464800720496e-217
controlled__sp_hospital__bursty__contiguous__rho0.15__r0|node_panel_full_history|ss0|b2500,node_panel_full_history,real::sp_hospital,0.10204081632653061,0.04081632653061224,0.02040816326530612,0.0,0.06853066799892521,0.03989745850724382,0.00664957641787397,0.0,0.1501316944688323,0.1147534810813792,0.0623353819139596,0.0458483453592745,0.0263388937664618,0.0458483453592745,0.0035118525021949,4.038817349973056e-42
controlled__sp_hospital__bursty__contiguous__rho0.15__r0|recent_history_k20|ws0|b800,recent_history_k20,real::sp_hospital,0.03409090909090909,0.005681818181818182,0.005681818181818182,0.0,0.01397199669979488,0.0011802571628949817,0.0011802571628949817,0.0,0.1501316944688323,0.0749322614883394,0.0623353819139596,0.0194268053235573,0.0263388937664618,0.0194268053235573,0.0035118525021949,4.386446492245663e-13
controlled__sp_hospital__bursty__contiguous__rho0.15__r0|time_agnostic_t|ws0|b800,time_agnostic_t,real::sp_hospital,0.0297723292469352,0.0,0.0,0.0,0.016490070872219494,0.0,0.0,0.0,0.1501316944688323,0.167084809454617,0.0623353819139596,0.0062278420808078,0.0263388937664618,0.0006674280332611,0.0035118525021949,0.0001125197069172
controlled__sp_hospital__bursty__contiguous__rho0.15__r0|time_respecting|ws0|b800,time_respecting,real::sp_hospital,0.005025125628140704,0.0,0.0,0.0,0.001742227016917044,0.0,0.0,0.0,0.1501316944688323,0.0166187168243468,0.0623353819139596,1.0046344426864599e-25,0.0263388937664618,3.0334678341843063e-39,0.0035118525021949,2.621100173836572e-47
controlled__sp_hospital__bursty__contiguous__rho0.55__r0|event_sample_then_full_history|ss0|b9600,event_sample_then_full_history,real::sp_hospital,0.6417910447761194,0.1791044776119403,0.029850746268656716,0.029850746268656716,0.7789347948662996,0.185852031291017,0.001836849453362254,0.001836849453362254,0.5478489903424056,0.6423851320209512,0.1913959613696224,0.193306408596962,0.0614574187884108,0.0377088613719572,0.0175592625109745,0.0377088613719572
controlled__sp_hospital__bursty__contiguous__rho0.55__r0|node_panel_full_history|ss0|b2500,node_panel_full_history,real::sp_hospital,0.5365853658536586,0.17073170731707318,0.04878048780487805,0.0,0.21396734205514115,0.027672052626689946,0.0036730528207803135,0.0,0.5478489903424056,0.6409971002873576,0.1913959613696224,0.2243063268025223,0.0614574187884108,0.0661414177539153,0.0175592625109745,1.0586195630570713e-201
controlled__sp_hospital__bursty__contiguous__rho0.55__r0|recent_history_k20|ws0|b800,recent_history_k20,real::sp_hospital,0.08050847457627118,0.0,0.0,0.0,0.03194547996553931,0.0,0.0,0.0,0.5478489903424056,0.2183129483026033,0.1913959613696224,7.322420982739672e-29,0.0614574187884108,7.273612243440161e-35,0.0175592625109745,1.987820329738118e-38
controlled__sp_hospital__bursty__contiguous__rho0.55__r0|time_agnostic_t|ws0|b800,time_agnostic_t,real::sp_hospital,0.0824561403508772,0.007017543859649123,0.0,0.0,0.04170317154371824,0.0024531277378657787,0.0,0.0,0.5478489903424056,0.4177814625055025,0.1913959613696224,0.2047570136264725,0.0614574187884108,0.0497814479340292,0.0175592625109745,0.0101424127785804
controlled__sp_hospital__bursty__contiguous__rho0.55__r0|time_respecting|ws0|b800,time_respecting,real::sp_hospital,0.0913978494623656,0.0,0.0,0.0,0.04115905807446478,0.0,0.0,0.0,0.5478489903424056,0.2522867804941811,0.1913959613696224,4.5932143721707465e-21,0.0614574187884108,8.59828491863809e-24,0.0175592625109745,9.82583921471718e-25
controlled__sp_hypertext2009__bursty__contiguous__rho0.15__r0|event_sample_then_full_history|ss0|b9600,event_sample_then_full_history,real::sp_hypertext2009,0.16981132075471697,0.05660377358490566,0.031446540880503145,0.006289308176100629,0.11697007788047269,0.03501578946870552,0.021093681132429955,0.005554146148207085,0.1056466302367941,0.1833741486685796,0.0282331511839708,0.0674538428271035,0.0113843351548269,0.0403514620123111,0.0036429872495446,0.0110312625685261
controlled__sp_hypertext2009__bursty__contiguous__rho0.15__r0|node_panel_full_history|ss0|b2500,node_panel_full_history,real::sp_hypertext2009,0.09239130434782608,0.03260869565217391,0.0,0.0,0.037554407211484446,0.012650780184448093,0.0,0.0,0.1056466302367941,0.1572449020936261,0.0282331511839708,0.0725577704513669,0.0113843351548269,1.6649233321886091e-19,0.0036429872495446,3.388656563997457e-22
controlled__sp_hypertext2009__bursty__contiguous__rho0.15__r0|recent_history_k20|ws0|b800,recent_history_k20,real::sp_hypertext2009,0.025089605734767026,0.0,0.0,0.0,0.00948109189628148,0.0,0.0,0.0,0.1056466302367941,0.0897604178206553,0.0282331511839708,8.213460948717274e-20,0.0113843351548269,2.477951653741201e-21,0.0036429872495446,6.159156818709375e-22
controlled__sp_hypertext2009__bursty__contiguous__rho0.15__r0|time_agnostic_t|ws0|b800,time_agnostic_t,real::sp_hypertext2009,0.007680491551459293,0.0,0.0,0.0,0.004296516956920257,0.0,0.0,0.0,0.1056466302367941,0.0566179042162794,0.0282331511839708,0.0338047635213618,0.0113843351548269,0.0209029720703032,0.0036429872495446,0.0100774995187679
controlled__sp_hypertext2009__bursty__contiguous__rho0.15__r0|time_respecting|ws0|b800,time_respecting,real::sp_hypertext2009,0.00749063670411985,0.0,0.0,0.0,0.0035772801585972304,0.0,0.0,0.0,0.1056466302367941,0.0227506347034759,0.0282331511839708,6.002471890833595e-19,0.0113843351548269,1.87660561295676e-22,0.0036429872495446,2.432009347905785e-23
controlled__sp_hypertext2009__bursty__contiguous__rho0.55__r0|event_sample_then_full_history|ss0|b9600,event_sample_then_full_history,real::sp_hypertext2009,0.4794520547945205,0.1095890410958904,0.0136986301369863,0.00684931506849315,0.24737813227741204,0.03468098050020296,0.003066672860341784,0.002398295442062164,0.2654826958105646,0.5425192608949171,0.052823315118397,0.1421272509743738,0.006375227686703,0.0195546906071074,0.0022768670309653,0.0097073017885129
controlled__sp_hypertext2009__bursty__contiguous__rho0.55__r0|node_panel_full_history|ss0|b2500,node_panel_full_history,real::sp_hypertext2009,0.21076233183856502,0.04484304932735426,0.002242152466367713,0.002242152466367713,0.0803300836602809,0.012075716521432573,0.0005870765637416894,0.0005870765637416894,0.2654826958105646,0.5208020981582722,0.052823315118397,0.1826407916261832,0.006375227686703,0.0154686209980167,0.0022768670309653,0.0154686209980167
controlled__sp_hypertext2009__bursty__contiguous__rho0.55__r0|recent_history_k20|ws0|b800,recent_history_k20,real::sp_hypertext2009,0.0457516339869281,0.0,0.0,0.0,0.019819442326678025,0.0,0.0,0.0,0.2654826958105646,0.1706016695120637,0.052823315118397,1.9196275105538316e-14,0.006375227686703,1.1746272339799737e-15,0.0022768670309653,2.891522905470653e-16
controlled__sp_hypertext2009__bursty__contiguous__rho0.55__r0|time_agnostic_t|ws0|b800,time_agnostic_t,real::sp_hypertext2009,0.022590361445783132,0.0,0.0,0.0,0.012160742910839642,0.0,0.0,0.0,0.2654826958105646,0.1981153779146264,0.052823315118397,0.1010076982800873,0.006375227686703,0.0549714459529637,0.0022768670309653,0.0240811541113668
controlled__sp_hypertext2009__bursty__contiguous__rho0.55__r0|time_respecting|ws0|b800,time_respecting,real::sp_hypertext2009,0.01824817518248175,0.0,0.0,0.0,0.009922249302794329,0.0,0.0,0.0,0.2654826958105646,0.0625806326601831,0.052823315118397,2.235259953175158e-05,0.006375227686703,1.2179459093077478e-08,0.0022768670309653,3.6090460413128974e-11
controlled__sp_primaryschool__bursty__contiguous__rho0.15__r0|event_sample_then_full_history|ss0|b9600,event_sample_then_full_history,real::sp_primaryschool,0.208955223880597,0.014925373134328358,0.014925373134328358,0.0,0.33485247693070613,0.036414807315258514,0.036414807315258514,0.0,0.1500541060478538,0.2132883007872738,0.0173139353132139,0.0170645998721454,0.0063724900805578,0.0170645998721454,0.0,4.2168934774294357e-47
controlled__sp_primaryschool__bursty__contiguous__rho0.15__r0|node_panel_full_history|ss0|b2500,node_panel_full_history,real::sp_primaryschool,0.20689655172413793,0.017241379310344827,0.008620689655172414,0.0,0.11094039151804085,0.0072523581922186026,0.002417452730739534,0.0,0.1500541060478538,0.2879951165581529,0.0173139353132139,0.032958191867378,0.0063724900805578,0.032958191867378,0.0,1.4386451991076171e-28
controlled__sp_primaryschool__bursty__contiguous__rho0.15__r0|recent_history_k20|ws0|b800,recent_history_k20,real::sp_primaryschool,0.019184652278177457,0.0,0.0,0.0,0.009365467101748104,0.0,0.0,0.0,0.1500541060478538,0.0837177561832151,0.0173139353132139,5.544965819367555e-08,0.0063724900805578,1.1325013222083728e-10,0.0,3.401969127545568e-12
controlled__sp_primaryschool__bursty__contiguous__rho0.15__r0|time_agnostic_t|ws0|b800,time_agnostic_t,real::sp_primaryschool,0.0026845637583892616,0.0,0.0,0.0,0.0013914656771799629,0.0,0.0,0.0,0.1500541060478538,0.0636746651079611,0.0173139353132139,0.0274868252699518,0.0063724900805578,0.0142399553429104,0.0,0.006103245438885
controlled__sp_primaryschool__bursty__contiguous__rho0.15__r0|time_respecting|ws0|b800,time_respecting,real::sp_primaryschool,0.0,0.0,0.0,0.0,0.0,0.0,0.0,0.0,0.1500541060478538,1.3742041408557983e-36,0.0173139353132139,9.370219215662081e-45,0.0063724900805578,1.794299599983258e-48,0.0,1.3066402819454348e-50
controlled__sp_primaryschool__bursty__contiguous__rho0.55__r0|event_sample_then_full_history|ss0|b9600,event_sample_then_full_history,real::sp_primaryschool,0.8444444444444444,0.12222222222222222,0.044444444444444446,0.0,0.7738050575978626,0.06384609599875657,0.010114218821081529,0.0,0.5481543825898761,0.8542873057808433,0.0602380666105566,0.1280845453217196,0.0209210051701334,0.0475611735691259,0.0,0.0
controlled__sp_primaryschool__bursty__contiguous__rho0.55__r0|node_panel_full_history|ss0|b2500,node_panel_full_history,real::sp_primaryschool,0.603448275862069,0.06896551724137931,0.034482758620689655,0.0,0.24497656350063396,0.008516433075281866,0.0018775398121099502,0.0,0.5481543825898761,0.8445899759003868,0.0602380666105566,0.1317424444562358,0.0209210051701334,0.0758603290763047,0.0,1.3876421157999429e-94
controlled__sp_primaryschool__bursty__contiguous__rho0.55__r0|recent_history_k20|ws0|b800,recent_history_k20,real::sp_primaryschool,0.037549407114624504,0.0,0.0,0.0,0.019067438080566428,0.0,0.0,0.0,0.5481543825898761,0.2184387730910905,0.0602380666105566,0.0017103246293739,0.0209210051701334,0.00030679036318,0.0,8.454147035099753e-05
controlled__sp_primaryschool__bursty__contiguous__rho0.55__r0|time_agnostic_t|ws0|b800,time_agnostic_t,real::sp_primaryschool,0.009283819628647215,0.0,0.0,0.0,0.0047803323469155475,0.0,0.0,0.0,0.5481543825898761,0.2515729674234283,0.0602380666105566,0.1479496306416609,0.0209210051701334,0.0877028628690937,0.0,0.0407366598126141
controlled__sp_primaryschool__bursty__contiguous__rho0.55__r0|time_respecting|ws0|b800,time_respecting,real::sp_primaryschool,0.0171990171990172,0.0,0.0,0.0,0.007496319533832673,0.0,0.0,0.0,0.5481543825898761,0.0891594273036952,0.0602380666105566,2.962254218991194e-09,0.0209210051701334,1.0549156474212868e-11,0.0,3.232519816285819e-13
dar__dcsbm__n1500__f0__a0.1__c0.15|event_sample_then_full_history|ss0|b9600,event_sample_then_full_history,dar::dcsbm::n1500::f0,0.48415765069551775,0.14296754250386398,0.0258887171561051,0.002704791344667697,0.29553321679449857,0.060795326843124484,0.00861252841025898,0.000659223103525905,0.337086166536618,0.707336137777552,0.0768030319919741,0.3241099494952115,0.012930554007357,0.0856913066617956,0.0010032326385018,0.0143628221316026
dar__dcsbm__n1500__f0__a0.1__c0.15|node_panel_full_history|ss0|b2500,node_panel_full_history,dar::dcsbm::n1500::f0,0.34439359267734554,0.06636155606407322,0.010297482837528604,0.002288329519450801,0.18115601730130218,0.02358338733093891,0.0026730770450105754,0.00043576870563107533,0.337086166536618,0.6399018993019535,0.0768030319919741,0.208625733130159,0.012930554007357,0.0449862782281053,0.0010032326385018,0.0223670272371872
dar__dcsbm__n1500__f0__a0.1__c0.15|recent_history_k20|ws0|b800,recent_history_k20,dar::dcsbm::n1500::f0,0.03350970017636684,0.001763668430335097,0.0,0.0,0.014256525631901561,0.00048210473151357933,0.0,0.0,0.337086166536618,0.3765278248847714,0.0768030319919741,0.0632172903981665,0.012930554007357,0.0084415340428659,0.0010032326385018,0.0010225136910409
dar__dcsbm__n1500__f0__a0.1__c0.15|time_agnostic_t|ws0|b800,time_agnostic_t,dar::dcsbm::n1500::f0,0.026277372262773723,0.0,0.0,0.0,0.013426352507568776,0.0,0.0,0.0,0.337086166536618,0.3109386663917106,0.0768030319919741,0.0702266966444984,0.012930554007357,0.0235845867365021,0.0010032326385018,0.0076745330515538
dar__dcsbm__n1500__f0__a0.1__c0.15|time_respecting|ws0|b800,time_respecting,dar::dcsbm::n1500::f0,0.015968063872255488,0.0,0.0,0.0,0.008162116521249648,0.0,0.0,0.0,0.337086166536618,0.1352925942859418,0.0768030319919741,0.0014546782508888,0.012930554007357,0.0007646874483126,0.0010032326385018,0.0003732481238468
dar__dcsbm__n1500__f0__a0.9__c0.15|event_sample_then_full_history|ss0|b9600,event_sample_then_full_history,dar::dcsbm::n1500::f0,0.9644194756554307,0.8726591760299626,0.7762172284644194,0.6741573033707865,0.8672915208354103,0.7006193404621115,0.5833262490788277,0.4937733441918547,0.8559498956158664,0.9968842245455596,0.7306889352818372,0.982549133088451,0.6200417536534447,0.982549133088451,0.5278854756934089,0.982549133088451
dar__dcsbm__n1500__f0__a0.9__c0.15|node_panel_full_history|ss0|b2500,node_panel_full_history,dar::dcsbm::n1500::f0,0.8769230769230769,0.7507692307692307,0.64,0.5476923076923077,0.6159320055972305,0.44304169386772346,0.3385124877208201,0.2791952700232209,0.8559498956158664,0.9793999558496288,0.7306889352818372,0.9583169733546816,0.6200417536534447,0.9583169733546816,0.5278854756934089,0.9583169733546816
dar__dcsbm__n1500__f0__a0.9__c0.15|recent_history_k20|ws0|b800,recent_history_k20,dar::dcsbm::n1500::f0,0.15306122448979592,0.02857142857142857,0.004081632653061225,0.0,0.0757769532078891,0.009594705420176984,0.0012043563288925082,0.0,0.8559498956158664,0.7672585803745989,0.7306889352818372,0.542524691076639,0.6200417536534447,0.4584174685559755,0.5278854756934089,0.3101089756683888
dar__dcsbm__n1500__f0__a0.9__c0.15|time_agnostic_t|ws0|b800,time_agnostic_t,dar::dcsbm::n1500::f0,0.20955882352941177,0.027573529411764705,0.0055147058823529415,0.001838235294117647,0.11132136490347481,0.008627532734110025,0.0012561773187830581,0.000374180477935379,0.8559498956158664,0.8444401459060444,0.7306889352818372,0.6100087201317667,0.6200417536534447,0.5342788870592496,0.5278854756934089,0.4077914007554386
dar__dcsbm__n1500__f0__a0.9__c0.15|time_respecting|ws0|b800,time_respecting,dar::dcsbm::n1500::f0,0.052854122621564484,0.0021141649048625794,0.0,0.0,0.026928528042113792,0.0008098805426199635,0.0,0.0,0.8559498956158664,0.3650232294707295,0.7306889352818372,0.0963699343064703,0.6200417536534447,0.0401277490013897,0.5278854756934089,0.0153554650588867
dar__dcsbm__n500__f0__a0.1__c0.15|event_sample_then_full_history|ss0|b9600,event_sample_then_full_history,dar::dcsbm::n500::f0,0.3245156482861401,0.0801043219076006,0.012295081967213115,0.0022354694485842027,0.15973130481786182,0.027805651370043875,0.003345200752022155,0.0006042979901456355,0.3263785394932936,0.6214104649356446,0.0804769001490312,0.2521253415440568,0.0130402384500745,0.0595853485976606,0.0022354694485842,0.0211203143466496
dar__dcsbm__n500__f0__a0.1__c0.15|node_panel_full_history|ss0|b2500,node_panel_full_history,dar::dcsbm::n500::f0,0.3348467650397276,0.0771850170261067,0.012485811577752554,0.0,0.17086113379754778,0.026770100962438714,0.003490804422198259,0.0,0.3263785394932936,0.6324410366979448,0.0804769001490312,0.2484502862395253,0.0130402384500745,0.0742293093701694,0.0022354694485842,3.47648242295876e-15
dar__dcsbm__n500__f0__a0.1__c0.15|recent_history_k20|ws0|b800,recent_history_k20,dar::dcsbm::n500::f0,0.045816733067729085,0.00199203187250996,0.0,0.0,0.025084902747761654,0.0007718431614695892,0.0,0.0,0.3263785394932936,0.2356653011100336,0.0804769001490312,0.1924197119499838,0.0130402384500745,0.1397379211149576,0.0022354694485842,0.0750212595281724
dar__dcsbm__n500__f0__a0.1__c0.15|time_agnostic_t|ws0|b800,time_agnostic_t,dar::dcsbm::n500::f0,0.025157232704402517,0.0,0.0,0.0,0.012866015971606033,0.0,0.0,0.0,0.3263785394932936,0.2138089664746287,0.0804769001490312,0.0039325730096761,0.0130402384500745,0.0003672760920724,0.0022354694485842,6.281395309539504e-05
dar__dcsbm__n500__f0__a0.1__c0.15|time_respecting|ws0|b800,time_respecting,dar::dcsbm::n500::f0,0.030373831775700934,0.002336448598130841,0.0,0.0,0.013946207485413406,0.0009487215976471703,0.0,0.0,0.3263785394932936,0.1513261787364629,0.0804769001490312,0.0243143004192449,0.0130402384500745,0.0237226582981913,0.0022354694485842,0.0212625714729247
dar__dcsbm__n500__f0__a0.9__c0.15|event_sample_then_full_history|ss0|b9600,event_sample_then_full_history,dar::dcsbm::n500::f0,0.8558187435633368,0.7353244078269825,0.6251287332646756,0.5221421215242018,0.5851742590861001,0.4245753820354445,0.32646157083870275,0.257070421058779,0.8558187435633368,0.9782754758054338,0.7353244078269825,0.9506470615940784,0.6251287332646756,0.9506470615940784,0.5221421215242018,0.9506470615940784
dar__dcsbm__n500__f0__a0.9__c0.15|node_panel_full_history|ss0|b2500,node_panel_full_history,dar::dcsbm::n500::f0,0.8567073170731707,0.7439024390243902,0.6463414634146342,0.5487804878048781,0.5648673331839184,0.42128871455157346,0.3325607332848176,0.2613694576377111,0.8558187435633368,0.98137131369328,0.7353244078269825,0.9484678652738016,0.6251287332646756,0.9484678652738016,0.5221421215242018,0.9484678652738016
dar__dcsbm__n500__f0__a0.9__c0.15|recent_history_k20|ws0|b800,recent_history_k20,dar::dcsbm::n500::f0,0.29365079365079366,0.06613756613756613,0.018518518518518517,0.0,0.1549241295527999,0.022096408187590254,0.004406674765626791,0.0,0.8558187435633368,0.8345470499011507,0.7353244078269825,0.6556084153523358,0.6251287332646756,0.5719210070315426,0.5221421215242018,0.0660857321178459
dar__dcsbm__n500__f0__a0.9__c0.15|time_agnostic_t|ws0|b800,time_agnostic_t,dar::dcsbm::n500::f0,1.0,1.0,1.0,0.5,1.0,1.0,1.0,0.5344180225281602,0.8558187435633368,1.0,0.7353244078269825,1.0,0.6251287332646756,1.0,0.5221421215242018,0.5
dar__dcsbm__n500__f0__a0.9__c0.15|time_respecting|ws0|b800,time_respecting,dar::dcsbm::n500::f0,0.1652892561983471,0.02203856749311295,0.0027548209366391185,0.0,0.08329227509167252,0.0079049832351569,0.00045781756188167374,0.0,0.8558187435633368,0.5595648212833086,0.7353244078269825,0.2307526940675142,0.6251287332646756,0.1846772327967459,0.5221421215242018,0.0033829942771666
real__snap_bitcoin_otc|event_sample_then_full_history|ss0|b9600,event_sample_then_full_history,real::snap_bitcoin_otc,0.029682890855457226,0.0,0.0,0.0,0.024130695443645083,0.0,0.0,0.0,0.0247999255536943,0.0682055079027941,0.0,0.0212320897762017,0.0,0.0089452802960633,0.0,0.0033352848261464
real__snap_bitcoin_otc|node_panel_full_history|ss0|b2500,node_panel_full_history,real::snap_bitcoin_otc,0.012430939226519336,0.0,0.0,0.0,0.009745533297238766,0.0,0.0,0.0,0.0247999255536943,0.031336975479427,0.0,0.0073127303292717,0.0,0.002701401157746,0.0,0.0009361269259589
real__snap_bitcoin_otc|recent_history_k20|ws0|b800,recent_history_k20,real::snap_bitcoin_otc,0.0,0.0,0.0,0.0,0.0,0.0,0.0,0.0,0.0247999255536943,6.006955396264026e-12,0.0,1.8336795180826802e-15,0.0,3.653986339201393e-17,0.0,3.1233348270236282e-18
real__snap_bitcoin_otc|time_agnostic_t|ws0|b800,time_agnostic_t,real::snap_bitcoin_otc,0.0,0.0,0.0,0.0,0.0,0.0,0.0,0.0,0.0247999255536943,1.0187603920688352e-11,0.0,2.6470808831013746e-15,0.0,4.6119033739530804e-17,0.0,3.621037936608154e-18
real__snap_bitcoin_otc|time_respecting|ws0|b800,time_respecting,real::snap_bitcoin_otc,0.0,0.0,0.0,0.0,0.0,0.0,0.0,0.0,0.0247999255536943,6.661287181082946e-13,0.0,3.974124250158202e-16,0.0,1.2782421559149624e-17,0.0,1.443646778866992e-18
real__snap_collegemsg|event_sample_then_full_history|ss0|b9600,event_sample_then_full_history,real::snap_collegemsg,0.2564935064935065,0.056818181818181816,0.012987012987012988,0.003246753246753247,0.09024441197251216,0.010289668457539182,0.0020190737355143236,0.00015670202154315852,0.1030495736378089,0.3094893093400399,0.0130076600664835,0.0723309416490144,0.0032519150166208,0.0161586173051989,0.0003613238907356,0.0044206726982461
real__snap_collegemsg|node_panel_full_history|ss0|b2500,node_panel_full_history,real::snap_collegemsg,0.08445297504798464,0.013435700575815739,0.003838771593090211,0.0,0.020653913886767752,0.0022492663511111586,0.0006380763259853912,0.0,0.1030495736378089,0.1751226587024374,0.0130076600664835,0.0306629598485226,0.0032519150166208,0.0108878530966639,0.0003613238907356,4.69074381407587e-25
real__snap_collegemsg|recent_history_k20|ws0|b800,recent_history_k20,real::snap_collegemsg,0.003683241252302026,0.001841620626151013,0.0,0.0,0.001609798477079536,0.0005365994923598454,0.0,0.0,0.1030495736378089,0.0177894297278976,0.0130076600664835,0.017789429727301,0.0032519150166208,0.0176191110655684,0.0003613238907356,0.0067985437546839
real__snap_collegemsg|time_agnostic_t|ws0|b800,time_agnostic_t,real::snap_collegemsg,0.001392757660167131,0.0,0.0,0.0,0.0007353842382644933,0.0,0.0,0.0,0.1030495736378089,0.0222751219843217,0.0130076600664835,0.0088595578862672,0.0032519150166208,0.0045233293012983,0.0003613238907356,0.0019318586999222
real__snap_collegemsg|time_respecting|ws0|b800,time_respecting,real::snap_collegemsg,0.04594594594594595,0.0,0.0,0.0,0.02100065782587423,0.0,0.0,0.0,0.1030495736378089,0.248263205107794,0.0130076600664835,5.598753713447477e-08,0.0032519150166208,2.078479602539628e-09,0.0003613238907356,3.268295303169653e-10
real__snap_email_eu|event_sample_then_full_history|ss0|b9600,event_sample_then_full_history,real::snap_email_eu,0.9767441860465116,0.8604651162790697,0.7209302325581395,0.27906976744186046,0.648679573532685,0.29838639977433884,0.12557881394971054,0.0315858327890303,0.5057270916334662,1.0,0.2975597609561753,0.9381794700864292,0.1593625498007968,0.8215362275858952,0.0379108565737051,0.310448609524674
real__snap_email_eu|node_panel_full_history|ss0|b2500,node_panel_full_history,real::snap_email_eu,0.45692883895131087,0.2209737827715356,0.07116104868913857,0.00749063670411985,0.17321882148554832,0.04520644388254405,0.007048772169799493,0.00017225541410802818,0.5057270916334662,0.8206835818667979,0.2975597609561753,0.5623161692109501,0.1593625498007968,0.2298210819547234,0.0379108565737051,0.0234160161026181
real__snap_email_eu|recent_history_k20|ws0|b800,recent_history_k20,real::snap_email_eu,0.08522727272727272,0.015151515151515152,0.003787878787878788,0.0,0.035068917376211275,0.0036595834669983355,0.001016152706066629,0.0,0.5057270916334662,0.4580171480344704,0.2975597609561753,0.2013953216155962,0.1593625498007968,0.061114364503383,0.0379108565737051,0.0572293898511288
real__snap_email_eu|time_agnostic_t|ws0|b800,time_agnostic_t,real::snap_email_eu,0.010582010582010581,0.0,0.0,0.0,0.005443411204354729,0.0,0.0,0.0,0.5057270916334662,0.2966820848468648,0.2975597609561753,0.1752923414704403,0.1593625498007968,0.103647336925776,0.0379108565737051,0.0479952495160348
real__snap_email_eu|time_respecting|ws0|b800,time_respecting,real::snap_email_eu,0.05603448275862069,0.004310344827586207,0.0,0.0,0.02383790698936438,0.0012630368573018497,0.0,0.0,0.5057270916334662,0.3482663555507526,0.2975597609561753,0.0813903375002133,0.1593625498007968,0.0031995535091076,0.0379108565737051,0.0003744093889186
real__snap_mathoverflow|event_sample_then_full_history|ss0|b9600,event_sample_then_full_history,real::snap_mathoverflow,0.24168797953964194,0.11445012787723785,0.053069053708439895,0.01918158567774936,0.07282330497970485,0.0193531700229868,0.005001716731893785,0.0013690323017932623,0.0843839434851531,0.4256084366028921,0.019230155437107,0.2405637843244814,0.0053035864372878,0.1278718077595233,0.0011490217356611,0.0468414677888756
real__snap_mathoverflow|node_panel_full_history|ss0|b2500,node_panel_full_history,real::snap_mathoverflow,0.05235204855842185,0.009863429438543247,0.002276176024279211,0.0015174506828528073,0.020906345027399617,0.0024087232905555442,0.0002930001478453936,0.00014036751268872342,0.0843839434851531,0.2625369203655715,0.019230155437107,0.1012388181432206,0.0053035864372878,0.0474472271490275,0.0011490217356611,0.0473735187812698
real__snap_mathoverflow|recent_history_k20|ws0|b800,recent_history_k20,real::snap_mathoverflow,0.0028208744710860366,0.0,0.0,0.0,0.0012204945443893864,0.0,0.0,0.0,0.0843839434851531,0.0727760552195061,0.019230155437107,0.0052648470818518,0.0053035864372878,0.0009631920310315,0.0011490217356611,0.0002253433222269
real__snap_mathoverflow|time_agnostic_t|ws0|b800,time_agnostic_t,real::snap_mathoverflow,0.0,0.0,0.0,0.0,0.0,0.0,0.0,0.0,0.0843839434851531,1.860692057204175e-05,0.019230155437107,6.430645627018794e-07,0.0053035864372878,1.199652756179609e-07,0.0011490217356611,3.0800507373806423e-08
real__snap_mathoverflow|time_respecting|ws0|b800,time_respecting,real::snap_mathoverflow,0.0,0.0,0.0,0.0,0.0,0.0,0.0,0.0,0.0843839434851531,5.350186498490315e-10,0.019230155437107,1.2289612038364826e-12,0.0053035864372878,7.074375419537452e-14,0.0011490217356611,1.0522822542017651e-14
real__sp_highschool2013|event_sample_then_full_history|ss0|b9600,event_sample_then_full_history,real::sp_highschool2013,0.9523809523809523,0.9047619047619048,0.8095238095238095,0.5238095238095238,0.38931397183817046,0.23664246479771323,0.1854611595803409,0.14911937985242993,0.4855620488140254,1.0,0.2671020969405294,0.9713808320317756,0.128222756961155,0.8564209080851533,0.0517359917497421,0.5488950485269386
real__sp_highschool2013|node_panel_full_history|ss0|b2500,node_panel_full_history,real::sp_highschool2013,0.494949494949495,0.1919191919191919,0.030303030303030304,0.010101010101010102,0.20389336492269644,0.043488989245651734,0.0015016018035894803,6.175592933646632e-05,0.4855620488140254,0.7991526694474588,0.2671020969405294,0.4526265192379645,0.128222756961155,0.0983254805201915,0.0517359917497421,0.0315032227619888
real__sp_highschool2013|recent_history_k20|ws0|b800,recent_history_k20,real::sp_highschool2013,0.13026819923371646,0.011494252873563218,0.0,0.0,0.0515877431605889,0.002226383272613263,0.0,0.0,0.4855620488140254,0.3415462282796003,0.2671020969405294,0.0586561109284322,0.128222756961155,2.836721444743441e-23,0.0517359917497421,2.032111609912603e-28
real__sp_highschool2013|time_agnostic_t|ws0|b800,time_agnostic_t,real::sp_highschool2013,0.019390581717451522,0.0013850415512465374,0.0,0.0,0.009729992702505472,0.0004864996351252736,0.0,0.0,0.4855620488140254,0.2808720558106922,0.2671020969405294,0.2115967231741464,0.128222756961155,0.1475848504119306,0.0517359917497421,0.0773857314480673
real__sp_highschool2013|time_respecting|ws0|b800,time_respecting,real::sp_highschool2013,0.09210526315789473,0.006578947368421052,0.0,0.0,0.03881887471984977,0.001300153698750949,0.0,0.0,0.4855620488140254,0.3104546074194144,0.2671020969405294,0.0589381805597006,0.128222756961155,1.4199862697294717e-13,0.0517359917497421,4.4865348804028783e-20
real__sp_hospital|event_sample_then_full_history|ss0|b9600,event_sample_then_full_history,real::sp_hospital,0.6825396825396826,0.38095238095238093,0.14285714285714285,0.07936507936507936,0.4433461853149929,0.254011894865175,0.03395170559179519,0.020173355381152253,0.4451273046532045,0.6840284840859818,0.1641791044776119,0.3814170756414211,0.0456540825285338,0.1480829593936874,0.0140474100087796,0.0814548065305144
real__sp_hospital|node_panel_full_history|ss0|b2500,node_panel_full_history,real::sp_hospital,0.5272727272727272,0.2909090909090909,0.05454545454545454,0.0,0.21877555139842444,0.045487891076241065,0.0036865470846340477,0.0,0.4451273046532045,0.6346887131647403,0.1641791044776119,0.4184244454065703,0.0456540825285338,0.0746763626591976,0.0140474100087796,1.9956711763970136e-200
real__sp_hospital|recent_history_k20|ws0|b800,recent_history_k20,real::sp_hospital,0.1962962962962963,0.03333333333333333,0.003703703703703704,0.0,0.07598550453934971,0.007446599011374201,0.0002357875334632015,0.0,0.4451273046532045,0.5097547290538587,0.1641791044776119,0.1502601546165359,0.0456540825285338,0.0259002746830995,0.0140474100087796,1.5548981538724319e-28
real__sp_hospital|time_agnostic_t|ws0|b800,time_agnostic_t,real::sp_hospital,0.08981001727115717,0.0,0.0,0.0,0.048248626373626376,0.0,0.0,0.0,0.4451273046532045,0.5276604931214592,0.1641791044776119,0.0046071753801642,0.0456540825285338,0.0002516543927929,0.0140474100087796,3.15996768497458e-05
real__sp_hospital|time_respecting|ws0|b800,time_respecting,real::sp_hospital,0.05504587155963303,0.0045871559633027525,0.0,0.0,0.021665434384116493,0.0002661601275689987,0.0,0.0,0.4451273046532045,0.174818499795585,0.1641791044776119,0.0336638824324725,0.0456540825285338,1.0956678686187092e-27,0.0140474100087796,1.920024925608621e-31
real__sp_hypertext2009|event_sample_then_full_history|ss0|b9600,event_sample_then_full_history,real::sp_hypertext2009,0.5945945945945946,0.2864864864864865,0.05405405405405406,0.005405405405405406,0.26201218593041364,0.03839208308486586,0.0035575779255347727,0.0004013640857726666,0.2750455373406193,0.6762697170715707,0.0810564663023679,0.3595806916644768,0.0132058287795992,0.068299925664065,0.000455373406193,0.0067102478267958
real__sp_hypertext2009|node_panel_full_history|ss0|b2500,node_panel_full_history,real::sp_hypertext2009,0.4198473282442748,0.1717557251908397,0.04580152671755725,0.0,0.15793006626714148,0.03079473681053471,0.003407295381012156,0.0,0.2750455373406193,0.723132299984933,0.0810564663023679,0.4033385339013126,0.0132058287795992,0.1297467399130243,0.000455373406193,2.913534735546381e-63
real__sp_hypertext2009|recent_history_k20|ws0|b800,recent_history_k20,real::sp_hypertext2009,0.09278350515463918,0.010309278350515464,0.0,0.0,0.030112648953778843,0.0024711864089407894,0.0,0.0,0.2750455373406193,0.3269678982839292,0.0810564663023679,0.0593284496983256,0.0132058287795992,2.1030143032135985e-13,0.000455373406193,1.0685074366115218e-18
real__sp_hypertext2009|time_agnostic_t|ws0|b800,time_agnostic_t,real::sp_hypertext2009,0.02118003025718608,0.0015128593040847202,0.0,0.0,0.01000277854959711,0.0005557099194220616,0.0,0.0,0.2750455373406193,0.1972617756395321,0.0810564663023679,0.0728705032686331,0.0132058287795992,0.0329536071000964,0.000455373406193,0.0128250498788542
real__sp_hypertext2009|time_respecting|ws0|b800,time_respecting,real::sp_hypertext2009,0.029850746268656716,0.0,0.0,0.0,0.01252837873964973,0.0,0.0,0.0,0.2750455373406193,0.0943776455987994,0.0810564663023679,3.752900057927842e-20,0.0132058287795992,2.852531366799434e-26,0.000455373406193,9.41713604463398e-30
real__sp_primaryschool|event_sample_then_full_history|ss0|b9600,event_sample_then_full_history,real::sp_primaryschool,0.8431372549019608,0.696078431372549,0.5,0.0,0.34141397352886627,0.23271744266322483,0.1165610654306091,0.0,0.4215462306119995,0.8823216922007043,0.2473247565227846,0.7352442713552946,0.1385114825057112,0.5393968964693286,0.0,0.0
real__sp_primaryschool|node_panel_full_history|ss0|b2500,node_panel_full_history,real::sp_primaryschool,0.34210526315789475,0.18421052631578946,0.09210526315789473,0.0,0.1116495438885911,0.024891415762579708,0.004528149735158118,0.0,0.4215462306119995,0.6538099050036474,0.2473247565227846,0.4723305920564499,0.1385114825057112,0.3084075667968411,0.0,1.193890422077751e-57
real__sp_primaryschool|recent_history_k20|ws0|b800,recent_history_k20,real::sp_primaryschool,0.07392197125256673,0.004106776180698152,0.0,0.0,0.02919454158241491,0.0010463993398715022,0.0,0.0,0.4215462306119995,0.3745166434985363,0.2473247565227846,0.0511674268612298,0.1385114825057112,3.097526284776834e-06,0.0,1.171188281928564e-09
real__sp_primaryschool|time_agnostic_t|ws0|b800,time_agnostic_t,real::sp_primaryschool,0.01756756756756757,0.0,0.0,0.0,0.00914419695193435,0.0,0.0,0.0,0.4215462306119995,0.3469595857533458,0.2473247565227846,0.2121139052135512,0.1385114825057112,0.1274600975818041,0.0,0.059619066645846
real__sp_primaryschool|time_respecting|ws0|b800,time_respecting,real::sp_primaryschool,0.014669926650366748,0.0,0.0,0.0,0.007392874113386696,0.0,0.0,0.0,0.4215462306119995,0.0719283520785577,0.2473247565227846,9.362408466924336e-06,0.1385114825057112,3.6177262484553527e-06,0.0,1.5724382485027763e-06
