case_id,instance_id,group_id,data_block,source,strategy,walk_seed,budget,coverage,rho_W5_k2,rho_W5_k3,rho_W5_k4,rho_W5_k5,rho_event_weighted,mean_span_frac,C_one_step,lifetime_mean_over_T,input__nw_exact_json,input__nmask_exact_json,input__recent_events_json,observed_timed_edges,observed_walk_edges,observed_walk_nodes,pat__first_w0,pat__last_w0,pat__event_share_w0,pat__first_w1,pat__last_w1,pat__event_share_w1,pat__first_w2,pat__last_w2,pat__event_share_w2,pat__first_w3,pat__last_w3,pat__event_share_w3,pat__first_w4,pat__last_w4,pat__event_share_w4,pat__adjacent_observed_C,pat__noncontiguous_edge_share,pat__mean_mask_width,pat__iet_q25,pat__iet_q50,pat__iet_q75,pat__iet_q90,pat__iet_mean,pat__lifetime_q25,pat__lifetime_q50,pat__lifetime_q75,pat__lifetime_q90,pat__lifetime_mean,crawl__restart_fraction,crawl__edge_revisit_rate,crawl__edge_hits_q25,crawl__edge_hits_q50,crawl__edge_hits_q75,crawl__edge_hits_q90,crawl__node_hits_q25,crawl__node_hits_q50,crawl__node_hits_q75,crawl__node_hits_q90,crawl__observed_degree_mean,crawl__observed_degree_max,crawl__discovery_010,crawl__discovery_050,crawl__discovery_100,crawl__first_node_collision_frac,crawl__dt_q25,crawl__dt_q50,crawl__dt_q75,crawl__dt_q90,crawl__observed_time_span,est__plugin_mean_occupancy,est__occ_mle_mean_occupancy,est__mask_mle_mean_occupancy,est__mask_mle_C_one_step,est__plugin_C_one_step,block_group,coverage_band,example_tag
dar__dcsbm__n1500__f1__a0.1__c0.05|time_agnostic_t|ws0|b400,dar__dcsbm__n1500__f1__a0.1__c0.05,dar::dcsbm::n1500::f1,mechanistic_dar,synthetic,time_agnostic_t,0,400,0.0852554744525547,0.1702189781021897,0.0227737226277372,0.0014598540145985,0.0,0.301421455473211,0.2388905109489051,0.1465569774527727,0.110410947217316,"{""1,1"":212,""2,1"":57,""2,2"":6,""3,1"":7,""3,2"":1,""3,3"":1,""4,1"":5,""4,2"":2,""6,2"":1}","{""1,01"":42,""1,02"":36,""1,04"":46,""1,08"":42,""1,10"":46,""2,01"":15,""2,02"":5,""2,04"":10,""2,05"":1,""2,08"":14,""2,09"":2,""2,10"":13,""2,11"":1,""2,18"":2,""3,02"":1,""3,03"":1,""3,04"":2,""3,08"":2,""3,10"":2,""3,13"":1,""4,01"":1,""4,04"":1,""4,05"":1,""4,08"":2,""4,0c"":1,""4,10"":1,""6,03"":1}","[[0,1,0.93696889],[2,1,0.04115986],[3,2,0.65982522],[3,4,0.14792484],[4,5,0.39997966],[6,5,0.2016893],[7,6,0.20957498],[7,8,0.37955365],[8,9,0.28371742],[10,9,0.48840688],[10,9,0.41004665],[11,9,0.32125431],[11,9,0.09178461],[10,9,0.76663427],[10,9,0.68641829],[11,9,0.35617518],[11,12,0.09785549],[11,12,0.00898559],[11,13,0.72494643],[13,14,0.36650728],[13,14,0.36650728],[13,14,0.36650728],[15,14,0.01681566],[15,14,0.09229989],[16,14,0.32147617],[17,16,0.54817965],[17,18,0.251706],[19,18,0.67835902],[19,20,0.41920186],[20,21,0.59001134],[20,21,0.59001134],[20,22,0.81560597],[20,22,0.81560597],[23,20,0.88648285],[23,20,0.83465507],[20,24,0.41766943],[24,25,0.62847041],[26,25,0.94821538],[27,26,0.07044579],[28,27,0.13512425],[28,29,0.82856415],[30,29,0.41819783],[30,29,0.41819783],[28,29,0.82856415],[28,31,0.08095315],[28,31,0.19930297],[28,32,0.09353206],[33,32,0.02131972],[34,33,0.34476643],[34,35,0.15455423],[36,35,0.12835933],[36,35,0.12835933],[37,35,0.56887564],[37,35,0.47737527],[38,35,0.17699814],[38,35,0.17699814],[39,35,0.03190901],[40,39,0.47847791],[40,41,0.77403462],[42,41,0.42079748],[43,42,0.65349705],[43,30,0.97028746],[44,30,0.87303384],[44,45,0.16200166],[46,45,0.55070063],[47,46,0.82495407],[48,47,0.94131361],[48,49,0.73759829],[50,49,0.01786582],[50,51,0.14612161],[50,51,0.14612161],[52,50,0.56443205],[52,50,0.56443205],[53,50,0.98786322],[53,50,0.85727446],[52,50,0.56443205],[54,52,0.78277487],[54,55,0.30553138],[55,41,0.52694052],[40,41,0.77403462],[40,56,0.43711225],[56,57,0.38919636],[57,58,0.40046267],[59,58,0.38771853],[59,60,0.78905743],[60,61,0.8853969],[62,61,0.12358398],[63,62,0.70103283],[63,64,0.09160857],[64,65,0.7682576],[64,65,0.7682576],[64,12,0.22080432],[66,12,0.17129255],[66,12,0.17129255],[21,12,0.41040836],[21,67,0.04304095],[21,67,0.04304095],[21,12,0.41040836],[64,12,0.35528087],[68,64,0.93487701]]",292,292,251,0.2260273972602739,0.1986301369863013,0.2105263157894736,0.1438356164383561,0.1506849315068493,0.1428571428571428,0.2054794520547945,0.2089041095890411,0.2055137844611528,0.2123287671232876,0.2157534246575342,0.225563909774436,0.2123287671232876,0.2260273972602739,0.2155388471177944,0.0252100840336134,0.0205479452054794,0.0787671232876712,0.0,0.0,0.0636792688477646,0.187025734744727,0.0632756147984931,0.0,0.0,0.0788306521288965,0.2127957428166104,0.0846311347929845,0.0025,0.2681704260651629,1.0,1.0,2.0,2.0,1.0,1.0,2.0,3.0,2.3266932270916336,9.0,0.75,0.71,0.731829573934837,0.01,,,,,0.9952518551103484,0.2082191780821917,0.2704493350948286,0.2564351789703705,0.1513648228975352,0.0252100840336134,dar,mid(.05-.20),low
dar__dcsbm__n1500__f1__a0.1__c0.15|time_agnostic_t|ws0|b400,dar__dcsbm__n1500__f1__a0.1__c0.15,dar::dcsbm::n1500::f1,mechanistic_dar,synthetic,time_agnostic_t,0,400,0.039907192575406,0.3415313225058005,0.0808584686774942,0.0127610208816705,0.0011600928074245,0.5443977648162499,0.287262180974478,0.24019312009656,0.1888600835362472,"{""1,1"":296,""2,1"":37,""2,2"":5,""3,1"":3,""3,2"":2,""4,2"":1}","{""1,01"":59,""1,02"":58,""1,04"":66,""1,08"":64,""1,10"":49,""2,01"":10,""2,02"":2,""2,03"":1,""2,04"":12,""2,05"":1,""2,08"":7,""2,09"":1,""2,0a"":1,""2,10"":6,""2,12"":1,""3,02"":1,""3,04"":1,""3,06"":1,""3,10"":1,""3,14"":1,""4,09"":1}","[[0,1,0.09376033],[1,2,0.22302147],[1,2,0.95143414],[1,3,0.68805301],[1,3,0.68805301],[4,1,0.36814047],[5,4,0.81428434],[6,5,0.57729516],[6,5,0.58639247],[5,7,0.72677378],[5,7,0.72677378],[5,8,0.14318207],[9,8,0.09031067],[9,10,0.66728173],[11,10,0.31514976],[11,12,0.33639676],[13,12,0.20654462],[14,13,0.15524131],[15,14,0.80361206],[15,16,0.5400398],[17,16,0.33653669],[17,16,0.60081328],[18,16,0.92798378],[18,19,0.92003776],[20,19,0.36468688],[20,21,0.73394631],[21,22,0.53730473],[23,22,0.89354055],[23,24,0.74977986],[25,24,0.2472752],[25,26,0.43898828],[25,26,0.43898828],[25,27,0.82765765],[27,28,0.53439797],[29,28,0.2358028],[29,30,0.51347471],[30,31,0.89440501],[32,31,0.33196634],[32,24,0.79778697],[33,24,0.73153541],[33,34,0.45127329],[35,34,0.59452098],[36,35,0.44201708],[36,37,0.63717531],[36,37,0.63717531],[36,38,0.52914672],[39,38,0.62496884],[40,39,0.49393763],[40,41,0.41204252],[40,41,0.41204252],[42,40,0.3583637],[43,42,0.00162352],[43,21,0.42766158],[21,44,0.0218686],[44,45,0.97909237],[45,46,0.75634038],[46,47,0.63059378],[48,47,0.36818974],[48,49,0.84952324],[49,50,0.54476546],[50,51,0.2313235],[52,51,0.14603444],[53,52,0.39268763],[53,54,0.27945488],[54,55,0.72906824],[55,56,0.76897247],[57,56,0.41024808],[57,10,0.59731901],[58,10,0.47706806],[58,59,0.64665521],[59,60,0.31979454],[60,61,0.55384347],[62,61,0.89767174],[63,62,0.88622664],[64,63,0.61366933],[64,63,0.61366933],[65,63,0.56400489],[66,65,0.47761501],[66,67,0.18634888],[67,68,0.07933937],[69,68,0.20084401],[70,69,0.10818861],[70,71,0.36528604],[71,72,0.93155981],[73,72,0.69156896],[73,74,0.56495539],[72,74,0.59478719],[75,72,0.68366567],[75,76,0.34620657],[76,77,0.36907507],[76,77,0.35001222],[76,78,0.74536545],[79,78,0.41451064],[80,79,0.09064595],[80,81,0.16584716],[81,29,0.59869757],[29,22,0.54911158],[29,22,0.50160036],[29,82,0.56308906],[82,83,0.12084539]]",344,344,297,0.2122093023255813,0.2005813953488372,0.2080200501253132,0.1860465116279069,0.1802325581395348,0.175438596491228,0.2325581395348837,0.2354651162790697,0.2431077694235588,0.2063953488372093,0.2151162790697674,0.2080200501253132,0.1627906976744186,0.1686046511627907,0.1654135338345864,0.0068027210884353,0.0174418604651162,0.0494186046511627,0.0,0.0031779413460392,0.1124902041340691,0.2610962958203993,0.0855042017216369,0.0,0.0180973691095404,0.1193725111505014,0.2733686391466416,0.0979735644727089,0.0025,0.1378446115288221,1.0,1.0,1.0,2.0,1.0,1.0,2.0,2.0,2.3164983164983166,7.0,0.875,0.855,0.8621553884711779,0.03,,,,,0.9964984451954928,0.2046511627906976,0.2644413887960502,0.2694291322593655,0.0824180094837015,0.0068027210884353,dar,low(.01-.05),mid
darhet__dcsbm__n1500__f1__am0.7__ac12.0__c0.05|time_agnostic_t|ws0|b100,darhet__dcsbm__n1500__f1__am0.7__ac12.0__c0.05,dar::dcsbm::n1500::f1,mechanistic_dar_heterogeneous,synthetic,time_agnostic_t,0,100,0.0392714854866249,0.6374501992031872,0.375640295959021,0.2361980648833238,0.1468412066021627,0.8482163674516204,0.479225953329539,0.7206537890044576,0.3405434429973683,"{""1,1"":46,""2,1"":8,""2,2"":9,""3,1"":3,""3,2"":2,""4,2"":1}","{""1,01"":6,""1,02"":6,""1,04"":6,""1,08"":9,""1,10"":19,""2,02"":2,""2,04"":1,""2,05"":1,""2,0c"":2,""2,10"":5,""2,11"":1,""2,12"":1,""2,14"":2,""2,18"":2,""3,01"":1,""3,02"":1,""3,10"":1,""3,18"":2,""4,03"":1}","[[0,1,0.01417544],[0,2,0.67589867],[0,2,0.88244173],[0,2,0.6934309],[3,2,0.05165898],[3,2,0.89410143],[4,2,0.64098202],[4,5,0.96349963],[5,6,0.31333171],[5,6,0.279994],[7,5,0.92375348],[7,8,0.28550087],[8,9,0.85402473],[10,9,0.76867351],[11,10,0.8461908],[11,12,0.96059487],[12,13,0.1815031],[14,13,0.97255601],[14,15,0.30031472],[16,15,0.84626337],[16,17,0.3647725],[16,17,0.28428662],[18,16,0.8629095],[18,16,0.90707691],[16,17,0.0621009],[16,17,0.22722303],[19,16,0.88991471],[20,19,0.52092537],[20,21,0.03968229],[22,21,0.17843017],[22,23,0.61037095],[22,23,0.88915724],[22,21,0.17843017],[22,21,0.17843017],[22,24,0.98465037],[24,25,0.8392482],[25,26,0.56689701],[26,27,0.66506522],[2,27,0.41250214],[28,2,0.90623768],[29,28,0.82195012],[29,30,0.37288999],[30,31,0.89784004],[30,31,0.53371748],[32,30,0.38646545],[33,32,0.41852132],[33,32,0.64662473],[32,34,0.96594802],[35,34,0.678062],[35,36,0.92722563],[35,36,0.51970016],[35,37,0.11563302],[35,37,0.50847383],[35,38,0.97334143],[35,38,0.68426297],[35,39,0.77211676],[35,39,0.77677805],[35,40,0.80560092],[35,40,0.80560092],[35,39,0.85240082],[41,39,0.95862977],[42,41,0.77836363],[42,43,0.89911001],[44,43,0.01140101],[44,16,0.44033095],[16,45,0.96055425],[46,45,0.31380166],[46,45,0.31380166],[16,45,0.95308254],[19,16,0.95167072],[47,19,0.81868027],[47,48,0.14644849],[49,48,0.90366993],[50,49,0.66053931],[51,50,0.67905686],[52,51,0.37134642],[52,51,0.37134642],[52,51,0.37134642],[52,53,0.99175051],[54,53,0.23362459],[55,54,0.96510957],[55,54,0.27835022],[56,54,0.56397781],[56,54,0.56397781],[57,54,0.59939431],[57,54,0.62793487],[54,58,0.89312997],[59,58,0.5193638],[59,60,0.35899126],[61,60,0.85927605],[61,60,0.85927605],[62,60,0.49419897],[62,63,0.73355832],[63,64,0.74546327],[65,64,0.96060716],[65,64,0.96060716],[65,64,0.97589936],[65,66,0.00950746],[66,67,0.98700517]]",69,69,68,0.144927536231884,0.1014492753623188,0.1212121212121212,0.144927536231884,0.144927536231884,0.1717171717171717,0.1594202898550724,0.1159420289855072,0.1313131313131313,0.1884057971014492,0.1594202898550724,0.1717171717171717,0.3623188405797101,0.4782608695652174,0.404040404040404,0.1458333333333333,0.072463768115942,0.2898550724637681,0.0,0.0387525606156268,0.2183302640068373,0.3943092745449222,0.1423241036854645,0.0037358560726546,0.0617560027101578,0.2958750265209134,0.4045885360576807,0.1856401352419103,0.01,0.303030303030303,1.0,1.0,2.0,2.0,1.0,1.0,2.0,2.0,2.0294117647058822,6.0,0.6,0.74,0.696969696969697,0.03,,,,,0.9822430545405992,0.2347826086956522,0.3768733770289839,0.4246903477515532,0.5866144035958388,0.1458333333333333,dar,low(.01-.05),high
dar__dcsbm__n1500__f1__a0.1__c0.05|time_respecting|ws0|b400,dar__dcsbm__n1500__f1__a0.1__c0.05,dar::dcsbm::n1500::f1,mechanistic_dar,synthetic,time_respecting,0,400,0.0621897810218978,0.1702189781021897,0.0227737226277372,0.0014598540145985,0.0,0.301421455473211,0.2388905109489051,0.1465569774527727,0.110410947217316,"{""1,1"":155,""2,1"":42,""2,2"":4,""3,1"":10,""4,1"":2}","{""1,01"":1,""1,02"":13,""1,04"":19,""1,08"":36,""1,10"":86,""2,02"":2,""2,03"":1,""2,04"":1,""2,08"":7,""2,10"":32,""2,14"":1,""2,18"":2,""3,08"":1,""3,10"":9,""4,10"":2}","[[0,1,0.89405691],[0,1,0.91752812],[2,3,0.72188932],[4,2,0.81301774],[4,5,0.9461161],[6,7,0.21651816],[8,7,0.93750436],[9,10,0.80192456],[9,10,0.98065864],[9,10,0.98333296],[9,11,0.99777086],[12,13,0.99793534],[14,15,0.97572066],[14,16,0.98225753],[17,18,0.91848164],[17,19,0.98031362],[20,21,0.67714466],[20,22,0.74777364],[22,23,0.83228077],[23,24,0.929472],[23,24,0.95216907],[25,26,0.88298492],[26,27,0.98017577],[26,27,0.99948473],[28,29,0.9013714],[28,29,0.98405312],[30,31,0.55320089],[32,30,0.74204698],[32,33,0.75027848],[34,33,0.88541598],[34,7,0.89657808],[7,35,0.90835057],[36,35,0.9594339],[36,37,0.96544952],[38,37,0.98072353],[39,40,0.79451065],[40,41,0.7977895],[42,43,0.63644844],[43,44,0.69171376],[43,44,0.78586141],[45,43,0.78990358],[45,46,0.7987593],[47,46,0.95376174],[48,49,0.72977499],[48,49,0.79155817],[50,51,0.93148193],[52,53,0.55712023],[54,52,0.80122206],[54,55,0.80201206],[54,55,0.9692997],[56,57,0.75986162],[56,58,0.92365218],[59,60,0.68947224],[61,59,0.97166394],[62,63,0.34716834],[64,62,0.61159435],[64,65,0.74094706],[65,66,0.94164739],[66,67,0.98061417],[68,69,0.58023333],[68,69,0.5928408],[70,68,0.82456092],[70,71,0.96700992],[71,72,0.99394464],[73,74,0.71739256],[73,74,0.75556046],[75,74,0.83253571],[75,74,0.94528646],[76,77,0.91218832],[76,77,0.95773117],[78,79,0.1985976],[80,78,0.53947493],[80,81,0.77506654],[80,81,0.78533357],[82,80,0.98555162],[83,84,0.95771662],[85,84,0.97648089],[86,87,0.56158733],[88,89,0.84697025],[88,90,0.99450634],[91,92,0.70931542],[91,92,0.74058773],[93,94,0.73220624],[94,95,0.88106307],[96,95,0.89450985],[97,96,0.90143936],[98,99,0.77853784],[98,99,0.80285707],[100,99,0.82717062],[100,99,0.93480667],[100,99,0.93931383],[101,102,0.93481136],[103,104,0.68671986],[103,104,0.72301771],[105,106,0.30553138],[107,106,0.50645121],[107,108,0.89970525],[107,108,0.92825981],[107,108,0.94514746],[109,110,0.66586784]]",213,213,288,0.0093896713615023,0.0046948356807511,0.0070175438596491,0.0704225352112676,0.0751173708920187,0.0631578947368421,0.0985915492957746,0.0938967136150234,0.0771929824561403,0.215962441314554,0.2065727699530516,0.1929824561403508,0.6056338028169014,0.6197183098591549,0.6596491228070176,0.0352941176470588,0.0046948356807511,0.0234741784037558,0.005068185746132,0.0299134349547218,0.0809628771602895,0.1132442741768937,0.0518089693440473,0.0183790867522663,0.0478985614001548,0.0929926047197988,0.1327107797605259,0.0643145826339897,0.2875,0.2526315789473684,1.0,1.0,2.0,2.0,1.0,1.0,2.0,2.0,1.5719557195571956,5.0,0.7931034482758621,0.7972027972027972,0.7473684210526316,0.0225,0.031745179260731,0.0966956566497715,0.231720120912384,0.4584008221085716,0.8457654999692301,0.2037558685446009,0.2563453588867012,0.2247137277899135,0.1788354588418119,0.0352941176470588,dar,mid(.05-.20),low
darcorr__dcsbm__n1500__f1__aw0.55__ab0.1__c0.05|time_respecting|ws0|b100,darcorr__dcsbm__n1500__f1__aw0.55__ab0.1__c0.05,dar::dcsbm::n1500::f1,mechanistic_dar_correlated,synthetic,time_respecting,0,100,0.0234015879648976,0.39657333890514,0.1755119097367321,0.0676974508984538,0.0275804429586293,0.6348335619000125,0.333472628499791,0.4782608695652174,0.1985255316310457,"{""1,1"":45,""2,1"":7,""2,2"":2,""4,1"":1,""5,2"":1}","{""1,01"":1,""1,04"":2,""1,08"":10,""1,10"":32,""2,03"":1,""2,10"":7,""2,18"":1,""4,10"":1,""5,0c"":1}","[[0,1,0.64483138],[0,1,0.94234301],[2,3,0.44861324],[2,3,0.51596025],[2,3,0.57688318],[2,3,0.65560805],[2,3,0.7303487],[4,3,0.8064052],[5,6,0.97343181],[7,8,0.54398875],[9,8,0.58748545],[9,10,0.67759274],[10,11,0.76894683],[12,11,0.87503599],[12,11,0.91580234],[13,11,0.92022363],[14,15,0.80853028],[14,15,0.92699466],[16,3,0.92144974],[16,17,0.95704598],[18,17,0.9701993],[18,19,0.99267363],[20,21,0.88691388],[22,23,0.79213159],[22,24,0.94331484],[22,24,0.96425881],[25,22,0.98683184],[26,27,0.68878246],[26,28,0.99234694],[29,30,0.69265085],[31,30,0.93260661],[32,33,0.83690786],[32,33,0.9104477],[34,35,0.96819362],[36,37,0.87465285],[36,37,0.94689044],[36,38,0.9927082],[39,40,0.89512169],[41,39,0.95656229],[42,41,0.97555284],[42,43,0.98295504],[42,43,0.99553701],[44,11,0.85540177],[12,11,0.87503599],[12,11,0.91580234],[13,11,0.92022363],[45,46,0.05429148],[45,46,0.39067304],[47,46,0.71230476],[48,47,0.96445421],[49,50,0.93393057],[51,52,0.14731289],[52,53,0.87346564],[54,53,0.90174379],[55,54,0.95342272],[55,56,0.9905172],[57,58,0.89590036],[57,59,0.9561996],[60,59,0.97847415],[61,62,0.69104812],[63,64,0.64474811],[63,65,0.72168218],[66,67,0.71304479],[67,68,0.80950325],[69,68,0.89906125],[69,70,0.95721051],[71,72,0.94892999],[72,73,0.98171505],[74,75,0.92313956],[76,74,0.99221892],[77,78,0.87847213],[77,78,0.97969119]]",56,56,82,0.0357142857142857,0.0178571428571428,0.0277777777777777,0.0,0.0178571428571428,0.0138888888888888,0.0535714285714285,0.0357142857142857,0.0694444444444444,0.1964285714285714,0.1964285714285714,0.1805555555555555,0.7142857142857143,0.7321428571428571,0.7083333333333334,0.1666666666666666,0.0,0.0535714285714285,0.0188534698423564,0.0697922990201083,0.0843484190269309,0.2079880034133979,0.0847113631572696,0.0308551608754646,0.0735398440638117,0.2000999224270772,0.2975116290059639,0.1232165282287558,0.28,0.2222222222222222,1.0,1.0,1.0,2.0,1.0,1.0,1.0,2.0,1.4177215189873418,4.0,0.375,0.7222222222222222,0.7777777777777778,0.03,0.0398483834769066,0.0753985749833166,0.2249203173490925,0.3198249997780201,0.9412455293937484,0.2107142857142857,0.2975034982689234,0.2801035822529823,0.7342349255030964,0.1666666666666666,dar,low(.01-.05),mid
darhet__dcsbm__n1500__f1__am0.7__ac12.0__c0.05|time_respecting|ws0|b100,darhet__dcsbm__n1500__f1__am0.7__ac12.0__c0.05,dar::dcsbm::n1500::f1,mechanistic_dar_heterogeneous,synthetic,time_respecting,0,100,0.0295959021058622,0.6374501992031872,0.375640295959021,0.2361980648833238,0.1468412066021627,0.8482163674516204,0.479225953329539,0.7206537890044576,0.3405434429973683,"{""1,1"":37,""2,1"":7,""2,2"":3,""3,1"":1,""3,2"":2,""3,3"":1,""4,2"":1}","{""1,01"":1,""1,02"":1,""1,04"":4,""1,08"":7,""1,10"":24,""2,04"":1,""2,08"":1,""2,0c"":1,""2,10"":5,""2,14"":1,""2,18"":1,""3,10"":1,""3,18"":2,""3,1c"":1,""4,18"":1}","[[0,1,0.59650626],[0,1,0.73523894],[0,2,0.89911001],[0,2,0.95522788],[0,1,0.9739625],[3,1,0.98115112],[4,5,0.74518447],[5,6,0.89384774],[5,6,0.98955827],[7,8,0.84573126],[9,8,0.93780657],[10,11,0.69350714],[10,11,0.92059553],[10,11,0.97979682],[12,13,0.18631011],[14,12,0.43397863],[14,15,0.46415009],[16,15,0.46919249],[16,15,0.62258721],[17,15,0.69094678],[17,18,0.87555383],[18,19,0.98660649],[20,21,0.62741808],[20,21,0.72013772],[22,20,0.89432032],[23,24,0.80581564],[23,24,0.93939191],[23,24,0.94432507],[25,26,0.90758928],[25,26,0.92231753],[27,26,0.99271426],[28,29,0.67448896],[28,29,0.9815416],[30,31,0.87896876],[30,32,0.99248576],[33,34,0.45884426],[33,35,0.49999987],[33,35,0.85240082],[36,33,0.98588532],[37,38,0.80642149],[38,39,0.97549114],[27,39,0.98117369],[27,40,0.98169559],[41,42,0.75968236],[41,43,0.78203678],[44,45,0.74498173],[44,46,0.87784182],[44,46,0.94047949],[47,48,0.74308676],[47,49,0.97041725],[50,51,0.84271361],[52,50,0.96488129],[16,53,0.53955596],[54,53,0.833641],[54,55,0.92581288],[55,56,0.99546488],[57,58,0.68760251],[57,58,0.8797609],[57,58,0.91495791],[59,58,0.99062919],[60,61,0.64504356],[60,61,0.93112609],[60,61,0.97153467],[60,61,0.99341277],[62,63,0.38855692],[62,64,0.46048883],[62,64,0.46325266],[65,66,0.97453978],[67,68,0.94184344],[69,68,0.96049555],[70,71,0.7261713],[72,70,0.94696621],[72,70,0.95889762]]",52,52,77,0.0192307692307692,0.0192307692307692,0.0136986301369863,0.0192307692307692,0.0192307692307692,0.0136986301369863,0.1538461538461538,0.0961538461538461,0.1232876712328767,0.2307692307692307,0.173076923076923,0.2054794520547945,0.5769230769230769,0.6923076923076923,0.6438356164383562,0.2916666666666667,0.0192307692307692,0.173076923076923,0.0351970062455917,0.092719634732342,0.1921583951235684,0.2860825250490324,0.1203541644811055,0.0593777702703884,0.1385094293845905,0.2966711580812589,0.350788255897731,0.1684958302735477,0.27,0.2876712328767123,1.0,1.0,2.0,2.0,1.0,1.0,2.0,2.0,1.4246575342465753,3.0,0.625,0.6756756756756757,0.7123287671232876,0.02,0.0626376698435661,0.1340892832266127,0.2270883935651907,0.304459119177045,0.809154764469936,0.2307692307692307,0.4660773051372556,0.3772505470589419,0.9356045992167747,0.2916666666666667,dar,low(.01-.05),high
dar__dcsbm__n1500__f1__a0.1__c0.05|recent_history_k20|ws0|b400,dar__dcsbm__n1500__f1__a0.1__c0.05,dar::dcsbm::n1500::f1,mechanistic_dar,synthetic,recent_history_k20,0,400,0.0718248175182481,0.1702189781021897,0.0227737226277372,0.0014598540145985,0.0,0.301421455473211,0.2388905109489051,0.1465569774527727,0.110410947217316,"{""1,1"":191,""2,1"":38,""2,2"":4,""3,1"":7,""3,2"":3,""4,1"":2,""4,2"":1}","{""1,01"":84,""1,02"":40,""1,04"":32,""1,08"":25,""1,10"":10,""2,01"":21,""2,02"":8,""2,03"":2,""2,04"":4,""2,06"":1,""2,08"":2,""2,10"":3,""2,18"":1,""3,01"":4,""3,02"":3,""3,03"":3,""4,01"":1,""4,02"":1,""4,09"":1}","[[0,1,0.21387217],[0,2,0.19898683],[3,2,0.10028692],[4,5,0.31336446],[4,5,0.223837],[6,7,0.69645783],[6,8,0.16714671],[9,8,0.14833741],[10,11,0.83465507],[11,12,0.42730466],[13,12,0.16685888],[13,14,0.09155473],[15,16,0.20488504],[17,16,0.06452148],[18,19,0.31769408],[18,19,0.28172474],[20,19,0.18729262],[21,22,0.83607542],[23,22,0.43723809],[23,24,0.31555422],[25,24,0.10580741],[26,25,0.04809689],[26,25,0.02264113],[27,28,0.14802224],[27,29,0.01910567],[30,31,0.49994315],[32,33,0.95577237],[34,32,0.52844244],[34,35,0.34380254],[34,35,0.26690971],[34,35,0.26511308],[36,37,0.71426329],[37,38,0.50603534],[39,38,0.07776352],[40,41,0.08893457],[15,16,0.32817564],[15,16,0.20488504],[42,16,0.09303292],[42,43,0.06419186],[44,26,0.30234224],[26,45,0.03845418],[46,45,0.00121784],[36,47,0.33510956],[36,8,0.26817058],[48,8,0.21493345],[48,49,0.17251062],[48,49,0.09149177],[50,51,0.14659809],[50,52,0.08883453],[50,52,0.03727989],[50,52,0.01259923],[53,54,0.54541581],[55,54,0.30060783],[55,54,0.2874066],[54,56,0.26251285],[57,56,0.18741982],[57,56,0.15762741],[57,56,0.06117419],[58,59,0.89695635],[60,59,0.35042344],[60,59,0.17139499],[61,62,0.84192901],[63,62,0.44058963],[63,64,0.20365552],[64,65,0.1196332],[66,65,0.03577231],[67,68,0.2768251],[67,68,0.17573353],[67,68,0.01327183],[69,70,0.64854591],[71,70,0.4694916],[71,72,0.40040924],[72,16,0.37344473],[15,16,0.32817564],[15,73,0.26439845],[73,74,0.16328004],[75,74,0.07067848],[75,76,0.0506081],[76,77,0.02034504],[78,79,0.05633547],[78,79,0.00571287],[80,81,0.25793783],[82,83,0.71048603],[84,83,0.15336856],[85,84,0.14569312],[86,87,0.43979242],[29,86,0.26846501],[27,29,0.08729598],[27,88,0.05154327],[89,88,0.0341836],[89,88,0.02457091],[90,91,0.24336299],[90,91,0.23544722],[90,91,0.2339627],[29,90,0.20876836],[27,29,0.01910567],[0,2,0.08917027],[0,92,0.04819867],[32,92,0.01854132],[93,94,0.75758817]]",246,246,292,0.4715447154471545,0.4471544715447154,0.4826498422712933,0.2154471544715447,0.2317073170731707,0.2365930599369085,0.1463414634146341,0.1504065040650406,0.1293375394321766,0.1138211382113821,0.1138211382113821,0.0977917981072555,0.0528455284552845,0.056910569105691,0.0536277602523659,0.0291666666666666,0.0040650406504065,0.040650406504065,0.0095864402513067,0.0361456009207635,0.0892290953877711,0.1395051882302946,0.0622228228697263,0.0147625319008845,0.0575467608823829,0.1040637076055664,0.1702891025734437,0.0803240077045558,0.2075,0.2239747634069401,1.0,1.0,1.0,2.0,1.0,1.0,2.0,2.0,1.6849315068493151,6.0,0.78125,0.779874213836478,0.7760252365930599,0.03,0.0506226007370243,0.1412270245513797,0.3492405988293898,0.6259737653007289,0.9962107435882392,0.2065040650406504,0.2522122428931167,0.2512339268746425,0.1803563085133977,0.0291666666666666,dar,mid(.05-.20),low
darcorr__dcsbm__n1500__f1__aw0.55__ab0.1__c0.05|recent_history_k20|ws0|b100,darcorr__dcsbm__n1500__f1__aw0.55__ab0.1__c0.05,dar::dcsbm::n1500::f1,mechanistic_dar_correlated,synthetic,recent_history_k20,0,100,0.0238194734642707,0.39657333890514,0.1755119097367321,0.0676974508984538,0.0275804429586293,0.6348335619000125,0.333472628499791,0.4782608695652174,0.1985255316310457,"{""1,1"":43,""2,1"":5,""2,2"":3,""3,1"":2,""3,2"":2,""4,2"":2}","{""1,01"":27,""1,02"":2,""1,04"":5,""1,08"":5,""1,10"":4,""2,01"":1,""2,02"":1,""2,03"":1,""2,04"":2,""2,05"":1,""2,0c"":1,""2,10"":1,""3,01"":2,""3,03"":1,""3,12"":1,""4,03"":2}","[[0,1,0.06179907],[2,3,0.88544527],[3,4,0.19337524],[5,4,0.12008925],[5,6,0.07136744],[7,6,0.05424719],[8,9,0.75290634],[8,10,0.31117088],[8,10,0.19186117],[11,8,0.106768],[12,11,0.03652321],[13,14,0.25696827],[13,15,0.14566399],[13,15,0.14453541],[13,15,0.12848968],[15,16,0.0840727],[17,18,0.19280656],[17,18,0.03354019],[17,18,0.02249252],[19,20,0.68100663],[21,20,0.50662335],[22,21,0.43391816],[22,21,0.4018134],[21,23,0.11026003],[23,24,0.0783262],[23,24,0.07787523],[23,25,0.00625791],[26,27,0.07333863],[28,29,0.84775907],[28,29,0.82078976],[30,29,0.39680338],[30,29,0.27120897],[30,29,0.19666256],[30,29,0.05250743],[31,32,0.8028214],[33,34,0.67347278],[35,34,0.15461324],[36,37,0.06392292],[38,39,0.84039116],[40,39,0.30328086],[40,39,0.28781216],[40,39,0.12965835],[40,41,0.05112874],[42,43,0.8235953],[42,43,0.2493347],[44,45,0.48765881],[46,44,0.36549948],[46,44,0.30077053],[44,47,0.22378937],[47,48,0.01351432],[49,50,0.5278819],[49,51,0.42962923],[52,53,0.75925952],[52,53,0.58562957],[54,52,0.43366162],[54,52,0.17729355],[52,55,0.08563725],[56,55,0.00129926],[57,58,0.7814015],[59,57,0.34194236],[59,57,0.30688787],[59,57,0.05122042],[59,57,0.01688225],[60,61,0.60076123],[62,61,0.08113509],[63,62,0.03461607],[63,64,0.0237987],[65,66,0.96524566],[67,66,0.50780436],[67,66,0.40414227],[66,68,0.13107621],[69,68,0.11562866],[70,69,0.0738777],[70,71,0.04945805],[72,71,0.04487636],[42,43,0.2493347],[73,74,0.59875623],[73,75,0.18982356],[75,76,0.0340197]]",57,57,77,0.6140350877192983,0.5263157894736842,0.5316455696202531,0.0701754385964912,0.1228070175438596,0.1645569620253164,0.1403508771929824,0.1403508771929824,0.1392405063291139,0.087719298245614,0.1052631578947368,0.0759493670886076,0.087719298245614,0.1052631578947368,0.0886075949367088,0.0862068965517241,0.0350877192982456,0.175438596491228,0.0187766233143251,0.0696376820145339,0.1546541386188125,0.2474636949422328,0.1082705132421858,0.0402608047795086,0.1448118715513582,0.2356835352136722,0.3385251960848104,0.1701393779520063,0.21,0.2784810126582279,1.0,1.0,1.0,2.3999999999999986,1.0,1.0,1.0,2.0,1.4805194805194806,3.0,1.0,0.725,0.7215189873417721,0.11,0.0567253809442734,0.1519679554281185,0.362882995363872,0.5445403605982208,0.9639464034497216,0.2245614035087719,0.3677155627667189,0.309198683733573,0.2621333228302053,0.0862068965517241,dar,low(.01-.05),mid
darhet__dcsbm__n1500__f1__am0.7__ac12.0__c0.05|recent_history_k20|ws0|b100,darhet__dcsbm__n1500__f1__am0.7__ac12.0__c0.05,dar::dcsbm::n1500::f1,mechanistic_dar_heterogeneous,synthetic,recent_history_k20,0,100,0.0278884462151394,0.6374501992031872,0.375640295959021,0.2361980648833238,0.1468412066021627,0.8482163674516204,0.479225953329539,0.7206537890044576,0.3405434429973683,"{""1,1"":27,""2,1"":9,""2,2"":6,""3,1"":4,""3,3"":1,""4,3"":2}","{""1,01"":14,""1,02"":2,""1,04"":7,""1,08"":1,""1,10"":3,""2,01"":5,""2,02"":1,""2,03"":2,""2,04"":1,""2,05"":3,""2,08"":1,""2,10"":1,""2,14"":1,""3,01"":4,""3,0b"":1,""4,07"":2}","[[0,1,0.51014179],[0,1,0.08817775],[0,2,0.02371799],[3,4,0.52509423],[4,5,0.19936824],[6,5,0.06013881],[6,7,0.0414714],[8,7,0.00284208],[9,10,0.31728992],[9,10,0.10155234],[9,11,0.08769116],[11,12,0.03360145],[12,13,0.00287835],[14,15,0.1503853],[11,15,0.12228323],[9,11,0.08769116],[9,11,0.08188632],[11,12,0.06348833],[11,12,0.03360145],[11,16,0.01415238],[17,18,0.97041725],[17,18,0.80864215],[17,19,0.74308676],[20,19,0.53981651],[6,20,0.40790229],[6,5,0.06194227],[6,5,0.06013881],[6,7,0.0414714],[21,7,0.0068097],[22,23,0.4917737],[22,24,0.0981612],[25,24,0.05070205],[25,24,0.02739563],[26,27,0.0344669],[28,29,0.89382272],[28,29,0.55242482],[29,30,0.15439018],[29,30,0.02457474],[31,32,0.4214168],[31,32,0.38795912],[31,32,0.32674153],[31,32,0.16130848],[33,34,0.55443468],[35,33,0.49441247],[35,33,0.41093433],[36,33,0.17898469],[36,33,0.07321717],[33,34,0.00315531],[37,38,0.40450368],[39,38,0.04334816],[40,41,0.97256305],[40,42,0.68887555],[40,42,0.68736338],[40,43,0.43043408],[43,44,0.41678131],[43,44,0.30628091],[43,44,0.05866217],[43,44,0.00675672],[45,46,0.51323339],[45,46,0.00248437],[47,48,0.10948589],[47,48,0.05616198],[49,50,0.17573356],[49,50,0.06959418],[49,50,0.06144382],[51,50,0.00094905],[52,53,0.29883954],[52,53,0.00342403],[54,55,0.75785185],[54,55,0.32448143],[54,55,0.13427621],[56,55,0.09811946],[57,58,0.91380021],[59,58,0.3271333],[59,60,0.00147552],[61,62,0.34640221],[61,62,0.27619574],[63,61,0.20612112],[64,65,0.81214539],[66,64,0.44868439]]",49,49,67,0.6326530612244898,0.4693877551020408,0.5625,0.0612244897959183,0.1020408163265306,0.125,0.1836734693877551,0.2653061224489796,0.1875,0.0408163265306122,0.0612244897959183,0.05,0.0816326530612244,0.1020408163265306,0.075,0.125,0.1020408163265306,0.3469387755102041,0.0157283921377377,0.0834781422037098,0.2029713964209697,0.4219640389699741,0.1422974861533363,0.0357461415447006,0.12205259127171,0.3299022961813502,0.5018705247180474,0.2005100941251557,0.2,0.3874999999999999,1.0,1.0,2.0,3.0,1.0,1.0,2.0,2.3999999999999986,1.462686567164179,4.0,0.875,0.65,0.6125,0.02,0.03801117689996,0.1308648324253584,0.3709988680841159,0.587549846032516,0.9716139992116954,0.2489795918367347,0.5790091080536699,0.3896353157742409,0.361013370525832,0.125,dar,low(.01-.05),high
