case_id,instance_id,group_id,strategy,coverage,rho_W5_k2,oracle__seen_label_rho_k2,est__plugin_rho_k2,selection,censoring,total_bias
activity__n1500__f0__beta1|event_sample_then_full_history|ss0|b9600,activity__n1500__f0__beta1,activity::n1500::f0,event_sample_then_full_history,0.1413924259963618,0.5766495783032909,0.8771929824561403,0.8771929824561403,0.3005434041528494,0.0,0.3005434041528494
activity__n1500__f0__beta1|node_panel_full_history|ss0|b2500,activity__n1500__f0__beta1,activity::n1500::f0,node_panel_full_history,0.0924425334876798,0.5766495783032909,0.590339892665474,0.590339892665474,0.013690314362183154,0.0,0.013690314362183154
activity__n1500__f0__beta1|recent_history_k20|ws0|b800,activity__n1500__f0__beta1,activity::n1500::f0,recent_history_k20,0.0768976351910038,0.5766495783032909,0.8451612903225807,0.1505376344086021,0.2685117120192898,-0.6946236559139786,-0.42611194389468876
activity__n1500__f0__beta1|time_agnostic_t|ws0|b800,activity__n1500__f0__beta1,activity::n1500::f0,time_agnostic_t,0.1073259467504547,0.5766495783032909,0.5608628659476117,0.0801232665639445,-0.01578671235567919,-0.48073959938366717,-0.49652631173934636
activity__n1500__f0__beta1|time_respecting|ws0|b800,activity__n1500__f0__beta1,activity::n1500::f0,time_respecting,0.0764015214155779,0.5766495783032909,0.8398268398268398,0.08008658008658,0.2631772615235489,-0.7597402597402598,-0.4965629982167109
activity__n1500__f0__memoryless|event_sample_then_full_history|ss0|b9600,activity__n1500__f0__memoryless,activity::n1500::f0,event_sample_then_full_history,0.3375926859117414,0.0110503203513066,0.0194050538436933,0.0194050538436933,0.0083547334923867,0.0,0.0083547334923867
activity__n1500__f0__memoryless|node_panel_full_history|ss0|b2500,activity__n1500__f0__memoryless,activity::n1500::f0,node_panel_full_history,0.0866388308977035,0.0110503203513066,0.0091400083090984,0.0091400083090984,-0.0019103120422082013,0.0,-0.0019103120422082013
activity__n1500__f0__memoryless|recent_history_k20|ws0|b800,activity__n1500__f0__memoryless,activity::n1500::f0,recent_history_k20,0.0236484054423727,0.0110503203513066,0.0243531202435312,0.0015220700152207,0.0133027998922246,-0.0228310502283105,-0.0095282503360859
activity__n1500__f0__memoryless|time_agnostic_t|ws0|b800,activity__n1500__f0__memoryless,activity::n1500::f0,time_agnostic_t,0.0276078036138506,0.0110503203513066,0.0117340286831812,0.0,0.0006837083318745989,-0.0117340286831812,-0.0110503203513066
activity__n1500__f0__memoryless|time_respecting|ws0|b800,activity__n1500__f0__memoryless,activity::n1500::f0,time_respecting,0.0206248650205168,0.0110503203513066,0.0157068062827225,0.0,0.004656485931415898,-0.0157068062827225,-0.0110503203513066
activity__n500__f0__beta1|event_sample_then_full_history|ss0|b9600,activity__n500__f0__beta1,activity::n500::f0,event_sample_then_full_history,0.9640924741760944,0.5627151992129857,0.5826530612244898,0.5826530612244898,0.01993786201150405,0.0,0.01993786201150405
activity__n500__f0__beta1|node_panel_full_history|ss0|b2500,activity__n500__f0__beta1,activity::n500::f0,node_panel_full_history,0.2700442695523856,0.5627151992129857,0.5610200364298725,0.5610200364298725,-0.0016951627831132132,0.0,-0.0016951627831132132
activity__n500__f0__beta1|recent_history_k20|ws0|b800,activity__n500__f0__beta1,activity::n500::f0,recent_history_k20,0.1854402361042794,0.5627151992129857,0.8779840848806366,0.2625994694960212,0.3152688856676509,-0.6153846153846154,-0.30011572971696454
activity__n500__f0__beta1|time_agnostic_t|ws0|b800,activity__n500__f0__beta1,activity::n500::f0,time_agnostic_t,0.2710280373831775,0.5627151992129857,0.5807622504537205,0.1306715063520871,0.0180470512407348,-0.4500907441016334,-0.4320436928608986
activity__n500__f0__beta1|time_respecting|ws0|b800,activity__n500__f0__beta1,activity::n500::f0,time_respecting,0.1923266109198229,0.5627151992129857,0.8107416879795396,0.1355498721227621,0.24802648876655387,-0.6751918158567776,-0.42716532709022365
activity__n500__f0__memoryless|event_sample_then_full_history|ss0|b9600,activity__n500__f0__memoryless,activity::n500::f0,event_sample_then_full_history,0.9597435358419172,0.0396258145890267,0.0410688862118059,0.0410688862118059,0.0014430716227792004,0.0,0.0014430716227792004
activity__n500__f0__memoryless|node_panel_full_history|ss0|b2500,activity__n500__f0__memoryless,activity::n500::f0,node_panel_full_history,0.2493167963001892,0.0396258145890267,0.0404721753794266,0.0404721753794266,0.0008463607903999026,0.0,0.0008463607903999026
activity__n500__f0__memoryless|recent_history_k20|ws0|b800,activity__n500__f0__memoryless,activity::n500::f0,recent_history_k20,0.0653773386588185,0.0396258145890267,0.0643086816720257,0.0032154340836012,0.024682867082999008,-0.06109324758842451,-0.0364103805054255
activity__n500__f0__memoryless|time_agnostic_t|ws0|b800,activity__n500__f0__memoryless,activity::n500::f0,time_agnostic_t,0.0794618457010721,0.0396258145890267,0.037037037037037,0.0,-0.0025887775519896974,-0.037037037037037,-0.0396258145890267
activity__n500__f0__memoryless|time_respecting|ws0|b800,activity__n500__f0__memoryless,activity::n500::f0,time_respecting,0.0547614042463737,0.0396258145890267,0.072936660268714,0.0019193857965451,0.0333108456796873,-0.07101727447216889,-0.037706428792481594
controlled__snap_bitcoin_otc__bursty__contiguous__rho0.15__r0|event_sample_then_full_history|ss0|b9600,controlled__snap_bitcoin_otc__bursty__contiguous__rho0.15__r0,real::snap_bitcoin_otc,event_sample_then_full_history,0.250930578820026,0.1262795458775358,0.1505655479325051,0.1505655479325051,0.024286002054969308,0.0,0.024286002054969308
controlled__snap_bitcoin_otc__bursty__contiguous__rho0.15__r0|node_panel_full_history|ss0|b2500,controlled__snap_bitcoin_otc__bursty__contiguous__rho0.15__r0,real::snap_bitcoin_otc,node_panel_full_history,0.0702121719709659,0.1262795458775358,0.1285619615639496,0.1285619615639496,0.0022824156864138245,0.0,0.0022824156864138245
controlled__snap_bitcoin_otc__bursty__contiguous__rho0.15__r0|recent_history_k20|ws0|b800,controlled__snap_bitcoin_otc__bursty__contiguous__rho0.15__r0,real::snap_bitcoin_otc,recent_history_k20,0.0283826540107947,0.1262795458775358,0.1672131147540983,0.0032786885245901,0.04093356887656252,-0.1639344262295082,-0.12300085735294569
controlled__snap_bitcoin_otc__bursty__contiguous__rho0.15__r0|time_agnostic_t|ws0|b800,controlled__snap_bitcoin_otc__bursty__contiguous__rho0.15__r0,real::snap_bitcoin_otc,time_agnostic_t,0.0319188535268937,0.1262795458775358,0.129737609329446,0.0058309037900874,0.003458063451910215,-0.1239067055393586,-0.12044864208744839
controlled__snap_bitcoin_otc__bursty__contiguous__rho0.15__r0|time_respecting|ws0|b800,controlled__snap_bitcoin_otc__bursty__contiguous__rho0.15__r0,real::snap_bitcoin_otc,time_respecting,0.0213567839195979,0.1262795458775358,0.3333333333333333,0.037037037037037,0.20705378745579753,-0.29629629629629634,-0.08924250884049878
controlled__snap_bitcoin_otc__bursty__contiguous__rho0.55__r0|event_sample_then_full_history|ss0|b9600,controlled__snap_bitcoin_otc__bursty__contiguous__rho0.55__r0,real::snap_bitcoin_otc,event_sample_then_full_history,0.2499069421179973,0.4872975991066443,0.585179668590579,0.585179668590579,0.09788206948393474,0.0,0.09788206948393474
controlled__snap_bitcoin_otc__bursty__contiguous__rho0.55__r0|node_panel_full_history|ss0|b2500,controlled__snap_bitcoin_otc__bursty__contiguous__rho0.55__r0,real::snap_bitcoin_otc,node_panel_full_history,0.068071840684906,0.4872975991066443,0.4750512645249487,0.4750512645249487,-0.01224633458169555,0.0,-0.01224633458169555
controlled__snap_bitcoin_otc__bursty__contiguous__rho0.55__r0|recent_history_k20|ws0|b800,controlled__snap_bitcoin_otc__bursty__contiguous__rho0.55__r0,real::snap_bitcoin_otc,recent_history_k20,0.0274520751907686,0.4872975991066443,0.6135593220338983,0.0508474576271186,0.12626172292725402,-0.5627118644067797,-0.43645014147952566
controlled__snap_bitcoin_otc__bursty__contiguous__rho0.55__r0|time_agnostic_t|ws0|b800,controlled__snap_bitcoin_otc__bursty__contiguous__rho0.55__r0,real::snap_bitcoin_otc,time_agnostic_t,0.0300111669458403,0.4872975991066443,0.5457364341085271,0.0573643410852713,0.05843883500188285,-0.4883720930232558,-0.42993325802137294
controlled__snap_bitcoin_otc__bursty__contiguous__rho0.55__r0|time_respecting|ws0|b800,controlled__snap_bitcoin_otc__bursty__contiguous__rho0.55__r0,real::snap_bitcoin_otc,time_respecting,0.021217197096594,0.4872975991066443,0.5548245614035088,0.0350877192982456,0.0675269622968645,-0.5197368421052632,-0.45220987980839866
controlled__snap_collegemsg__bursty__contiguous__rho0.15__r0|event_sample_then_full_history|ss0|b9600,controlled__snap_collegemsg__bursty__contiguous__rho0.15__r0,real::snap_collegemsg,event_sample_then_full_history,0.0445151033386327,0.1481427952016187,0.1931818181818181,0.1931818181818181,0.045039022980199406,0.0,0.045039022980199406
controlled__snap_collegemsg__bursty__contiguous__rho0.15__r0|node_panel_full_history|ss0|b2500,controlled__snap_collegemsg__bursty__contiguous__rho0.15__r0,real::snap_collegemsg,node_panel_full_history,0.0371440959676253,0.1481427952016187,0.103112840466926,0.103112840466926,-0.04502995473469269,0.0,-0.04502995473469269
controlled__snap_collegemsg__bursty__contiguous__rho0.15__r0|recent_history_k20|ws0|b800,controlled__snap_collegemsg__bursty__contiguous__rho0.15__r0,real::snap_collegemsg,recent_history_k20,0.0344702991761815,0.1481427952016187,0.1781970649895178,0.010482180293501,0.0300542697878991,-0.16771488469601678,-0.13766061490811768
controlled__snap_collegemsg__bursty__contiguous__rho0.15__r0|time_agnostic_t|ws0|b800,controlled__snap_collegemsg__bursty__contiguous__rho0.15__r0,real::snap_collegemsg,time_agnostic_t,0.0522474346003757,0.1481427952016187,0.1479944674965422,0.0096818810511756,-0.00014832770507650084,-0.1383125864453666,-0.1384609141504431
controlled__snap_collegemsg__bursty__contiguous__rho0.15__r0|time_respecting|ws0|b800,controlled__snap_collegemsg__bursty__contiguous__rho0.15__r0,real::snap_collegemsg,time_respecting,0.0273160861396155,0.1481427952016187,0.6772486772486772,0.0767195767195767,0.5291058820470586,-0.6005291005291005,-0.07142321848204199
controlled__snap_collegemsg__bursty__contiguous__rho0.55__r0|event_sample_then_full_history|ss0|b9600,controlled__snap_collegemsg__bursty__contiguous__rho0.55__r0,real::snap_collegemsg,event_sample_then_full_history,0.0437201907790143,0.5479838126896951,0.7586776859504132,0.7586776859504132,0.2106938732607181,0.0,0.2106938732607181
controlled__snap_collegemsg__bursty__contiguous__rho0.55__r0|node_panel_full_history|ss0|b2500,controlled__snap_collegemsg__bursty__contiguous__rho0.55__r0,real::snap_collegemsg,node_panel_full_history,0.0409018644312762,0.5479838126896951,0.549469964664311,0.549469964664311,0.0014861519746158791,0.0,0.0014861519746158791
controlled__snap_collegemsg__bursty__contiguous__rho0.55__r0|recent_history_k20|ws0|b800,controlled__snap_collegemsg__bursty__contiguous__rho0.55__r0,real::snap_collegemsg,recent_history_k20,0.0388784506431565,0.5479838126896951,0.6988847583643123,0.0297397769516728,0.1509009456746172,-0.6691449814126395,-0.5182440357380222
controlled__snap_collegemsg__bursty__contiguous__rho0.55__r0|time_agnostic_t|ws0|b800,controlled__snap_collegemsg__bursty__contiguous__rho0.55__r0,real::snap_collegemsg,time_agnostic_t,0.0520306402659343,0.5479838126896951,0.5555555555555556,0.0333333333333333,0.007571742865860487,-0.5222222222222223,-0.5146504793563618
controlled__snap_collegemsg__bursty__contiguous__rho0.55__r0|time_respecting|ws0|b800,controlled__snap_collegemsg__bursty__contiguous__rho0.55__r0,real::snap_collegemsg,time_respecting,0.0266657031362913,0.5479838126896951,0.948509485094851,0.067750677506775,0.4005256724051559,-0.880758807588076,-0.4802331351829201
controlled__snap_email_eu__bursty__contiguous__rho0.15__r0|event_sample_then_full_history|ss0|b9600,controlled__snap_email_eu__bursty__contiguous__rho0.15__r0,real::snap_email_eu,event_sample_then_full_history,0.0014317729083665,0.1499003984063745,0.3478260869565217,0.3478260869565217,0.19792568855014717,0.0,0.19792568855014717
controlled__snap_email_eu__bursty__contiguous__rho0.15__r0|node_panel_full_history|ss0|b2500,controlled__snap_email_eu__bursty__contiguous__rho0.15__r0,real::snap_email_eu,node_panel_full_history,0.009711155378486,0.1499003984063745,0.0641025641025641,0.0641025641025641,-0.08579783430381041,0.0,-0.08579783430381041
controlled__snap_email_eu__bursty__contiguous__rho0.15__r0|recent_history_k20|ws0|b800,controlled__snap_email_eu__bursty__contiguous__rho0.15__r0,real::snap_email_eu,recent_history_k20,0.0140687250996015,0.1499003984063745,0.2743362831858407,0.0,0.12443588477946618,-0.2743362831858407,-0.1499003984063745
controlled__snap_email_eu__bursty__contiguous__rho0.15__r0|time_agnostic_t|ws0|b800,controlled__snap_email_eu__bursty__contiguous__rho0.15__r0,real::snap_email_eu,time_agnostic_t,0.0473730079681274,0.1499003984063745,0.1629434954007884,0.0026281208935611,0.013043096994413889,-0.1603153745072273,-0.1472722775128134
controlled__snap_email_eu__bursty__contiguous__rho0.15__r0|time_respecting|ws0|b800,controlled__snap_email_eu__bursty__contiguous__rho0.15__r0,real::snap_email_eu,time_respecting,0.0235931274900398,0.1499003984063745,0.4195250659630606,0.0263852242744063,0.2696246675566861,-0.3931398416886543,-0.1235151741319682
controlled__snap_email_eu__bursty__contiguous__rho0.55__r0|event_sample_then_full_history|ss0|b9600,controlled__snap_email_eu__bursty__contiguous__rho0.55__r0,real::snap_email_eu,event_sample_then_full_history,0.002925796812749,0.5499875498007968,0.8085106382978723,0.8085106382978723,0.2585230884970755,0.0,0.2585230884970755
controlled__snap_email_eu__bursty__contiguous__rho0.55__r0|node_panel_full_history|ss2|b2500,controlled__snap_email_eu__bursty__contiguous__rho0.55__r0,real::snap_email_eu,node_panel_full_history,0.0021787848605577,0.5499875498007968,0.5142857142857142,0.5142857142857142,-0.03570183551508255,0.0,-0.03570183551508255
controlled__snap_email_eu__bursty__contiguous__rho0.55__r0|recent_history_k20|ws0|b800,controlled__snap_email_eu__bursty__contiguous__rho0.55__r0,real::snap_email_eu,recent_history_k20,0.0184262948207171,0.5499875498007968,0.8108108108108109,0.0236486486486486,0.2608232610100141,-0.7871621621621623,-0.5263389011521482
controlled__snap_email_eu__bursty__contiguous__rho0.55__r0|time_agnostic_t|ws0|b800,controlled__snap_email_eu__bursty__contiguous__rho0.55__r0,real::snap_email_eu,time_agnostic_t,0.0465014940239043,0.5499875498007968,0.5662650602409639,0.0174029451137884,0.01627751044016712,-0.5488621151271755,-0.5325846046870084
controlled__snap_email_eu__bursty__contiguous__rho0.55__r0|time_respecting|ws0|b800,controlled__snap_email_eu__bursty__contiguous__rho0.55__r0,real::snap_email_eu,time_respecting,0.024340139442231,0.5499875498007968,0.9207161125319692,0.0537084398976982,0.3707285627311724,-0.8670076726342709,-0.4962791099030986
controlled__snap_mathoverflow__bursty__contiguous__rho0.15__r0|event_sample_then_full_history|ss0|b9600,controlled__snap_mathoverflow__bursty__contiguous__rho0.15__r0,real::snap_mathoverflow,event_sample_then_full_history,0.0079739980636855,0.1422446352387943,0.2268178785857238,0.2268178785857238,0.0845732433469295,0.0,0.0845732433469295
controlled__snap_mathoverflow__bursty__contiguous__rho0.15__r0|node_panel_full_history|ss0|b2500,controlled__snap_mathoverflow__bursty__contiguous__rho0.15__r0,real::snap_mathoverflow,node_panel_full_history,0.0076122689987552,0.1422446352387943,0.1397624039133473,0.1397624039133473,-0.002482231325447004,0.0,-0.002482231325447004
controlled__snap_mathoverflow__bursty__contiguous__rho0.15__r0|recent_history_k20|ws0|b800,controlled__snap_mathoverflow__bursty__contiguous__rho0.15__r0,real::snap_mathoverflow,recent_history_k20,0.0033991893013309,0.1422446352387943,0.2300469483568075,0.0046948356807511,0.0878023131180132,-0.2253521126760564,-0.1375497995580432
controlled__snap_mathoverflow__bursty__contiguous__rho0.15__r0|time_agnostic_t|ws0|b800,controlled__snap_mathoverflow__bursty__contiguous__rho0.15__r0,real::snap_mathoverflow,time_agnostic_t,0.0039417828987265,0.1422446352387943,0.1376518218623481,0.0053981106612685,-0.004592813376446209,-0.1322537112010796,-0.1368465245775258
controlled__snap_mathoverflow__bursty__contiguous__rho0.15__r0|time_respecting|ws0|b800,controlled__snap_mathoverflow__bursty__contiguous__rho0.15__r0,real::snap_mathoverflow,time_respecting,0.002957667060313,0.1422446352387943,0.2661870503597122,0.0017985611510791,0.12394241512091789,-0.26438848920863306,-0.1404460740877152
controlled__snap_mathoverflow__bursty__contiguous__rho0.55__r0|event_sample_then_full_history|ss0|b9600,controlled__snap_mathoverflow__bursty__contiguous__rho0.55__r0,real::snap_mathoverflow,event_sample_then_full_history,0.0070856340365771,0.37438958220293,0.6666666666666666,0.6666666666666666,0.2922770844637366,0.0,0.2922770844637366
controlled__snap_mathoverflow__bursty__contiguous__rho0.55__r0|node_panel_full_history|ss0|b2500,controlled__snap_mathoverflow__bursty__contiguous__rho0.55__r0,real::snap_mathoverflow,node_panel_full_history,0.0063036609109188,0.37438958220293,0.3721518987341772,0.3721518987341772,-0.0022376834687528047,0.0,-0.0022376834687528047
controlled__snap_mathoverflow__bursty__contiguous__rho0.55__r0|recent_history_k20|ws0|b800,controlled__snap_mathoverflow__bursty__contiguous__rho0.55__r0,real::snap_mathoverflow,recent_history_k20,0.003473662932346,0.37438958220293,0.5267993874425727,0.010719754977029,0.1524098052396427,-0.5160796324655437,-0.363669827225901
controlled__snap_mathoverflow__bursty__contiguous__rho0.55__r0|time_agnostic_t|ws0|b800,controlled__snap_mathoverflow__bursty__contiguous__rho0.55__r0,real::snap_mathoverflow,time_agnostic_t,0.0039364633536539,0.37438958220293,0.3689189189189189,0.0081081081081081,-0.005470663284011079,-0.36081081081081084,-0.3662814740948219
controlled__snap_mathoverflow__bursty__contiguous__rho0.55__r0|time_respecting|ws0|b800,controlled__snap_mathoverflow__bursty__contiguous__rho0.55__r0,real::snap_mathoverflow,time_respecting,0.0028938325194429,0.37438958220293,0.7720588235294118,0.0110294117647058,0.3976692413264818,-0.761029411764706,-0.3633601704382242
controlled__sp_highschool2013__bursty__contiguous__rho0.15__r0|event_sample_then_full_history|ss0|b9600,controlled__sp_highschool2013__bursty__contiguous__rho0.15__r0,real::sp_highschool2013,event_sample_then_full_history,0.0036094877964936,0.149364042626332,0.238095238095238,0.238095238095238,0.08873119546890601,0.0,0.08873119546890601
controlled__sp_highschool2013__bursty__contiguous__rho0.15__r0|node_panel_full_history|ss0|b2500,controlled__sp_highschool2013__bursty__contiguous__rho0.15__r0,real::sp_highschool2013,node_panel_full_history,0.0046407700240632,0.149364042626332,0.2592592592592592,0.2592592592592592,0.1098952166329272,0.0,0.1098952166329272
controlled__sp_highschool2013__bursty__contiguous__rho0.15__r0|recent_history_k20|ws0|b800,controlled__sp_highschool2013__bursty__contiguous__rho0.15__r0,real::sp_highschool2013,recent_history_k20,0.0402200068752148,0.149364042626332,0.2094017094017094,0.0299145299145299,0.06003766677537742,-0.17948717948717952,-0.1194495127118021
controlled__sp_highschool2013__bursty__contiguous__rho0.15__r0|time_agnostic_t|ws0|b800,controlled__sp_highschool2013__bursty__contiguous__rho0.15__r0,real::sp_highschool2013,time_agnostic_t,0.124785149535923,0.149364042626332,0.1336088154269972,0.0041322314049586,-0.01575522719933478,-0.1294765840220386,-0.14523181122137338
controlled__sp_highschool2013__bursty__contiguous__rho0.15__r0|time_respecting|ws0|b800,controlled__sp_highschool2013__bursty__contiguous__rho0.15__r0,real::sp_highschool2013,time_respecting,0.0529391543485733,0.149364042626332,0.275974025974026,0.0162337662337662,0.126609983347694,-0.25974025974025977,-0.13313027639256578
controlled__sp_highschool2013__bursty__contiguous__rho0.55__r0|event_sample_then_full_history|ss0|b9600,controlled__sp_highschool2013__bursty__contiguous__rho0.55__r0,real::sp_highschool2013,event_sample_then_full_history,0.0027500859401856,0.5433138535579237,0.9375,0.9375,0.3941861464420763,0.0,0.3941861464420763
controlled__sp_highschool2013__bursty__contiguous__rho0.55__r0|node_panel_full_history|ss0|b2500,controlled__sp_highschool2013__bursty__contiguous__rho0.55__r0,real::sp_highschool2013,node_panel_full_history,0.0073908559642488,0.5433138535579237,0.4651162790697674,0.4651162790697674,-0.07819757448815634,0.0,-0.07819757448815634
controlled__sp_highschool2013__bursty__contiguous__rho0.55__r0|recent_history_k20|ws0|b800,controlled__sp_highschool2013__bursty__contiguous__rho0.55__r0,real::sp_highschool2013,recent_history_k20,0.0553454795462358,0.5433138535579237,0.8167701863354038,0.062111801242236,0.27345633277748005,-0.7546583850931677,-0.4812020523156877
controlled__sp_highschool2013__bursty__contiguous__rho0.55__r0|time_agnostic_t|ws0|b800,controlled__sp_highschool2013__bursty__contiguous__rho0.55__r0,real::sp_highschool2013,time_agnostic_t,0.127363355104847,0.5433138535579237,0.5276653171390013,0.020242914979757,-0.015648536418922387,-0.5074224021592444,-0.5230709385781667
controlled__sp_highschool2013__bursty__contiguous__rho0.55__r0|time_respecting|ws0|b800,controlled__sp_highschool2013__bursty__contiguous__rho0.55__r0,real::sp_highschool2013,time_respecting,0.057408044001375,0.5433138535579237,0.7395209580838323,0.0329341317365269,0.19620710452590862,-0.7065868263473054,-0.5103797218213968
controlled__sp_hospital__bursty__contiguous__rho0.15__r0|event_sample_then_full_history|ss0|b9600,controlled__sp_hospital__bursty__contiguous__rho0.15__r0,real::sp_hospital,event_sample_then_full_history,0.0658472344161545,0.1501316944688323,0.1333333333333333,0.1333333333333333,-0.016798361135498985,0.0,-0.016798361135498985
controlled__sp_hospital__bursty__contiguous__rho0.15__r0|node_panel_full_history|ss0|b2500,controlled__sp_hospital__bursty__contiguous__rho0.15__r0,real::sp_hospital,node_panel_full_history,0.0430201931518876,0.1501316944688323,0.1020408163265306,0.1020408163265306,-0.04809087814230169,0.0,-0.04809087814230169
controlled__sp_hospital__bursty__contiguous__rho0.15__r0|recent_history_k20|ws0|b800,controlled__sp_hospital__bursty__contiguous__rho0.15__r0,real::sp_hospital,recent_history_k20,0.1545215100965759,0.1501316944688323,0.1931818181818181,0.034090909090909,0.043050123712985805,-0.1590909090909091,-0.11604078537792328
controlled__sp_hospital__bursty__contiguous__rho0.15__r0|time_agnostic_t|ws0|b800,controlled__sp_hospital__bursty__contiguous__rho0.15__r0,real::sp_hospital,time_agnostic_t,0.5013169446883231,0.1501316944688323,0.1558669001751313,0.0297723292469352,0.0057352057062990125,-0.1260945709281961,-0.12035936522189708
controlled__sp_hospital__bursty__contiguous__rho0.15__r0|time_respecting|ws0|b800,controlled__sp_hospital__bursty__contiguous__rho0.15__r0,real::sp_hospital,time_respecting,0.1747146619841966,0.1501316944688323,0.1909547738693467,0.0050251256281407,0.04082307940051441,-0.185929648241206,-0.1451065688406916
controlled__sp_hospital__bursty__contiguous__rho0.55__r0|event_sample_then_full_history|ss0|b9600,controlled__sp_hospital__bursty__contiguous__rho0.55__r0,real::sp_hospital,event_sample_then_full_history,0.0588235294117647,0.5478489903424056,0.6417910447761194,0.6417910447761194,0.09394205443371373,0.0,0.09394205443371373
controlled__sp_hospital__bursty__contiguous__rho0.55__r0|node_panel_full_history|ss0|b2500,controlled__sp_hospital__bursty__contiguous__rho0.55__r0,real::sp_hospital,node_panel_full_history,0.0359964881474978,0.5478489903424056,0.5365853658536586,0.5365853658536586,-0.01126362448874707,0.0,-0.01126362448874707
controlled__sp_hospital__bursty__contiguous__rho0.55__r0|recent_history_k20|ws0|b800,controlled__sp_hospital__bursty__contiguous__rho0.55__r0,real::sp_hospital,recent_history_k20,0.2071992976294995,0.5478489903424056,0.7033898305084746,0.0805084745762711,0.15554084016606895,-0.6228813559322035,-0.46734051576613456
controlled__sp_hospital__bursty__contiguous__rho0.55__r0|time_agnostic_t|ws0|b800,controlled__sp_hospital__bursty__contiguous__rho0.55__r0,real::sp_hospital,time_agnostic_t,0.5004389815627743,0.5478489903424056,0.5473684210526316,0.0824561403508772,-0.00048056928977402436,-0.4649122807017544,-0.4653928499915284
controlled__sp_hospital__bursty__contiguous__rho0.55__r0|time_respecting|ws0|b800,controlled__sp_hospital__bursty__contiguous__rho0.55__r0,real::sp_hospital,time_respecting,0.1633011413520632,0.5478489903424056,0.6344086021505376,0.0913978494623656,0.08655961180813199,-0.543010752688172,-0.45645114088004
controlled__sp_hypertext2009__bursty__contiguous__rho0.15__r0|event_sample_then_full_history|ss0|b9600,controlled__sp_hypertext2009__bursty__contiguous__rho0.15__r0,real::sp_hypertext2009,event_sample_then_full_history,0.0724043715846994,0.1056466302367941,0.1698113207547169,0.1698113207547169,0.06416469051792278,0.0,0.06416469051792278
controlled__sp_hypertext2009__bursty__contiguous__rho0.15__r0|node_panel_full_history|ss0|b2500,controlled__sp_hypertext2009__bursty__contiguous__rho0.15__r0,real::sp_hypertext2009,node_panel_full_history,0.0837887067395264,0.1056466302367941,0.092391304347826,0.092391304347826,-0.013255325888968106,0.0,-0.013255325888968106
controlled__sp_hypertext2009__bursty__contiguous__rho0.15__r0|recent_history_k20|ws0|b800,controlled__sp_hypertext2009__bursty__contiguous__rho0.15__r0,real::sp_hypertext2009,recent_history_k20,0.1270491803278688,0.1056466302367941,0.1899641577060931,0.025089605734767,0.08431752746929899,-0.16487455197132608,-0.0805570245020271
controlled__sp_hypertext2009__bursty__contiguous__rho0.15__r0|time_agnostic_t|ws0|b800,controlled__sp_hypertext2009__bursty__contiguous__rho0.15__r0,real::sp_hypertext2009,time_agnostic_t,0.296448087431694,0.1056466302367941,0.1213517665130568,0.0076804915514592,0.0157051362762627,-0.11367127496159761,-0.09796613868533491
controlled__sp_hypertext2009__bursty__contiguous__rho0.15__r0|time_respecting|ws0|b800,controlled__sp_hypertext2009__bursty__contiguous__rho0.15__r0,real::sp_hypertext2009,time_respecting,0.1215846994535519,0.1056466302367941,0.1797752808988764,0.0074906367041198,0.0741286506620823,-0.1722846441947566,-0.0981559935326743
controlled__sp_hypertext2009__bursty__contiguous__rho0.55__r0|event_sample_then_full_history|ss0|b9600,controlled__sp_hypertext2009__bursty__contiguous__rho0.55__r0,real::sp_hypertext2009,event_sample_then_full_history,0.0664845173041894,0.2654826958105646,0.4794520547945205,0.4794520547945205,0.21396935898395592,0.0,0.21396935898395592
controlled__sp_hypertext2009__bursty__contiguous__rho0.55__r0|node_panel_full_history|ss0|b2500,controlled__sp_hypertext2009__bursty__contiguous__rho0.55__r0,real::sp_hypertext2009,node_panel_full_history,0.2030965391621129,0.2654826958105646,0.210762331838565,0.210762331838565,-0.054720363971999614,0.0,-0.054720363971999614
controlled__sp_hypertext2009__bursty__contiguous__rho0.55__r0|recent_history_k20|ws0|b800,controlled__sp_hypertext2009__bursty__contiguous__rho0.55__r0,real::sp_hypertext2009,recent_history_k20,0.1393442622950819,0.2654826958105646,0.4640522875816993,0.0457516339869281,0.1985695917711347,-0.4183006535947712,-0.2197310618236365
controlled__sp_hypertext2009__bursty__contiguous__rho0.55__r0|time_agnostic_t|ws0|b800,controlled__sp_hypertext2009__bursty__contiguous__rho0.55__r0,real::sp_hypertext2009,time_agnostic_t,0.302367941712204,0.2654826958105646,0.2590361445783132,0.0225903614457831,-0.006446551232251407,-0.2364457831325301,-0.2428923343647815
controlled__sp_hypertext2009__bursty__contiguous__rho0.55__r0|time_respecting|ws0|b800,controlled__sp_hypertext2009__bursty__contiguous__rho0.55__r0,real::sp_hypertext2009,time_respecting,0.1247723132969034,0.2654826958105646,0.4160583941605839,0.0182481751824817,0.15057569835001927,-0.3978102189781022,-0.2472345206280829
controlled__sp_primaryschool__bursty__contiguous__rho0.15__r0|event_sample_then_full_history|ss0|b9600,controlled__sp_primaryschool__bursty__contiguous__rho0.15__r0,real::sp_primaryschool,event_sample_then_full_history,0.0080557893471203,0.1500541060478538,0.208955223880597,0.208955223880597,0.05890111783274321,0.0,0.05890111783274321
controlled__sp_primaryschool__bursty__contiguous__rho0.15__r0|node_panel_full_history|ss0|b2500,controlled__sp_primaryschool__bursty__contiguous__rho0.15__r0,real::sp_primaryschool,node_panel_full_history,0.0139473367800889,0.1500541060478538,0.2068965517241379,0.2068965517241379,0.056842445676284103,0.0,0.056842445676284103
controlled__sp_primaryschool__bursty__contiguous__rho0.15__r0|recent_history_k20|ws0|b800,controlled__sp_primaryschool__bursty__contiguous__rho0.15__r0,real::sp_primaryschool,recent_history_k20,0.0501382710111819,0.1500541060478538,0.2422062350119904,0.0191846522781774,0.0921521289641366,-0.223021582733813,-0.1308694537696764
controlled__sp_primaryschool__bursty__contiguous__rho0.15__r0|time_agnostic_t|ws0|b800,controlled__sp_primaryschool__bursty__contiguous__rho0.15__r0,real::sp_primaryschool,time_agnostic_t,0.0895755681135024,0.1500541060478538,0.1597315436241611,0.0026845637583892,0.00967743757630729,-0.15704697986577187,-0.14736954228946458
controlled__sp_primaryschool__bursty__contiguous__rho0.15__r0|time_respecting|ws0|b800,controlled__sp_primaryschool__bursty__contiguous__rho0.15__r0,real::sp_primaryschool,time_respecting,0.0447276662258025,0.1500541060478538,0.2069892473118279,0.0,0.056935141263974115,-0.2069892473118279,-0.1500541060478538
controlled__sp_primaryschool__bursty__contiguous__rho0.55__r0|event_sample_then_full_history|ss0|b9600,controlled__sp_primaryschool__bursty__contiguous__rho0.55__r0,real::sp_primaryschool,event_sample_then_full_history,0.0108212095707586,0.5481543825898761,0.8444444444444444,0.8444444444444444,0.2962900618545683,0.0,0.2962900618545683
controlled__sp_primaryschool__bursty__contiguous__rho0.55__r0|node_panel_full_history|ss0|b2500,controlled__sp_primaryschool__bursty__contiguous__rho0.55__r0,real::sp_primaryschool,node_panel_full_history,0.0069736683900444,0.5481543825898761,0.603448275862069,0.603448275862069,0.05529389327219281,0.0,0.05529389327219281
controlled__sp_primaryschool__bursty__contiguous__rho0.55__r0|recent_history_k20|ws0|b800,controlled__sp_primaryschool__bursty__contiguous__rho0.55__r0,real::sp_primaryschool,recent_history_k20,0.0608392449200432,0.5481543825898761,0.8043478260869565,0.0375494071146245,0.2561934434970804,-0.766798418972332,-0.5106049754752516
controlled__sp_primaryschool__bursty__contiguous__rho0.55__r0|time_agnostic_t|ws0|b800,controlled__sp_primaryschool__bursty__contiguous__rho0.55__r0,real::sp_primaryschool,time_agnostic_t,0.0906576890705783,0.5481543825898761,0.5636604774535809,0.0092838196286472,0.0155060948637048,-0.5543766578249337,-0.5388705629612289
controlled__sp_primaryschool__bursty__contiguous__rho0.55__r0|time_respecting|ws0|b800,controlled__sp_primaryschool__bursty__contiguous__rho0.55__r0,real::sp_primaryschool,time_respecting,0.0489359143922087,0.5481543825898761,0.6977886977886978,0.0171990171990172,0.14963431519882164,-0.6805896805896806,-0.530955365390859
dar__dcsbm__n1500__f0__a0.1__c0.15|event_sample_then_full_history|ss0|b9600,dar__dcsbm__n1500__f0__a0.1__c0.15,dar::dcsbm::n1500::f0,event_sample_then_full_history,0.2884851187158622,0.337086166536618,0.4841576506955177,0.4841576506955177,0.1470714841588997,0.0,0.1470714841588997
dar__dcsbm__n1500__f0__a0.1__c0.15|node_panel_full_history|ss0|b2500,dar__dcsbm__n1500__f0__a0.1__c0.15,dar::dcsbm::n1500::f0,node_panel_full_history,0.0974250362278452,0.337086166536618,0.3443935926773455,0.3443935926773455,0.007307426140727491,0.0,0.007307426140727491
dar__dcsbm__n1500__f0__a0.1__c0.15|recent_history_k20|ws0|b800,dar__dcsbm__n1500__f0__a0.1__c0.15,dar::dcsbm::n1500::f0,recent_history_k20,0.0632036562256158,0.337086166536618,0.5008818342151675,0.0335097001763668,0.16379566767854953,-0.46737213403880074,-0.3035764663602512
dar__dcsbm__n1500__f0__a0.1__c0.15|time_agnostic_t|ws0|b800,dar__dcsbm__n1500__f0__a0.1__c0.15,dar::dcsbm::n1500::f0,time_agnostic_t,0.0763571508193066,0.337086166536618,0.348905109489051,0.0262773722627737,0.01181894295243302,-0.3226277372262773,-0.3108087942738443
dar__dcsbm__n1500__f0__a0.1__c0.15|time_respecting|ws0|b800,dar__dcsbm__n1500__f0__a0.1__c0.15,dar::dcsbm::n1500::f0,time_respecting,0.0558466168766023,0.337086166536618,0.5129740518962076,0.0159680638722554,0.1758878853595896,-0.4970059880239522,-0.3211181026643626
dar__dcsbm__n1500__f0__a0.9__c0.15|event_sample_then_full_history|ss0|b9600,dar__dcsbm__n1500__f0__a0.9__c0.15,dar::dcsbm::n1500::f0,event_sample_then_full_history,0.3185207277065314,0.8559498956158664,0.9644194756554308,0.9644194756554308,0.10846958003956442,0.0,0.10846958003956442
dar__dcsbm__n1500__f0__a0.9__c0.15|node_panel_full_history|ss0|b2500,dar__dcsbm__n1500__f0__a0.9__c0.15,dar::dcsbm::n1500::f0,node_panel_full_history,0.0969281240679988,0.8559498956158664,0.8769230769230769,0.8769230769230769,0.020973181307210487,0.0,0.020973181307210487
dar__dcsbm__n1500__f0__a0.9__c0.15|recent_history_k20|ws0|b800,dar__dcsbm__n1500__f0__a0.9__c0.15,dar::dcsbm::n1500::f0,recent_history_k20,0.1461377870563674,0.8559498956158664,0.9142857142857144,0.1530612244897959,0.05833581866984794,-0.7612244897959185,-0.7028886711260706
dar__dcsbm__n1500__f0__a0.9__c0.15|time_agnostic_t|ws0|b800,dar__dcsbm__n1500__f0__a0.9__c0.15,dar::dcsbm::n1500::f0,time_agnostic_t,0.1622427676707426,0.8559498956158664,0.8566176470588235,0.2095588235294117,0.0006677514429570541,-0.6470588235294118,-0.6463910720864547
dar__dcsbm__n1500__f0__a0.9__c0.15|time_respecting|ws0|b800,dar__dcsbm__n1500__f0__a0.9__c0.15,dar::dcsbm::n1500::f0,time_respecting,0.1410677005666567,0.8559498956158664,0.9323467230443976,0.0528541226215644,0.07639682742853116,-0.8794926004228332,-0.803095772994302
dar__dcsbm__n500__f0__a0.1__c0.15|event_sample_then_full_history|ss0|b9600,dar__dcsbm__n500__f0__a0.1__c0.15,dar::dcsbm::n500::f0,event_sample_then_full_history,1.0,0.3263785394932936,0.3245156482861401,0.3245156482861401,-0.0018628912071534942,0.0,-0.0018628912071534942
dar__dcsbm__n500__f0__a0.1__c0.15|node_panel_full_history|ss0|b2500,dar__dcsbm__n500__f0__a0.1__c0.15,dar::dcsbm::n500::f0,node_panel_full_history,0.3282414307004471,0.3263785394932936,0.3348467650397276,0.3348467650397276,0.008468225546434005,0.0,0.008468225546434005
dar__dcsbm__n500__f0__a0.1__c0.15|recent_history_k20|ws0|b800,dar__dcsbm__n500__f0__a0.1__c0.15,dar::dcsbm::n500::f0,recent_history_k20,0.1870342771982116,0.3263785394932936,0.4800796812749004,0.045816733067729,0.15370114178160682,-0.43426294820717143,-0.2805618064255646
dar__dcsbm__n500__f0__a0.1__c0.15|time_agnostic_t|ws0|b800,dar__dcsbm__n500__f0__a0.1__c0.15,dar::dcsbm::n500::f0,time_agnostic_t,0.2369597615499254,0.3263785394932936,0.3144654088050314,0.0251572327044025,-0.011913130688262219,-0.28930817610062887,-0.3012213067888911
dar__dcsbm__n500__f0__a0.1__c0.15|time_respecting|ws0|b800,dar__dcsbm__n500__f0__a0.1__c0.15,dar::dcsbm::n500::f0,time_respecting,0.1594634873323397,0.3263785394932936,0.4672897196261682,0.0303738317757009,0.14091118013287462,-0.4369158878504673,-0.2960047077175927
dar__dcsbm__n500__f0__a0.9__c0.15|event_sample_then_full_history|ss0|b9600,dar__dcsbm__n500__f0__a0.9__c0.15,dar::dcsbm::n500::f0,event_sample_then_full_history,1.0,0.8558187435633368,0.8558187435633368,0.8558187435633368,0.0,0.0,0.0
dar__dcsbm__n500__f0__a0.9__c0.15|node_panel_full_history|ss0|b2500,dar__dcsbm__n500__f0__a0.9__c0.15,dar::dcsbm::n500::f0,node_panel_full_history,0.3377960865087538,0.8558187435633368,0.8567073170731707,0.8567073170731707,0.0008885735098339564,0.0,0.0008885735098339564
dar__dcsbm__n500__f0__a0.9__c0.15|recent_history_k20|ws0|b800,dar__dcsbm__n500__f0__a0.9__c0.15,dar::dcsbm::n500::f0,recent_history_k20,0.3892893923789907,0.8558187435633368,0.9206349206349206,0.2936507936507936,0.06481617707158382,-0.626984126984127,-0.5621679499125432
dar__dcsbm__n500__f0__a0.9__c0.15|time_agnostic_t|ws0|b800,dar__dcsbm__n500__f0__a0.9__c0.15,dar::dcsbm::n500::f0,time_agnostic_t,0.0020597322348094,0.8558187435633368,1.0,1.0,0.14418125643666324,0.0,0.14418125643666324
dar__dcsbm__n500__f0__a0.9__c0.15|time_respecting|ws0|b800,dar__dcsbm__n500__f0__a0.9__c0.15,dar::dcsbm::n500::f0,time_respecting,0.3738414006179196,0.8558187435633368,0.928374655647383,0.1652892561983471,0.07255591208404621,-0.7630853994490359,-0.6905294873649896
real__snap_bitcoin_otc|event_sample_then_full_history|ss0|b9600,real__snap_bitcoin_otc,real::snap_bitcoin_otc,event_sample_then_full_history,0.2523729759910664,0.0247999255536943,0.0296828908554572,0.0296828908554572,0.004882965301762902,0.0,0.004882965301762902
real__snap_bitcoin_otc|node_panel_full_history|ss0|b2500,real__snap_bitcoin_otc,real::snap_bitcoin_otc,node_panel_full_history,0.0673739065698864,0.0247999255536943,0.0124309392265193,0.0124309392265193,-0.012368986327174999,0.0,-0.012368986327174999
real__snap_bitcoin_otc|recent_history_k20|ws0|b800,real__snap_bitcoin_otc,real::snap_bitcoin_otc,recent_history_k20,0.0286152987158012,0.0247999255536943,0.0211382113821138,0.0,-0.0036617141715804997,-0.0211382113821138,-0.0247999255536943
real__snap_bitcoin_otc|time_agnostic_t|ws0|b800,real__snap_bitcoin_otc,real::snap_bitcoin_otc,time_agnostic_t,0.0318723245858924,0.0247999255536943,0.0262773722627737,0.0,0.0014774467090793997,-0.0262773722627737,-0.0247999255536943
real__snap_bitcoin_otc|time_respecting|ws0|b800,real__snap_bitcoin_otc,real::snap_bitcoin_otc,time_respecting,0.022287362739624,0.0247999255536943,0.0501043841336116,0.0,0.025304458579917304,-0.0501043841336116,-0.0247999255536943
real__snap_collegemsg|event_sample_then_full_history|ss0|b9600,real__snap_collegemsg,real::snap_collegemsg,event_sample_then_full_history,0.0445151033386327,0.1030495736378089,0.2564935064935065,0.2564935064935065,0.1534439328556976,0.0,0.1534439328556976
real__snap_collegemsg|node_panel_full_history|ss0|b2500,real__snap_collegemsg,real::snap_collegemsg,node_panel_full_history,0.0376499494146553,0.1030495736378089,0.0844529750479846,0.0844529750479846,-0.018596598589824292,0.0,-0.018596598589824292
real__snap_collegemsg|recent_history_k20|ws0|b800,real__snap_collegemsg,real::snap_collegemsg,recent_history_k20,0.0392397745338921,0.1030495736378089,0.2117863720073664,0.003683241252302,0.10873679836955752,-0.20810313075506442,-0.09936633238550689
real__snap_collegemsg|time_agnostic_t|ws0|b800,real__snap_collegemsg,real::snap_collegemsg,time_agnostic_t,0.0518861107096401,0.1030495736378089,0.1086350974930362,0.0013927576601671,0.005585523855227301,-0.1072423398328691,-0.1016568159776418
real__snap_collegemsg|time_respecting|ws0|b800,real__snap_collegemsg,real::snap_collegemsg,time_respecting,0.0267379679144385,0.1030495736378089,0.3432432432432432,0.0459459459459459,0.24019366960543428,-0.29729729729729726,-0.057103627691862995
real__snap_email_eu|event_sample_then_full_history|ss0|b9600,real__snap_email_eu,real::snap_email_eu,event_sample_then_full_history,0.0026767928286852,0.5057270916334662,0.9767441860465116,0.9767441860465116,0.4710170944130454,0.0,0.4710170944130454
real__snap_email_eu|node_panel_full_history|ss0|b2500,real__snap_email_eu,real::snap_email_eu,node_panel_full_history,0.0166210159362549,0.5057270916334662,0.4569288389513108,0.4569288389513108,-0.048798252682155374,0.0,-0.048798252682155374
real__snap_email_eu|recent_history_k20|ws0|b800,real__snap_email_eu,real::snap_email_eu,recent_history_k20,0.0328685258964143,0.5057270916334662,0.918560606060606,0.0852272727272727,0.4128335144271398,-0.8333333333333333,-0.4204998189061935
real__snap_email_eu|time_agnostic_t|ws0|b800,real__snap_email_eu,real::snap_email_eu,time_agnostic_t,0.0470617529880478,0.5057270916334662,0.4907407407407407,0.0105820105820105,-0.014986350892725486,-0.4801587301587302,-0.49514508105145566
real__snap_email_eu|time_respecting|ws0|b800,real__snap_email_eu,real::snap_email_eu,time_respecting,0.0288844621513944,0.5057270916334662,0.9008620689655172,0.0560344827586206,0.39513497733205105,-0.8448275862068967,-0.4496926088748456
real__snap_mathoverflow|event_sample_then_full_history|ss0|b9600,real__snap_mathoverflow,real::snap_mathoverflow,event_sample_then_full_history,0.0083197684933984,0.0843839434851531,0.2416879795396419,0.2416879795396419,0.1573040360544888,0.0,0.1573040360544888
real__snap_mathoverflow|node_panel_full_history|ss0|b2500,real__snap_mathoverflow,real::snap_mathoverflow,node_panel_full_history,0.0070111604055621,0.0843839434851531,0.0523520485584218,0.0523520485584218,-0.0320318949267313,0.0,-0.0320318949267313
real__snap_mathoverflow|recent_history_k20|ws0|b800,real__snap_mathoverflow,real::snap_mathoverflow,recent_history_k20,0.0037715574564063,0.0843839434851531,0.2496473906911142,0.002820874471086,0.1652634472059611,-0.24682651622002819,-0.0815630690140671
real__snap_mathoverflow|time_agnostic_t|ws0|b800,real__snap_mathoverflow,real::snap_mathoverflow,time_agnostic_t,0.003968380624089,0.0843839434851531,0.0911528150134048,0.0,0.006768871528251702,-0.0911528150134048,-0.0843839434851531
real__snap_mathoverflow|time_respecting|ws0|b800,real__snap_mathoverflow,real::snap_mathoverflow,time_respecting,0.003042779781473,0.0843839434851531,0.2167832167832167,0.0,0.13239927329806359,-0.2167832167832167,-0.0843839434851531
real__sp_highschool2013|event_sample_then_full_history|ss0|b9600,real__sp_highschool2013,real::sp_highschool2013,event_sample_then_full_history,0.0036094877964936,0.4855620488140254,0.9523809523809524,0.9523809523809524,0.466818903566927,0.0,0.466818903566927
real__sp_highschool2013|node_panel_full_history|ss0|b2500,real__sp_highschool2013,real::sp_highschool2013,node_panel_full_history,0.0170161567548985,0.4855620488140254,0.494949494949495,0.494949494949495,0.009387446135469546,0.0,0.009387446135469546
real__sp_highschool2013|recent_history_k20|ws0|b800,real__sp_highschool2013,real::sp_highschool2013,recent_history_k20,0.0448607768992781,0.4855620488140254,0.8812260536398467,0.1302681992337164,0.3956640048258213,-0.7509578544061304,-0.355293849580309
real__sp_highschool2013|time_agnostic_t|ws0|b800,real__sp_highschool2013,real::sp_highschool2013,time_agnostic_t,0.1240976280508766,0.4855620488140254,0.4792243767313019,0.0193905817174515,-0.006337672082723511,-0.4598337950138504,-0.4661714670965739
real__sp_highschool2013|time_respecting|ws0|b800,real__sp_highschool2013,real::sp_highschool2013,time_respecting,0.0522516328635269,0.4855620488140254,0.8486842105263158,0.0921052631578947,0.3631221617122904,-0.7565789473684211,-0.39345678565613074
real__sp_hospital|event_sample_then_full_history|ss0|b9600,real__sp_hospital,real::sp_hospital,event_sample_then_full_history,0.0553116769095698,0.4451273046532045,0.6825396825396826,0.6825396825396826,0.23741237788647807,0.0,0.23741237788647807
real__sp_hospital|node_panel_full_history|ss0|b2500,real__sp_hospital,real::sp_hospital,node_panel_full_history,0.0482879719051799,0.4451273046532045,0.5272727272727272,0.5272727272727272,0.08214542261952273,0.0,0.08214542261952273
real__sp_hospital|recent_history_k20|ws0|b800,real__sp_hospital,real::sp_hospital,recent_history_k20,0.2370500438981563,0.4451273046532045,0.6925925925925925,0.1962962962962963,0.24746528793938805,-0.49629629629629624,-0.2488310083569082
real__sp_hospital|time_agnostic_t|ws0|b800,real__sp_hospital,real::sp_hospital,time_agnostic_t,0.5083406496927129,0.4451273046532045,0.4611398963730569,0.0898100172711571,0.01601259171985242,-0.3713298791018998,-0.3553172873820474
real__sp_hospital|time_respecting|ws0|b800,real__sp_hospital,real::sp_hospital,time_respecting,0.1913959613696224,0.4451273046532045,0.6422018348623854,0.055045871559633,0.19707453020918086,-0.5871559633027523,-0.39008143309357146
real__sp_hypertext2009|event_sample_then_full_history|ss0|b9600,real__sp_hypertext2009,real::sp_hypertext2009,event_sample_then_full_history,0.0842440801457194,0.2750455373406193,0.5945945945945946,0.5945945945945946,0.3195490572539753,0.0,0.3195490572539753
real__sp_hypertext2009|node_panel_full_history|ss0|b2500,real__sp_hypertext2009,real::sp_hypertext2009,node_panel_full_history,0.1193078324225865,0.2750455373406193,0.4198473282442748,0.4198473282442748,0.14480179090365547,0.0,0.14480179090365547
real__sp_hypertext2009|recent_history_k20|ws0|b800,real__sp_hypertext2009,real::sp_hypertext2009,recent_history_k20,0.1325136612021858,0.2750455373406193,0.5189003436426117,0.0927835051546391,0.2438548063019924,-0.42611683848797266,-0.18226203218598022
real__sp_hypertext2009|time_agnostic_t|ws0|b800,real__sp_hypertext2009,real::sp_hypertext2009,time_agnostic_t,0.3010018214936247,0.2750455373406193,0.2813918305597579,0.021180030257186,0.006346293219138599,-0.2602118003025719,-0.2538655070834333
real__sp_hypertext2009|time_respecting|ws0|b800,real__sp_hypertext2009,real::sp_hypertext2009,time_respecting,0.122040072859745,0.2750455373406193,0.503731343283582,0.0298507462686567,0.22868580594296273,-0.47388059701492535,-0.24519479107196263
real__sp_primaryschool|event_sample_then_full_history|ss0|b9600,real__sp_primaryschool,real::sp_primaryschool,event_sample_then_full_history,0.0122640375135265,0.4215462306119995,0.8431372549019608,0.8431372549019608,0.4215910242899613,0.0,0.4215910242899613
real__sp_primaryschool|node_panel_full_history|ss0|b2500,real__sp_primaryschool,real::sp_primaryschool,node_panel_full_history,0.0091379103041962,0.4215462306119995,0.3421052631578947,0.3421052631578947,-0.07944096745410478,0.0,-0.07944096745410478
real__sp_primaryschool|recent_history_k20|ws0|b800,real__sp_primaryschool,real::sp_primaryschool,recent_history_k20,0.0585547673439942,0.4215462306119995,0.8028747433264887,0.0739219712525667,0.3813285127144892,-0.728952772073922,-0.34762425935943275
real__sp_primaryschool|time_agnostic_t|ws0|b800,real__sp_primaryschool,real::sp_primaryschool,time_agnostic_t,0.0889743898040158,0.4215462306119995,0.4391891891891892,0.0175675675675675,0.017642958577189727,-0.4216216216216217,-0.403978663044432
real__sp_primaryschool|time_respecting|ws0|b800,real__sp_primaryschool,real::sp_primaryschool,time_respecting,0.0491763857160033,0.4215462306119995,0.8948655256723717,0.0146699266503667,0.4733192950603722,-0.880195599022005,-0.40687630396163277
