case_id,family,substrate,n,strategy,band,budget,coverage,n_obs_edges,rho_true,floor_lofo,mle_uniform,mle_transfer_beta,mle_betacal_lofo,oracle_lofo,betacal_lofo_beta
ba20000f0|t0.093|r0|time_agnostic_t|b400,ba20000f0,ba,20000,time_agnostic_t,lo(<.02),400,0.0042883576715343,343,0.0934061812362472,0.3481677782775372,0.0621390619713866,0.0665171287849801,0.0665171287849801,0.1267241074579515,0.5
ba20000f0|t0.254|r0|time_agnostic_t|b1600,ba20000f0,ba,20000,time_agnostic_t,lo(<.02),1600,0.0169783956791358,1358,0.2537382476495299,0.3481677782775372,0.1569212491615703,0.1644584285764274,0.1644584285764274,0.3232299482374993,0.5
ba20000f1|t0.312|r0|time_agnostic_t|b400,ba20000f1,ba,20000,time_agnostic_t,lo(<.02),400,0.0040633126625325,325,0.3118623724744949,0.3319674548795243,0.3738981629468713,0.3868221846202294,0.4482444855650024,0.4692828496510841,1.0
ba20000f1|t0.463|r0|time_agnostic_t|b400,ba20000f1,ba,20000,time_agnostic_t,lo(<.02),400,0.0040633126625325,325,0.4625300060012002,0.3319674548795243,0.4513462119494102,0.4770227681453656,0.5785553071366867,0.4982726461944046,1.0
ba8000f0|t0.280|r0|time_agnostic_t|b400,ba8000f0,ba,8000,time_agnostic_t,lo(<.02),400,0.0105365182591295,337,0.279796148074037,0.3391724049703485,0.1931043934146316,0.2104403558261605,0.2104403558261605,0.3043728163871615,0.5
ba8000f1|t0.410|r0|time_agnostic_t|b400,ba8000f1,ba,8000,time_agnostic_t,lo(<.02),400,0.0107866433216608,345,0.4100487743871936,0.3336767594203008,0.2733659992948867,0.283860042875861,0.283860042875861,0.2557290570180923,0.5
er20000f0|t0.484|r0|time_agnostic_t|b1600,er20000f0,er,20000,time_agnostic_t,lo(<.02),1600,0.01725,1380,0.4844375,0.3283069241067031,0.4213748675998956,0.438319276585865,0.5183111463369292,0.4542051012223277,1.0
er20000f1|t0.415|r0|time_agnostic_t|b1600,er20000f1,er,20000,time_agnostic_t,lo(<.02),1600,0.0169,1352,0.414575,0.3170490074400364,0.3621955001268125,0.3752534961750234,0.3752534961750234,0.2569163382843234,0.5
er20000f1|t0.564|r0|time_agnostic_t|b400,er20000f1,er,20000,time_agnostic_t,lo(<.02),400,0.0043625,349,0.56385,0.3170490074400364,0.5484730318024935,0.5816699976070865,0.5816699976070865,0.5017847593394399,0.5
er8000f0|t0.533|r0|time_agnostic_t|b400,er8000f0,er,8000,time_agnostic_t,lo(<.02),400,0.0104375,334,0.53296875,0.3258262757030634,0.2739836891061572,0.2945600701157264,0.2945600701157264,0.3949441306687931,0.5
ba1500f0|t0.038|r0|time_agnostic_t|b400,ba1500f0,ba,1500,time_agnostic_t,mid,400,0.0573195187165775,343,0.0381016042780748,0.3060205940615649,0.0618822808998442,0.066119758783762,0.0804815523358924,0.1010016072489601,1.0
ba1500f1|t0.267|r0|time_agnostic_t|b400,ba1500f1,ba,1500,time_agnostic_t,mid,400,0.0559826203208556,335,0.2682152406417112,0.307704714679509,0.2526483751156865,0.2730990488294138,0.3394865959936023,0.2812869303415556,1.0
ba20000f1|t0.029|r0|time_agnostic_t|b3200,ba20000f1,ba,20000,time_agnostic_t,mid,3200,0.0336442288457691,2691,0.0293433686737347,0.2984938963571993,0.0217982384924845,0.0232822480932971,0.028186785554867,0.0401898706923755,1.0
ba8000f0|t0.113|r0|time_agnostic_t|b3200,ba8000f0,ba,8000,time_agnostic_t,mid,3200,0.082572536268134,2641,0.1133066533266633,0.3055114441933922,0.1076745377790816,0.1120092666857835,0.1275236676877073,0.1330496218239174,1.0
ba8000f1|t0.023|r0|time_agnostic_t|b1600,ba8000f1,ba,8000,time_agnostic_t,mid,1600,0.0424587293646823,1358,0.0230740370185092,0.2968754297576029,0.0155801685763989,0.0166105213333641,0.0200415389755375,0.0637256057849707,1.0
ba8000f1|t0.410|r0|time_agnostic_t|b3200,ba8000f1,ba,8000,time_agnostic_t,mid,3200,0.0823224112056028,2633,0.4100487743871936,0.2968754297576029,0.3362747932144293,0.3508708073349404,0.4166904419061288,0.3514541362652593,1.0
er1500f1|t0.120|r0|time_agnostic_t|b400,er1500f1,er,1500,time_agnostic_t,mid,400,0.0563333333333333,338,0.1198333333333333,0.3032129786921848,0.1615903475801933,0.1691547876001763,0.2004428161391477,0.1631333541295307,1.0
er20000f0|t0.517|r0|time_agnostic_t|b3200,er20000f0,er,20000,time_agnostic_t,mid,3200,0.0341,2728,0.5166875,0.2972737194329256,0.4360766125196769,0.4518806392117497,0.528279817887977,0.4847703677278392,1.0
er8000f0|t0.354|r0|time_agnostic_t|b1600,er8000f0,er,8000,time_agnostic_t,mid,1600,0.04159375,1331,0.3535625,0.2845389553448013,0.2763758321062153,0.2914945660643224,0.3530351611615429,0.3212873630737802,1.0
er8000f0|t0.533|r0|time_agnostic_t|b3200,er8000f0,er,8000,time_agnostic_t,mid,3200,0.08215625,2629,0.53296875,0.2845389553448013,0.4471092458544835,0.46611832513143,0.554667988917288,0.4507129869726741,1.0
ba1500f0|t0.038|r0|time_agnostic_t|b1600,ba1500f0,ba,1500,time_agnostic_t,hi(>.15),1600,0.2110628342245989,1263,0.0381016042780748,0.2379394682115269,0.0391202741754982,0.0412572103427913,0.0412572103427913,0.0432490166369578,0.5
ba1500f0|t0.076|r0|time_agnostic_t|b3200,ba1500f0,ba,1500,time_agnostic_t,hi(>.15),3200,0.3699866310160428,2214,0.0762032085561497,0.2379394682115269,0.0500020135591525,0.0522229978604683,0.0522229978604683,0.1044139780154486,0.5
ba1500f0|t0.506|r0|time_agnostic_t|b1600,ba1500f0,ba,1500,time_agnostic_t,hi(>.15),1600,0.2110628342245989,1263,0.5056818181818182,0.2379394682115269,0.393706755990083,0.4098613043697887,0.4098613043697887,0.368064640522876,0.5
ba1500f1|t0.102|r0|time_agnostic_t|b1600,ba1500f1,ba,1500,time_agnostic_t,hi(>.15),1600,0.2112299465240641,1264,0.1036096256684492,0.2463600713012477,0.1194539305579874,0.1241955639330978,0.1420032374776973,0.0995097207367795,1.0
ba1500f1|t0.370|r0|time_agnostic_t|b3200,ba1500f1,ba,1500,time_agnostic_t,hi(>.15),3200,0.3726604278074866,2230,0.3711564171122994,0.2463600713012477,0.3251038674907671,0.3401762453813917,0.3857390695433567,0.3778992216280449,1.0
er1500f0|t0.064|r0|time_agnostic_t|b1600,er1500f0,er,1500,time_agnostic_t,hi(>.15),1600,0.2045,1227,0.0648333333333333,0.2336143543275896,0.0696599744767574,0.0725626349845998,0.0832239135513928,0.1129948900772431,1.0
er1500f0|t0.183|r0|time_agnostic_t|b3200,er1500f0,er,1500,time_agnostic_t,hi(>.15),3200,0.368,2208,0.1835,0.2336143543275896,0.1584965693821884,0.1661847090387888,0.1892412068318907,0.219638707664884,1.0
er1500f1|t0.120|r0|time_agnostic_t|b3200,er1500f1,er,1500,time_agnostic_t,hi(>.15),3200,0.3613333333333333,2168,0.1198333333333333,0.2239013913646266,0.1263660458330044,0.131801058325474,0.131801058325474,0.2498818152109326,0.5
er1500f1|t0.335|r0|time_agnostic_t|b1600,er1500f1,er,1500,time_agnostic_t,hi(>.15),1600,0.2048333333333333,1229,0.3346666666666666,0.2239013913646266,0.2101956313788283,0.2187785612179961,0.2187785612179961,0.2037604812834226,0.5
er1500f1|t0.434|r0|time_agnostic_t|b3200,er1500f1,er,1500,time_agnostic_t,hi(>.15),3200,0.3613333333333333,2168,0.4341666666666666,0.2239013913646266,0.4057218641035692,0.4244589355030953,0.4244589355030953,0.4402805496137849,0.5
ba20000f0|t0.093|r0|time_respecting|b400,ba20000f0,ba,20000,time_respecting,lo(<.02),400,0.0030381076215243,243,0.0934061812362472,0.3481677782775372,0.0421164871862946,0.0967874800917695,0.0649850871778064,0.308618832123061,1.5
ba20000f0|t0.254|r0|time_respecting|b1600,ba20000f0,ba,20000,time_respecting,lo(<.02),1600,0.0122149429885977,977,0.2537382476495299,0.3481677782775372,0.1316632361368743,0.3357245528457215,0.2249894667585854,0.3857777319650816,1.5
ba20000f1|t0.312|r0|time_respecting|b400,ba20000f1,ba,20000,time_respecting,lo(<.02),400,0.0031506301260252,252,0.3118623724744949,0.3319674548795243,0.1636296414978273,0.3919884303173367,0.2610808044641137,0.3487676459363867,1.5
ba20000f1|t0.463|r0|time_respecting|b400,ba20000f1,ba,20000,time_respecting,lo(<.02),400,0.003125625125025,250,0.4625300060012002,0.3319674548795243,0.1173348279330455,0.276048786756962,0.184508329173755,0.2634911571494055,1.5
ba8000f0|t0.280|r0|time_respecting|b400,ba8000f0,ba,8000,time_respecting,lo(<.02),400,0.007816408204102,250,0.279796148074037,0.3391724049703485,0.0334346536125195,0.0947726706464622,0.062291024990269,0.1562925835557766,1.5
ba8000f1|t0.410|r0|time_respecting|b400,ba8000f1,ba,8000,time_respecting,lo(<.02),400,0.0080977988994497,259,0.4100487743871936,0.3336767594203008,2.843549736786244e-07,0.0045324576158383,0.000205762215979,0.2591624533577757,1.5
er20000f0|t0.484|r0|time_respecting|b1600,er20000f0,er,20000,time_respecting,lo(<.02),1600,0.012825,1026,0.4844375,0.3283069241067031,0.2921259749170717,0.724324373742337,0.4871259109082112,0.4455580336567308,1.5
er20000f1|t0.415|r0|time_respecting|b1600,er20000f1,er,20000,time_respecting,lo(<.02),1600,0.0125875,1007,0.414575,0.3170490074400364,0.2336822061897708,0.5804006706911006,0.3892368359064317,0.4584359376478845,1.5
er20000f1|t0.564|r0|time_respecting|b400,er20000f1,er,20000,time_respecting,lo(<.02),400,0.0034,272,0.56385,0.3170490074400364,0.1189938802439747,0.42308358145393,0.2548742443419548,0.4481593189938387,1.5
er8000f0|t0.533|r0|time_respecting|b400,er8000f0,er,8000,time_respecting,lo(<.02),400,0.00809375,259,0.53296875,0.3258262757030634,0.2411531369351317,0.5865258663779694,0.386921632770391,0.4444756717150205,1.5
ba1500f0|t0.038|r0|time_respecting|b400,ba1500f0,ba,1500,time_respecting,mid,400,0.0376002673796791,225,0.0381016042780748,0.2946737397532253,0.0256300896263611,0.0699777726437166,0.0699777726437166,0.1593088683824978,2.0
ba1500f1|t0.025|r0|time_respecting|b400,ba1500f1,ba,1500,time_respecting,mid,400,0.0365975935828877,219,0.0265708556149732,0.2974806074497989,6.0285110237146e-14,8.328542667856986e-06,8.328542667856986e-06,0.2733891010716289,2.0
ba1500f1|t0.412|r0|time_respecting|b1600,ba1500f1,ba,1500,time_respecting,mid,1600,0.1358622994652406,813,0.4119318181818182,0.2974806074497989,0.1252247977526877,0.2952738849574353,0.2952738849574353,0.2982032112689265,2.0
ba20000f1|t0.473|r0|time_respecting|b3200,ba20000f1,ba,20000,time_respecting,mid,3200,0.0248924784956991,1991,0.472632026405281,0.285222301608578,0.1620263956469355,0.3859510268555755,0.3859510268555755,0.4605040555456492,2.0
ba8000f0|t0.546|r0|time_respecting|b3200,ba8000f0,ba,8000,time_respecting,mid,3200,0.0604989994997498,1935,0.5463981990995498,0.2899430835506935,0.2686084377790407,0.5995871122936374,0.5995871122936374,0.4672698035642856,2.0
ba8000f1|t0.544|r0|time_respecting|b1600,ba8000f1,ba,8000,time_respecting,mid,1600,0.0316095547773886,1011,0.5444284642321161,0.2832261834339684,0.2266118286308273,0.5372994446336055,0.5372994446336055,0.4616300825761467,2.0
er1500f0|t0.556|r0|time_respecting|b400,er1500f0,er,1500,time_respecting,mid,400,0.0411666666666666,247,0.556,0.2932320351252461,0.1582575093388107,0.3568292131990922,0.3568292131990922,0.3653915834818779,2.0
er1500f1|t0.434|r0|time_respecting|b400,er1500f1,er,1500,time_respecting,mid,400,0.0406666666666666,244,0.4341666666666666,0.2899943808042585,0.1323788458230917,0.2947228147440903,0.2947228147440903,0.3636709722222221,2.0
er20000f1|t0.564|r0|time_respecting|b3200,er20000f1,er,20000,time_respecting,mid,3200,0.025225,2018,0.56385,0.2812963943876601,0.2237436000916437,0.5810355557701675,0.5810355557701675,0.4680391999023894,2.0
er8000f0|t0.533|r0|time_respecting|b3200,er8000f0,er,8000,time_respecting,mid,3200,0.06078125,1945,0.53296875,0.2736311477795671,0.2892105234153062,0.6586458513708772,0.6586458513708772,0.4880309459196654,2.0
ba1500f0|t0.038|r0|time_respecting|b3200,ba1500f0,ba,1500,time_respecting,hi(>.15),3200,0.1993649732620321,1193,0.0381016042780748,0.2379394682115271,0.0136175482412688,0.027501851662157,0.027501851662157,0.0510366844919786,2.0
ba1500f0|t0.293|r0|time_respecting|b3200,ba1500f0,ba,1500,time_respecting,hi(>.15),3200,0.2215909090909091,1326,0.2926136363636363,0.2379394682115271,0.1322042737409153,0.2753500229796567,0.2753500229796567,0.3221915121806301,2.0
ba1500f0|t0.506|r0|time_respecting|b3200,ba1500f0,ba,1500,time_respecting,hi(>.15),3200,0.2301136363636363,1377,0.5056818181818182,0.2379394682115271,0.2633335310151894,0.530414336351807,0.530414336351807,0.4292444325609033,2.0
ba1500f1|t0.102|r0|time_respecting|b3200,ba1500f1,ba,1500,time_respecting,hi(>.15),3200,0.2038770053475936,1220,0.1036096256684492,0.2463600713012478,0.0506954337641716,0.1014323054406942,0.1014323054406942,0.1049055228758171,2.0
ba1500f1|t0.370|r0|time_respecting|b3200,ba1500f1,ba,1500,time_respecting,hi(>.15),3200,0.2249331550802139,1346,0.3711564171122994,0.2463600713012478,0.1723527379450375,0.3591321301189102,0.3591321301189102,0.4103527391562686,2.0
er1500f0|t0.064|r0|time_respecting|b3200,er1500f0,er,1500,time_respecting,hi(>.15),3200,0.2086666666666666,1252,0.0648333333333333,0.2336143543275896,0.0446115294388654,0.090525242425611,0.090525242425611,0.0903389869281045,2.0
er1500f0|t0.183|r0|time_respecting|b3200,er1500f0,er,1500,time_respecting,hi(>.15),3200,0.2065,1239,0.1835,0.2336143543275896,0.0683067570383014,0.1453027913800672,0.1453027913800672,0.1396749762329177,2.0
er1500f1|t0.120|r0|time_respecting|b3200,er1500f1,er,1500,time_respecting,hi(>.15),3200,0.2138333333333333,1283,0.1198333333333333,0.2239013913646266,0.0479558629614317,0.097618653063021,0.097618653063021,0.1143281818181817,2.0
er1500f1|t0.188|r0|time_respecting|b3200,er1500f1,er,1500,time_respecting,hi(>.15),3200,0.2171666666666666,1303,0.188,0.2239013913646266,0.0968077886827161,0.1969849527971177,0.1969849527971177,0.2761723767082589,2.0
er1500f1|t0.434|r0|time_respecting|b3200,er1500f1,er,1500,time_respecting,hi(>.15),3200,0.2251666666666666,1351,0.4341666666666666,0.2239013913646266,0.2021143588188895,0.4114805851590868,0.4114805851590868,0.4086357367795605,2.0
