case_id,instance_id,group_id,strategy,coverage,delta_i
activity__n1500__f0__beta1|event_sample_then_full_history|ss0|b9600,activity__n1500__f0__beta1,activity::n1500::f0,event_sample_then_full_history,0.1413924259963618,-0.3005434041528494
activity__n1500__f0__beta1|node_panel_full_history|ss0|b2500,activity__n1500__f0__beta1,activity::n1500::f0,node_panel_full_history,0.0924425334876798,-0.013690314362183154
activity__n1500__f0__beta1|recent_history_k20|ws0|b800,activity__n1500__f0__beta1,activity::n1500::f0,recent_history_k20,0.0768976351910038,0.42611194389468876
activity__n1500__f0__beta1|time_agnostic_t|ws0|b800,activity__n1500__f0__beta1,activity::n1500::f0,time_agnostic_t,0.1073259467504547,0.49652631173934636
activity__n1500__f0__beta1|time_respecting|ws0|b800,activity__n1500__f0__beta1,activity::n1500::f0,time_respecting,0.0764015214155779,0.4965629982167109
activity__n1500__f0__memoryless|event_sample_then_full_history|ss0|b9600,activity__n1500__f0__memoryless,activity::n1500::f0,event_sample_then_full_history,0.3375926859117414,-0.0083547334923867
activity__n1500__f0__memoryless|node_panel_full_history|ss0|b2500,activity__n1500__f0__memoryless,activity::n1500::f0,node_panel_full_history,0.0866388308977035,0.0019103120422082013
activity__n1500__f0__memoryless|recent_history_k20|ws0|b800,activity__n1500__f0__memoryless,activity::n1500::f0,recent_history_k20,0.0236484054423727,0.0095282503360859
activity__n1500__f0__memoryless|time_agnostic_t|ws0|b800,activity__n1500__f0__memoryless,activity::n1500::f0,time_agnostic_t,0.0276078036138506,0.0110503203513066
activity__n1500__f0__memoryless|time_respecting|ws0|b800,activity__n1500__f0__memoryless,activity::n1500::f0,time_respecting,0.0206248650205168,0.0110503203513066
activity__n500__f0__beta1|event_sample_then_full_history|ss0|b9600,activity__n500__f0__beta1,activity::n500::f0,event_sample_then_full_history,0.9640924741760944,-0.01993786201150405
activity__n500__f0__beta1|node_panel_full_history|ss0|b2500,activity__n500__f0__beta1,activity::n500::f0,node_panel_full_history,0.2700442695523856,0.0016951627831132132
activity__n500__f0__beta1|recent_history_k20|ws0|b800,activity__n500__f0__beta1,activity::n500::f0,recent_history_k20,0.1854402361042794,0.30011572971696454
activity__n500__f0__beta1|time_agnostic_t|ws0|b800,activity__n500__f0__beta1,activity::n500::f0,time_agnostic_t,0.2710280373831775,0.4320436928608986
activity__n500__f0__beta1|time_respecting|ws0|b800,activity__n500__f0__beta1,activity::n500::f0,time_respecting,0.1923266109198229,0.42716532709022365
activity__n500__f0__memoryless|event_sample_then_full_history|ss0|b9600,activity__n500__f0__memoryless,activity::n500::f0,event_sample_then_full_history,0.9597435358419172,-0.0014430716227792004
activity__n500__f0__memoryless|node_panel_full_history|ss0|b2500,activity__n500__f0__memoryless,activity::n500::f0,node_panel_full_history,0.2493167963001892,-0.0008463607903999026
activity__n500__f0__memoryless|recent_history_k20|ws0|b800,activity__n500__f0__memoryless,activity::n500::f0,recent_history_k20,0.0653773386588185,0.0364103805054255
activity__n500__f0__memoryless|time_agnostic_t|ws0|b800,activity__n500__f0__memoryless,activity::n500::f0,time_agnostic_t,0.0794618457010721,0.0396258145890267
activity__n500__f0__memoryless|time_respecting|ws0|b800,activity__n500__f0__memoryless,activity::n500::f0,time_respecting,0.0547614042463737,0.037706428792481594
controlled__snap_bitcoin_otc__bursty__contiguous__rho0.15__r0|event_sample_then_full_history|ss0|b9600,controlled__snap_bitcoin_otc__bursty__contiguous__rho0.15__r0,real::snap_bitcoin_otc,event_sample_then_full_history,0.250930578820026,-0.024286002054969308
controlled__snap_bitcoin_otc__bursty__contiguous__rho0.15__r0|node_panel_full_history|ss0|b2500,controlled__snap_bitcoin_otc__bursty__contiguous__rho0.15__r0,real::snap_bitcoin_otc,node_panel_full_history,0.0702121719709659,-0.0022824156864138245
controlled__snap_bitcoin_otc__bursty__contiguous__rho0.15__r0|recent_history_k20|ws0|b800,controlled__snap_bitcoin_otc__bursty__contiguous__rho0.15__r0,real::snap_bitcoin_otc,recent_history_k20,0.0283826540107947,0.12300085735294569
controlled__snap_bitcoin_otc__bursty__contiguous__rho0.15__r0|time_agnostic_t|ws0|b800,controlled__snap_bitcoin_otc__bursty__contiguous__rho0.15__r0,real::snap_bitcoin_otc,time_agnostic_t,0.0319188535268937,0.12044864208744839
controlled__snap_bitcoin_otc__bursty__contiguous__rho0.15__r0|time_respecting|ws0|b800,controlled__snap_bitcoin_otc__bursty__contiguous__rho0.15__r0,real::snap_bitcoin_otc,time_respecting,0.0213567839195979,0.08924250884049878
controlled__snap_bitcoin_otc__bursty__contiguous__rho0.55__r0|event_sample_then_full_history|ss0|b9600,controlled__snap_bitcoin_otc__bursty__contiguous__rho0.55__r0,real::snap_bitcoin_otc,event_sample_then_full_history,0.2499069421179973,-0.09788206948393474
controlled__snap_bitcoin_otc__bursty__contiguous__rho0.55__r0|node_panel_full_history|ss0|b2500,controlled__snap_bitcoin_otc__bursty__contiguous__rho0.55__r0,real::snap_bitcoin_otc,node_panel_full_history,0.068071840684906,0.01224633458169555
controlled__snap_bitcoin_otc__bursty__contiguous__rho0.55__r0|recent_history_k20|ws0|b800,controlled__snap_bitcoin_otc__bursty__contiguous__rho0.55__r0,real::snap_bitcoin_otc,recent_history_k20,0.0274520751907686,0.43645014147952566
controlled__snap_bitcoin_otc__bursty__contiguous__rho0.55__r0|time_agnostic_t|ws0|b800,controlled__snap_bitcoin_otc__bursty__contiguous__rho0.55__r0,real::snap_bitcoin_otc,time_agnostic_t,0.0300111669458403,0.42993325802137294
controlled__snap_bitcoin_otc__bursty__contiguous__rho0.55__r0|time_respecting|ws0|b800,controlled__snap_bitcoin_otc__bursty__contiguous__rho0.55__r0,real::snap_bitcoin_otc,time_respecting,0.021217197096594,0.45220987980839866
controlled__snap_collegemsg__bursty__contiguous__rho0.15__r0|event_sample_then_full_history|ss0|b9600,controlled__snap_collegemsg__bursty__contiguous__rho0.15__r0,real::snap_collegemsg,event_sample_then_full_history,0.0445151033386327,-0.045039022980199406
controlled__snap_collegemsg__bursty__contiguous__rho0.15__r0|node_panel_full_history|ss0|b2500,controlled__snap_collegemsg__bursty__contiguous__rho0.15__r0,real::snap_collegemsg,node_panel_full_history,0.0371440959676253,0.04502995473469269
controlled__snap_collegemsg__bursty__contiguous__rho0.15__r0|recent_history_k20|ws0|b800,controlled__snap_collegemsg__bursty__contiguous__rho0.15__r0,real::snap_collegemsg,recent_history_k20,0.0344702991761815,0.13766061490811768
controlled__snap_collegemsg__bursty__contiguous__rho0.15__r0|time_agnostic_t|ws0|b800,controlled__snap_collegemsg__bursty__contiguous__rho0.15__r0,real::snap_collegemsg,time_agnostic_t,0.0522474346003757,0.1384609141504431
controlled__snap_collegemsg__bursty__contiguous__rho0.15__r0|time_respecting|ws0|b800,controlled__snap_collegemsg__bursty__contiguous__rho0.15__r0,real::snap_collegemsg,time_respecting,0.0273160861396155,0.07142321848204199
controlled__snap_collegemsg__bursty__contiguous__rho0.55__r0|event_sample_then_full_history|ss0|b9600,controlled__snap_collegemsg__bursty__contiguous__rho0.55__r0,real::snap_collegemsg,event_sample_then_full_history,0.0437201907790143,-0.2106938732607181
controlled__snap_collegemsg__bursty__contiguous__rho0.55__r0|node_panel_full_history|ss0|b2500,controlled__snap_collegemsg__bursty__contiguous__rho0.55__r0,real::snap_collegemsg,node_panel_full_history,0.0409018644312762,-0.0014861519746158791
controlled__snap_collegemsg__bursty__contiguous__rho0.55__r0|recent_history_k20|ws0|b800,controlled__snap_collegemsg__bursty__contiguous__rho0.55__r0,real::snap_collegemsg,recent_history_k20,0.0388784506431565,0.5182440357380222
controlled__snap_collegemsg__bursty__contiguous__rho0.55__r0|time_agnostic_t|ws0|b800,controlled__snap_collegemsg__bursty__contiguous__rho0.55__r0,real::snap_collegemsg,time_agnostic_t,0.0520306402659343,0.5146504793563618
controlled__snap_collegemsg__bursty__contiguous__rho0.55__r0|time_respecting|ws0|b800,controlled__snap_collegemsg__bursty__contiguous__rho0.55__r0,real::snap_collegemsg,time_respecting,0.0266657031362913,0.4802331351829201
controlled__snap_email_eu__bursty__contiguous__rho0.15__r0|event_sample_then_full_history|ss0|b9600,controlled__snap_email_eu__bursty__contiguous__rho0.15__r0,real::snap_email_eu,event_sample_then_full_history,0.0014317729083665,-0.19792568855014717
controlled__snap_email_eu__bursty__contiguous__rho0.15__r0|node_panel_full_history|ss0|b2500,controlled__snap_email_eu__bursty__contiguous__rho0.15__r0,real::snap_email_eu,node_panel_full_history,0.009711155378486,0.08579783430381041
controlled__snap_email_eu__bursty__contiguous__rho0.15__r0|recent_history_k20|ws0|b800,controlled__snap_email_eu__bursty__contiguous__rho0.15__r0,real::snap_email_eu,recent_history_k20,0.0140687250996015,0.1499003984063745
controlled__snap_email_eu__bursty__contiguous__rho0.15__r0|time_agnostic_t|ws0|b800,controlled__snap_email_eu__bursty__contiguous__rho0.15__r0,real::snap_email_eu,time_agnostic_t,0.0473730079681274,0.1472722775128134
controlled__snap_email_eu__bursty__contiguous__rho0.15__r0|time_respecting|ws0|b800,controlled__snap_email_eu__bursty__contiguous__rho0.15__r0,real::snap_email_eu,time_respecting,0.0235931274900398,0.1235151741319682
controlled__snap_email_eu__bursty__contiguous__rho0.55__r0|event_sample_then_full_history|ss0|b9600,controlled__snap_email_eu__bursty__contiguous__rho0.55__r0,real::snap_email_eu,event_sample_then_full_history,0.002925796812749,-0.2585230884970755
controlled__snap_email_eu__bursty__contiguous__rho0.55__r0|node_panel_full_history|ss2|b2500,controlled__snap_email_eu__bursty__contiguous__rho0.55__r0,real::snap_email_eu,node_panel_full_history,0.0021787848605577,0.03570183551508255
controlled__snap_email_eu__bursty__contiguous__rho0.55__r0|recent_history_k20|ws0|b800,controlled__snap_email_eu__bursty__contiguous__rho0.55__r0,real::snap_email_eu,recent_history_k20,0.0184262948207171,0.5263389011521482
controlled__snap_email_eu__bursty__contiguous__rho0.55__r0|time_agnostic_t|ws0|b800,controlled__snap_email_eu__bursty__contiguous__rho0.55__r0,real::snap_email_eu,time_agnostic_t,0.0465014940239043,0.5325846046870084
controlled__snap_email_eu__bursty__contiguous__rho0.55__r0|time_respecting|ws0|b800,controlled__snap_email_eu__bursty__contiguous__rho0.55__r0,real::snap_email_eu,time_respecting,0.024340139442231,0.4962791099030986
controlled__snap_mathoverflow__bursty__contiguous__rho0.15__r0|event_sample_then_full_history|ss0|b9600,controlled__snap_mathoverflow__bursty__contiguous__rho0.15__r0,real::snap_mathoverflow,event_sample_then_full_history,0.0079739980636855,-0.0845732433469295
controlled__snap_mathoverflow__bursty__contiguous__rho0.15__r0|node_panel_full_history|ss0|b2500,controlled__snap_mathoverflow__bursty__contiguous__rho0.15__r0,real::snap_mathoverflow,node_panel_full_history,0.0076122689987552,0.002482231325447004
controlled__snap_mathoverflow__bursty__contiguous__rho0.15__r0|recent_history_k20|ws0|b800,controlled__snap_mathoverflow__bursty__contiguous__rho0.15__r0,real::snap_mathoverflow,recent_history_k20,0.0033991893013309,0.1375497995580432
controlled__snap_mathoverflow__bursty__contiguous__rho0.15__r0|time_agnostic_t|ws0|b800,controlled__snap_mathoverflow__bursty__contiguous__rho0.15__r0,real::snap_mathoverflow,time_agnostic_t,0.0039417828987265,0.1368465245775258
controlled__snap_mathoverflow__bursty__contiguous__rho0.15__r0|time_respecting|ws0|b800,controlled__snap_mathoverflow__bursty__contiguous__rho0.15__r0,real::snap_mathoverflow,time_respecting,0.002957667060313,0.1404460740877152
controlled__snap_mathoverflow__bursty__contiguous__rho0.55__r0|event_sample_then_full_history|ss0|b9600,controlled__snap_mathoverflow__bursty__contiguous__rho0.55__r0,real::snap_mathoverflow,event_sample_then_full_history,0.0070856340365771,-0.2922770844637366
controlled__snap_mathoverflow__bursty__contiguous__rho0.55__r0|node_panel_full_history|ss0|b2500,controlled__snap_mathoverflow__bursty__contiguous__rho0.55__r0,real::snap_mathoverflow,node_panel_full_history,0.0063036609109188,0.0022376834687528047
controlled__snap_mathoverflow__bursty__contiguous__rho0.55__r0|recent_history_k20|ws0|b800,controlled__snap_mathoverflow__bursty__contiguous__rho0.55__r0,real::snap_mathoverflow,recent_history_k20,0.003473662932346,0.363669827225901
controlled__snap_mathoverflow__bursty__contiguous__rho0.55__r0|time_agnostic_t|ws0|b800,controlled__snap_mathoverflow__bursty__contiguous__rho0.55__r0,real::snap_mathoverflow,time_agnostic_t,0.0039364633536539,0.3662814740948219
controlled__snap_mathoverflow__bursty__contiguous__rho0.55__r0|time_respecting|ws0|b800,controlled__snap_mathoverflow__bursty__contiguous__rho0.55__r0,real::snap_mathoverflow,time_respecting,0.0028938325194429,0.3633601704382242
controlled__sp_highschool2013__bursty__contiguous__rho0.15__r0|event_sample_then_full_history|ss0|b9600,controlled__sp_highschool2013__bursty__contiguous__rho0.15__r0,real::sp_highschool2013,event_sample_then_full_history,0.0036094877964936,-0.08873119546890601
controlled__sp_highschool2013__bursty__contiguous__rho0.15__r0|node_panel_full_history|ss0|b2500,controlled__sp_highschool2013__bursty__contiguous__rho0.15__r0,real::sp_highschool2013,node_panel_full_history,0.0046407700240632,-0.1098952166329272
controlled__sp_highschool2013__bursty__contiguous__rho0.15__r0|recent_history_k20|ws0|b800,controlled__sp_highschool2013__bursty__contiguous__rho0.15__r0,real::sp_highschool2013,recent_history_k20,0.0402200068752148,0.1194495127118021
controlled__sp_highschool2013__bursty__contiguous__rho0.15__r0|time_agnostic_t|ws0|b800,controlled__sp_highschool2013__bursty__contiguous__rho0.15__r0,real::sp_highschool2013,time_agnostic_t,0.124785149535923,0.14523181122137338
controlled__sp_highschool2013__bursty__contiguous__rho0.15__r0|time_respecting|ws0|b800,controlled__sp_highschool2013__bursty__contiguous__rho0.15__r0,real::sp_highschool2013,time_respecting,0.0529391543485733,0.13313027639256578
controlled__sp_highschool2013__bursty__contiguous__rho0.55__r0|event_sample_then_full_history|ss0|b9600,controlled__sp_highschool2013__bursty__contiguous__rho0.55__r0,real::sp_highschool2013,event_sample_then_full_history,0.0027500859401856,-0.3941861464420763
controlled__sp_highschool2013__bursty__contiguous__rho0.55__r0|node_panel_full_history|ss0|b2500,controlled__sp_highschool2013__bursty__contiguous__rho0.55__r0,real::sp_highschool2013,node_panel_full_history,0.0073908559642488,0.07819757448815634
controlled__sp_highschool2013__bursty__contiguous__rho0.55__r0|recent_history_k20|ws0|b800,controlled__sp_highschool2013__bursty__contiguous__rho0.55__r0,real::sp_highschool2013,recent_history_k20,0.0553454795462358,0.4812020523156877
controlled__sp_highschool2013__bursty__contiguous__rho0.55__r0|time_agnostic_t|ws0|b800,controlled__sp_highschool2013__bursty__contiguous__rho0.55__r0,real::sp_highschool2013,time_agnostic_t,0.127363355104847,0.5230709385781667
controlled__sp_highschool2013__bursty__contiguous__rho0.55__r0|time_respecting|ws0|b800,controlled__sp_highschool2013__bursty__contiguous__rho0.55__r0,real::sp_highschool2013,time_respecting,0.057408044001375,0.5103797218213968
controlled__sp_hospital__bursty__contiguous__rho0.15__r0|event_sample_then_full_history|ss0|b9600,controlled__sp_hospital__bursty__contiguous__rho0.15__r0,real::sp_hospital,event_sample_then_full_history,0.0658472344161545,0.016798361135498985
controlled__sp_hospital__bursty__contiguous__rho0.15__r0|node_panel_full_history|ss0|b2500,controlled__sp_hospital__bursty__contiguous__rho0.15__r0,real::sp_hospital,node_panel_full_history,0.0430201931518876,0.04809087814230169
controlled__sp_hospital__bursty__contiguous__rho0.15__r0|recent_history_k20|ws0|b800,controlled__sp_hospital__bursty__contiguous__rho0.15__r0,real::sp_hospital,recent_history_k20,0.1545215100965759,0.11604078537792328
controlled__sp_hospital__bursty__contiguous__rho0.15__r0|time_agnostic_t|ws0|b800,controlled__sp_hospital__bursty__contiguous__rho0.15__r0,real::sp_hospital,time_agnostic_t,0.5013169446883231,0.12035936522189708
controlled__sp_hospital__bursty__contiguous__rho0.15__r0|time_respecting|ws0|b800,controlled__sp_hospital__bursty__contiguous__rho0.15__r0,real::sp_hospital,time_respecting,0.1747146619841966,0.1451065688406916
controlled__sp_hospital__bursty__contiguous__rho0.55__r0|event_sample_then_full_history|ss0|b9600,controlled__sp_hospital__bursty__contiguous__rho0.55__r0,real::sp_hospital,event_sample_then_full_history,0.0588235294117647,-0.09394205443371373
controlled__sp_hospital__bursty__contiguous__rho0.55__r0|node_panel_full_history|ss0|b2500,controlled__sp_hospital__bursty__contiguous__rho0.55__r0,real::sp_hospital,node_panel_full_history,0.0359964881474978,0.01126362448874707
controlled__sp_hospital__bursty__contiguous__rho0.55__r0|recent_history_k20|ws0|b800,controlled__sp_hospital__bursty__contiguous__rho0.55__r0,real::sp_hospital,recent_history_k20,0.2071992976294995,0.46734051576613456
controlled__sp_hospital__bursty__contiguous__rho0.55__r0|time_agnostic_t|ws0|b800,controlled__sp_hospital__bursty__contiguous__rho0.55__r0,real::sp_hospital,time_agnostic_t,0.5004389815627743,0.4653928499915284
controlled__sp_hospital__bursty__contiguous__rho0.55__r0|time_respecting|ws0|b800,controlled__sp_hospital__bursty__contiguous__rho0.55__r0,real::sp_hospital,time_respecting,0.1633011413520632,0.45645114088004
controlled__sp_hypertext2009__bursty__contiguous__rho0.15__r0|event_sample_then_full_history|ss0|b9600,controlled__sp_hypertext2009__bursty__contiguous__rho0.15__r0,real::sp_hypertext2009,event_sample_then_full_history,0.0724043715846994,-0.06416469051792278
controlled__sp_hypertext2009__bursty__contiguous__rho0.15__r0|node_panel_full_history|ss0|b2500,controlled__sp_hypertext2009__bursty__contiguous__rho0.15__r0,real::sp_hypertext2009,node_panel_full_history,0.0837887067395264,0.013255325888968106
controlled__sp_hypertext2009__bursty__contiguous__rho0.15__r0|recent_history_k20|ws0|b800,controlled__sp_hypertext2009__bursty__contiguous__rho0.15__r0,real::sp_hypertext2009,recent_history_k20,0.1270491803278688,0.0805570245020271
controlled__sp_hypertext2009__bursty__contiguous__rho0.15__r0|time_agnostic_t|ws0|b800,controlled__sp_hypertext2009__bursty__contiguous__rho0.15__r0,real::sp_hypertext2009,time_agnostic_t,0.296448087431694,0.09796613868533491
controlled__sp_hypertext2009__bursty__contiguous__rho0.15__r0|time_respecting|ws0|b800,controlled__sp_hypertext2009__bursty__contiguous__rho0.15__r0,real::sp_hypertext2009,time_respecting,0.1215846994535519,0.0981559935326743
controlled__sp_hypertext2009__bursty__contiguous__rho0.55__r0|event_sample_then_full_history|ss0|b9600,controlled__sp_hypertext2009__bursty__contiguous__rho0.55__r0,real::sp_hypertext2009,event_sample_then_full_history,0.0664845173041894,-0.21396935898395592
controlled__sp_hypertext2009__bursty__contiguous__rho0.55__r0|node_panel_full_history|ss0|b2500,controlled__sp_hypertext2009__bursty__contiguous__rho0.55__r0,real::sp_hypertext2009,node_panel_full_history,0.2030965391621129,0.054720363971999614
controlled__sp_hypertext2009__bursty__contiguous__rho0.55__r0|recent_history_k20|ws0|b800,controlled__sp_hypertext2009__bursty__contiguous__rho0.55__r0,real::sp_hypertext2009,recent_history_k20,0.1393442622950819,0.2197310618236365
controlled__sp_hypertext2009__bursty__contiguous__rho0.55__r0|time_agnostic_t|ws0|b800,controlled__sp_hypertext2009__bursty__contiguous__rho0.55__r0,real::sp_hypertext2009,time_agnostic_t,0.302367941712204,0.2428923343647815
controlled__sp_hypertext2009__bursty__contiguous__rho0.55__r0|time_respecting|ws0|b800,controlled__sp_hypertext2009__bursty__contiguous__rho0.55__r0,real::sp_hypertext2009,time_respecting,0.1247723132969034,0.2472345206280829
controlled__sp_primaryschool__bursty__contiguous__rho0.15__r0|event_sample_then_full_history|ss0|b9600,controlled__sp_primaryschool__bursty__contiguous__rho0.15__r0,real::sp_primaryschool,event_sample_then_full_history,0.0080557893471203,-0.05890111783274321
controlled__sp_primaryschool__bursty__contiguous__rho0.15__r0|node_panel_full_history|ss0|b2500,controlled__sp_primaryschool__bursty__contiguous__rho0.15__r0,real::sp_primaryschool,node_panel_full_history,0.0139473367800889,-0.056842445676284103
controlled__sp_primaryschool__bursty__contiguous__rho0.15__r0|recent_history_k20|ws0|b800,controlled__sp_primaryschool__bursty__contiguous__rho0.15__r0,real::sp_primaryschool,recent_history_k20,0.0501382710111819,0.1308694537696764
controlled__sp_primaryschool__bursty__contiguous__rho0.15__r0|time_agnostic_t|ws0|b800,controlled__sp_primaryschool__bursty__contiguous__rho0.15__r0,real::sp_primaryschool,time_agnostic_t,0.0895755681135024,0.14736954228946458
controlled__sp_primaryschool__bursty__contiguous__rho0.15__r0|time_respecting|ws0|b800,controlled__sp_primaryschool__bursty__contiguous__rho0.15__r0,real::sp_primaryschool,time_respecting,0.0447276662258025,0.1500541060478538
controlled__sp_primaryschool__bursty__contiguous__rho0.55__r0|event_sample_then_full_history|ss0|b9600,controlled__sp_primaryschool__bursty__contiguous__rho0.55__r0,real::sp_primaryschool,event_sample_then_full_history,0.0108212095707586,-0.2962900618545683
controlled__sp_primaryschool__bursty__contiguous__rho0.55__r0|node_panel_full_history|ss0|b2500,controlled__sp_primaryschool__bursty__contiguous__rho0.55__r0,real::sp_primaryschool,node_panel_full_history,0.0069736683900444,-0.05529389327219281
controlled__sp_primaryschool__bursty__contiguous__rho0.55__r0|recent_history_k20|ws0|b800,controlled__sp_primaryschool__bursty__contiguous__rho0.55__r0,real::sp_primaryschool,recent_history_k20,0.0608392449200432,0.5106049754752516
controlled__sp_primaryschool__bursty__contiguous__rho0.55__r0|time_agnostic_t|ws0|b800,controlled__sp_primaryschool__bursty__contiguous__rho0.55__r0,real::sp_primaryschool,time_agnostic_t,0.0906576890705783,0.5388705629612289
controlled__sp_primaryschool__bursty__contiguous__rho0.55__r0|time_respecting|ws0|b800,controlled__sp_primaryschool__bursty__contiguous__rho0.55__r0,real::sp_primaryschool,time_respecting,0.0489359143922087,0.530955365390859
dar__dcsbm__n1500__f0__a0.1__c0.15|event_sample_then_full_history|ss0|b9600,dar__dcsbm__n1500__f0__a0.1__c0.15,dar::dcsbm::n1500::f0,event_sample_then_full_history,0.2884851187158622,-0.1470714841588997
dar__dcsbm__n1500__f0__a0.1__c0.15|node_panel_full_history|ss0|b2500,dar__dcsbm__n1500__f0__a0.1__c0.15,dar::dcsbm::n1500::f0,node_panel_full_history,0.0974250362278452,-0.007307426140727491
dar__dcsbm__n1500__f0__a0.1__c0.15|recent_history_k20|ws0|b800,dar__dcsbm__n1500__f0__a0.1__c0.15,dar::dcsbm::n1500::f0,recent_history_k20,0.0632036562256158,0.3035764663602512
dar__dcsbm__n1500__f0__a0.1__c0.15|time_agnostic_t|ws0|b800,dar__dcsbm__n1500__f0__a0.1__c0.15,dar::dcsbm::n1500::f0,time_agnostic_t,0.0763571508193066,0.3108087942738443
dar__dcsbm__n1500__f0__a0.1__c0.15|time_respecting|ws0|b800,dar__dcsbm__n1500__f0__a0.1__c0.15,dar::dcsbm::n1500::f0,time_respecting,0.0558466168766023,0.3211181026643626
dar__dcsbm__n1500__f0__a0.9__c0.15|event_sample_then_full_history|ss0|b9600,dar__dcsbm__n1500__f0__a0.9__c0.15,dar::dcsbm::n1500::f0,event_sample_then_full_history,0.3185207277065314,-0.10846958003956442
dar__dcsbm__n1500__f0__a0.9__c0.15|node_panel_full_history|ss0|b2500,dar__dcsbm__n1500__f0__a0.9__c0.15,dar::dcsbm::n1500::f0,node_panel_full_history,0.0969281240679988,-0.020973181307210487
dar__dcsbm__n1500__f0__a0.9__c0.15|recent_history_k20|ws0|b800,dar__dcsbm__n1500__f0__a0.9__c0.15,dar::dcsbm::n1500::f0,recent_history_k20,0.1461377870563674,0.7028886711260706
dar__dcsbm__n1500__f0__a0.9__c0.15|time_agnostic_t|ws0|b800,dar__dcsbm__n1500__f0__a0.9__c0.15,dar::dcsbm::n1500::f0,time_agnostic_t,0.1622427676707426,0.6463910720864547
dar__dcsbm__n1500__f0__a0.9__c0.15|time_respecting|ws0|b800,dar__dcsbm__n1500__f0__a0.9__c0.15,dar::dcsbm::n1500::f0,time_respecting,0.1410677005666567,0.803095772994302
dar__dcsbm__n500__f0__a0.1__c0.15|event_sample_then_full_history|ss0|b9600,dar__dcsbm__n500__f0__a0.1__c0.15,dar::dcsbm::n500::f0,event_sample_then_full_history,1.0,0.0018628912071534942
dar__dcsbm__n500__f0__a0.1__c0.15|node_panel_full_history|ss0|b2500,dar__dcsbm__n500__f0__a0.1__c0.15,dar::dcsbm::n500::f0,node_panel_full_history,0.3282414307004471,-0.008468225546434005
dar__dcsbm__n500__f0__a0.1__c0.15|recent_history_k20|ws0|b800,dar__dcsbm__n500__f0__a0.1__c0.15,dar::dcsbm::n500::f0,recent_history_k20,0.1870342771982116,0.2805618064255646
dar__dcsbm__n500__f0__a0.1__c0.15|time_agnostic_t|ws0|b800,dar__dcsbm__n500__f0__a0.1__c0.15,dar::dcsbm::n500::f0,time_agnostic_t,0.2369597615499254,0.3012213067888911
dar__dcsbm__n500__f0__a0.1__c0.15|time_respecting|ws0|b800,dar__dcsbm__n500__f0__a0.1__c0.15,dar::dcsbm::n500::f0,time_respecting,0.1594634873323397,0.2960047077175927
dar__dcsbm__n500__f0__a0.9__c0.15|event_sample_then_full_history|ss0|b9600,dar__dcsbm__n500__f0__a0.9__c0.15,dar::dcsbm::n500::f0,event_sample_then_full_history,1.0,0.0
dar__dcsbm__n500__f0__a0.9__c0.15|node_panel_full_history|ss0|b2500,dar__dcsbm__n500__f0__a0.9__c0.15,dar::dcsbm::n500::f0,node_panel_full_history,0.3377960865087538,-0.0008885735098339564
dar__dcsbm__n500__f0__a0.9__c0.15|recent_history_k20|ws0|b800,dar__dcsbm__n500__f0__a0.9__c0.15,dar::dcsbm::n500::f0,recent_history_k20,0.3892893923789907,0.5621679499125432
dar__dcsbm__n500__f0__a0.9__c0.15|time_agnostic_t|ws0|b800,dar__dcsbm__n500__f0__a0.9__c0.15,dar::dcsbm::n500::f0,time_agnostic_t,0.0020597322348094,-0.14418125643666324
dar__dcsbm__n500__f0__a0.9__c0.15|time_respecting|ws0|b800,dar__dcsbm__n500__f0__a0.9__c0.15,dar::dcsbm::n500::f0,time_respecting,0.3738414006179196,0.6905294873649896
real__snap_bitcoin_otc|event_sample_then_full_history|ss0|b9600,real__snap_bitcoin_otc,real::snap_bitcoin_otc,event_sample_then_full_history,0.2523729759910664,-0.004882965301762902
real__snap_bitcoin_otc|node_panel_full_history|ss0|b2500,real__snap_bitcoin_otc,real::snap_bitcoin_otc,node_panel_full_history,0.0673739065698864,0.012368986327174999
real__snap_bitcoin_otc|recent_history_k20|ws0|b800,real__snap_bitcoin_otc,real::snap_bitcoin_otc,recent_history_k20,0.0286152987158012,0.0247999255536943
real__snap_bitcoin_otc|time_agnostic_t|ws0|b800,real__snap_bitcoin_otc,real::snap_bitcoin_otc,time_agnostic_t,0.0318723245858924,0.0247999255536943
real__snap_bitcoin_otc|time_respecting|ws0|b800,real__snap_bitcoin_otc,real::snap_bitcoin_otc,time_respecting,0.022287362739624,0.0247999255536943
real__snap_collegemsg|event_sample_then_full_history|ss0|b9600,real__snap_collegemsg,real::snap_collegemsg,event_sample_then_full_history,0.0445151033386327,-0.1534439328556976
real__snap_collegemsg|node_panel_full_history|ss0|b2500,real__snap_collegemsg,real::snap_collegemsg,node_panel_full_history,0.0376499494146553,0.018596598589824292
real__snap_collegemsg|recent_history_k20|ws0|b800,real__snap_collegemsg,real::snap_collegemsg,recent_history_k20,0.0392397745338921,0.09936633238550689
real__snap_collegemsg|time_agnostic_t|ws0|b800,real__snap_collegemsg,real::snap_collegemsg,time_agnostic_t,0.0518861107096401,0.1016568159776418
real__snap_collegemsg|time_respecting|ws0|b800,real__snap_collegemsg,real::snap_collegemsg,time_respecting,0.0267379679144385,0.057103627691862995
real__snap_email_eu|event_sample_then_full_history|ss0|b9600,real__snap_email_eu,real::snap_email_eu,event_sample_then_full_history,0.0026767928286852,-0.4710170944130454
real__snap_email_eu|node_panel_full_history|ss0|b2500,real__snap_email_eu,real::snap_email_eu,node_panel_full_history,0.0166210159362549,0.048798252682155374
real__snap_email_eu|recent_history_k20|ws0|b800,real__snap_email_eu,real::snap_email_eu,recent_history_k20,0.0328685258964143,0.4204998189061935
real__snap_email_eu|time_agnostic_t|ws0|b800,real__snap_email_eu,real::snap_email_eu,time_agnostic_t,0.0470617529880478,0.49514508105145566
real__snap_email_eu|time_respecting|ws0|b800,real__snap_email_eu,real::snap_email_eu,time_respecting,0.0288844621513944,0.4496926088748456
real__snap_mathoverflow|event_sample_then_full_history|ss0|b9600,real__snap_mathoverflow,real::snap_mathoverflow,event_sample_then_full_history,0.0083197684933984,-0.1573040360544888
real__snap_mathoverflow|node_panel_full_history|ss0|b2500,real__snap_mathoverflow,real::snap_mathoverflow,node_panel_full_history,0.0070111604055621,0.0320318949267313
real__snap_mathoverflow|recent_history_k20|ws0|b800,real__snap_mathoverflow,real::snap_mathoverflow,recent_history_k20,0.0037715574564063,0.0815630690140671
real__snap_mathoverflow|time_agnostic_t|ws0|b800,real__snap_mathoverflow,real::snap_mathoverflow,time_agnostic_t,0.003968380624089,0.0843839434851531
real__snap_mathoverflow|time_respecting|ws0|b800,real__snap_mathoverflow,real::snap_mathoverflow,time_respecting,0.003042779781473,0.0843839434851531
real__sp_highschool2013|event_sample_then_full_history|ss0|b9600,real__sp_highschool2013,real::sp_highschool2013,event_sample_then_full_history,0.0036094877964936,-0.466818903566927
real__sp_highschool2013|node_panel_full_history|ss0|b2500,real__sp_highschool2013,real::sp_highschool2013,node_panel_full_history,0.0170161567548985,-0.009387446135469546
real__sp_highschool2013|recent_history_k20|ws0|b800,real__sp_highschool2013,real::sp_highschool2013,recent_history_k20,0.0448607768992781,0.355293849580309
real__sp_highschool2013|time_agnostic_t|ws0|b800,real__sp_highschool2013,real::sp_highschool2013,time_agnostic_t,0.1240976280508766,0.4661714670965739
real__sp_highschool2013|time_respecting|ws0|b800,real__sp_highschool2013,real::sp_highschool2013,time_respecting,0.0522516328635269,0.39345678565613074
real__sp_hospital|event_sample_then_full_history|ss0|b9600,real__sp_hospital,real::sp_hospital,event_sample_then_full_history,0.0553116769095698,-0.23741237788647807
real__sp_hospital|node_panel_full_history|ss0|b2500,real__sp_hospital,real::sp_hospital,node_panel_full_history,0.0482879719051799,-0.08214542261952273
real__sp_hospital|recent_history_k20|ws0|b800,real__sp_hospital,real::sp_hospital,recent_history_k20,0.2370500438981563,0.2488310083569082
real__sp_hospital|time_agnostic_t|ws0|b800,real__sp_hospital,real::sp_hospital,time_agnostic_t,0.5083406496927129,0.3553172873820474
real__sp_hospital|time_respecting|ws0|b800,real__sp_hospital,real::sp_hospital,time_respecting,0.1913959613696224,0.39008143309357146
real__sp_hypertext2009|event_sample_then_full_history|ss0|b9600,real__sp_hypertext2009,real::sp_hypertext2009,event_sample_then_full_history,0.0842440801457194,-0.3195490572539753
real__sp_hypertext2009|node_panel_full_history|ss0|b2500,real__sp_hypertext2009,real::sp_hypertext2009,node_panel_full_history,0.1193078324225865,-0.14480179090365547
real__sp_hypertext2009|recent_history_k20|ws0|b800,real__sp_hypertext2009,real::sp_hypertext2009,recent_history_k20,0.1325136612021858,0.18226203218598022
real__sp_hypertext2009|time_agnostic_t|ws0|b800,real__sp_hypertext2009,real::sp_hypertext2009,time_agnostic_t,0.3010018214936247,0.2538655070834333
real__sp_hypertext2009|time_respecting|ws0|b800,real__sp_hypertext2009,real::sp_hypertext2009,time_respecting,0.122040072859745,0.24519479107196263
real__sp_primaryschool|event_sample_then_full_history|ss0|b9600,real__sp_primaryschool,real::sp_primaryschool,event_sample_then_full_history,0.0122640375135265,-0.4215910242899613
real__sp_primaryschool|node_panel_full_history|ss0|b2500,real__sp_primaryschool,real::sp_primaryschool,node_panel_full_history,0.0091379103041962,0.07944096745410478
real__sp_primaryschool|recent_history_k20|ws0|b800,real__sp_primaryschool,real::sp_primaryschool,recent_history_k20,0.0585547673439942,0.34762425935943275
real__sp_primaryschool|time_agnostic_t|ws0|b800,real__sp_primaryschool,real::sp_primaryschool,time_agnostic_t,0.0889743898040158,0.403978663044432
real__sp_primaryschool|time_respecting|ws0|b800,real__sp_primaryschool,real::sp_primaryschool,time_respecting,0.0491763857160033,0.40687630396163277
