dataset,domain,n_nodes,n_pairs,n_events,horizon_T,rho_headline,rho_event_weighted,mean_span_frac,C_one_step,rho_shifted,rho_equal_event,lifetime_mean_over_T,burstiness_pooled,censoring_share_lastwin,winlen_over_median_iet,median_iet,events_per_pair_median,share_single_event_pairs,repeat_rate,burstiness_pair_median,lifetime_mean,lifetime_median,rho_W4_k1,rho_W4_k2,rho_W4_k3,rho_W4_k4,rho_W4_fixedk2,rho_W4_fixedalpha(k=2),rho_W5_k1,rho_W5_k2,rho_W5_k3,rho_W5_k4,rho_W5_k5,rho_W5_fixedk2,rho_W5_fixedalpha(k=2),rho_W8_k1,rho_W8_k2,rho_W8_k3,rho_W8_k4,rho_W8_k5,rho_W8_k6,rho_W8_k7,rho_W8_k8,rho_W8_fixedk2,rho_W8_fixedalpha(k=4),class_terciles
Hospital ward (SocioPatterns),proximity,75,1139,32424,347500.0,0.44512730465320455,0.757186035035776,0.33380158033362595,0.40324675324675324,0.4635645302897278,0.4503950834064969,0.20282297357899456,0.7297707639617439,0.12291483757682177,3475.0,20.0,8.0,0.1431079894644425,0.8568920105355575,0.379550124874301,70480.98331870062,16920.0,1.0,0.42142230026338895,0.15891132572431957,0.04916593503072871,0.42142230026338895,0.42142230026338895,1.0,0.44512730465320455,0.16417910447761194,0.0456540825285338,0.014047410008779631,0.44512730465320455,0.44512730465320455,1.0,0.4697102721685689,0.2115891132572432,0.10272168568920105,0.048287971905179985,0.021071115013169446,0.00877963125548727,0.000877963125548727,0.4697102721685689,0.10272168568920105,easy (high rho)
Primary school (SocioPatterns),proximity,242,8317,125773,116900.0,0.42154623061199953,0.8635637219435014,0.3614764939280991,0.35767659659260737,0.4495611398340748,0.47769628471804737,0.32823948969064054,0.6279416877120704,0.23133341349044126,584.5,40.0,3.0,0.34315257905494767,0.6568474209450523,0.3510683779032081,38371.19634483588,3180.0,1.0,0.38703859564746906,0.12600697366839003,0.03378622099314657,0.38703859564746906,0.38703859564746906,1.0,0.42154623061199953,0.24732475652278466,0.1385114825057112,0.0,0.42154623061199953,0.42154623061199953,1.0,0.4917638571600337,0.2955392569436095,0.18191655645064325,0.08115907178069015,0.025369724660334256,0.0,0.0,0.4917638571600337,0.18191655645064325,easy (high rho)
High school 2013 (SocioPatterns),proximity,327,5818,188508,363560.0,0.4855620488140254,0.9385596367262928,0.3865245788930904,0.4192387392300142,0.4926091440357511,0.4903746992093503,0.30955602859481207,0.7167709169628134,0.08834651082846338,3635.6,20.0,3.0,0.3071502234444826,0.6928497765555174,0.3320537280085916,112542.18975592987,14050.0,1.0,0.4716397387418357,0.23324166380199382,0.09676864902028189,0.4716397387418357,0.4716397387418357,1.0,0.4855620488140254,0.2671020969405294,0.12822275696115504,0.05173599174974218,0.4855620488140254,0.4855620488140254,1.0,0.49862495702990717,0.29322791337229287,0.16552079752492266,0.09384668270883464,0.04382949467170849,0.018906840838776213,0.00446888965280165,0.49862495702990717,0.16552079752492266,easy (high rho)
Workplace InVS15 (SocioPatterns),proximity,217,4274,78249,993540.0,0.2901263453439401,0.7242648468351033,0.29106223678053345,0.18969825100903326,0.3130556855404773,0.31796911558259244,0.1747587826342732,0.7159922383007084,0.08540009358914366,9935.4,20.0,3.0,0.3310715956948994,0.6689284043051006,0.26780712510088406,173629.8408984558,700.0,1.0,0.28310715956948995,0.11862423958820777,0.043518951801591016,0.28310715956948995,0.28310715956948995,1.0,0.2901263453439401,0.11909218530650445,0.04609265325222274,0.0,0.2901263453439401,0.2901263453439401,1.0,0.31024801123069723,0.15535797847449695,0.08586803930744033,0.04609265325222274,0.022227421619092184,0.008656995788488536,0.0014038371548900327,0.31024801123069723,0.08586803930744033,medium
Hypertext 2009 conference (SocioPatterns),proximity,113,2196,20818,212340.0,0.2750455373406193,0.7133730425593237,0.2739526411657559,0.059558117195004805,0.33378870673952643,0.3242258652094718,0.17183314109601522,0.6318457304305521,0.22768670309653916,2123.4,20.0,2.0,0.3989071038251366,0.6010928961748634,0.17139975915071165,36487.04918032787,100.0,1.0,0.29143897996357016,0.09836065573770492,0.033242258652094715,0.29143897996357016,0.29143897996357016,1.0,0.2750455373406193,0.08105646630236794,0.013205828779599272,0.0004553734061930783,0.2750455373406193,0.2750455373406193,1.0,0.31876138433515483,0.127959927140255,0.05874316939890711,0.026411657559198543,0.01366120218579235,0.0,0.0,0.31876138433515483,0.05874316939890711,medium
CollegeMsg (SNAP),messaging,1899,13838,59835,16736181.0,0.10304957363780894,0.2992395754992897,0.22393409452232982,0.09648596385943856,0.10189333718745483,0.15717589247001013,0.027533893771942028,0.6461929217662665,0.02312472900708195,2801.0344769874478,1195.0,2.0,0.3780170544876427,0.6219829455123573,0.0048260854260193916,460812.2298019945,1947.5,1.0,0.06829021534903888,0.009466685937274172,0.0014452955629426219,0.06829021534903888,0.06829021534903888,1.0,0.10304957363780894,0.013007660066483595,0.003251915016620899,0.00036132389073565546,0.10304957363780894,0.10304957363780894,1.0,0.13571325336031217,0.02196849255672785,0.00729874259286024,0.002457002457002457,0.0009394421159127041,0.00036132389073565546,7.226477814713109e-05,0.13571325336031217,0.00729874259286024,hard (low rho)
email-Eu-core-temporal (SNAP),email,986,16064,332334,69459254.0,0.5057270916334662,0.9448265901171713,0.4001120517928287,0.465532792165958,0.4976967131474104,0.5194845617529881,0.23570535512861032,0.5685754098333737,0.002427788844621514,219.11436593059938,63400.0,3.0,0.26400647410358563,0.7359935258964143,0.17136140395212393,16371918.131038347,6115652.0,1.0,0.4694347609561753,0.24539342629482072,0.045131972111553786,0.4694347609561753,0.4694347609561753,1.0,0.5057270916334662,0.2975597609561753,0.1593625498007968,0.03791085657370518,0.5057270916334662,0.5057270916334662,1.0,0.5369770916334662,0.3465512948207171,0.23960408366533864,0.1619148406374502,0.09468376494023904,0.028012948207171314,0.0,0.5369770916334662,0.23960408366533864,easy (high rho)
sx-mathoverflow (SNAP),qna,24818,187986,390441,203068736.0,0.08438394348515314,0.2682402718976747,0.22201334141904186,0.08984363817495807,0.09125679571883012,0.08674582149734554,0.031162154584545146,0.4913493991401842,0.15226665815539456,938.2218443910554,43288.0,1.0,0.6036726139180577,0.3963273860819423,-0.0004141291337720158,6328059.342520188,0.0,1.0,0.07518645005479131,0.014607470769099826,0.0026172161756726564,0.07518645005479131,0.07518645005479131,1.0,0.08438394348515314,0.01923015543710702,0.005303586437287883,0.0011490217356611662,0.08438394348515314,0.08438394348515314,1.0,0.10165650633557818,0.02820954751949613,0.01045290606747311,0.004250316512931814,0.0017341716936367603,0.0006436649537731533,0.00014894726203015118,0.10165650633557818,0.01045290606747311,hard (low rho)
soc-sign-bitcoinotc (SNAP),trust,5881,21492,35592,164442412.02892017,0.024799925553694396,0.029950550685547313,0.20495998511073887,0.021734039065061595,0.029918109063837708,0.02866182765680253,0.006303424882372959,0.6219332306796042,0.027870835659780383,124648.05352870132,263.8507499694824,2.0,0.34394193188163036,0.6560580681183696,,1036550.3917005217,57.848474979400635,1.0,0.024753396612693095,0.0,0.0,0.024753396612693095,0.024753396612693095,1.0,0.024799925553694396,0.0,0.0,0.0,0.024799925553694396,0.024799925553694396,1.0,0.036711334450027916,0.0,0.0,0.0,0.0,0.0,0.0,0.036711334450027916,0.0,hard (low rho)
wiki-talk-temporal (SNAP),web,1140149,2787967,6100538,196754850.0,0.019534664506430672,0.11418255242406489,0.20407537104994428,0.055340411618770936,0.02725068123116235,0.04147610068555331,0.0056185883080329905,0.6206361242953367,0.6455926486934745,10707.74693877551,3675.0,1.0,0.6996485252515543,0.30035147474844576,-0.00015550741412824763,1105484.499758785,0.0,1.0,0.015366035537723366,0.000307751131917989,8.608423270433258e-06,0.015366035537723366,0.015366035537723366,1.0,0.019534664506430672,0.0007959204682121417,4.2683432049231574e-05,3.586843029347191e-06,0.019534664506430672,0.019534664506430672,1.0,0.032093636689386924,0.003242147414226926,0.00043436669085394485,6.492185883118416e-05,8.967107573367978e-06,7.173686058694382e-07,0.0,0.032093636689386924,0.00043436669085394485,hard (low rho)
ia-radoslaw-email (NetRepo),email,167,3250,82876,23430482.0,0.5510769230769231,0.9544138230609586,0.48178461538461537,0.6075613185439775,0.5756923076923077,0.5581538461538461,0.3861154710281314,0.5605705041460932,0.05815384615384615,571.4054871357152,8201.0,4.0,0.14861538461538462,0.8513846153846154,0.22445868684657178,9046871.593846153,5232032.5,1.0,0.5326153846153846,0.35446153846153844,0.24215384615384616,0.5326153846153846,0.5326153846153846,1.0,0.5510769230769231,0.3756923076923077,0.28523076923076923,0.19692307692307692,0.5510769230769231,0.5510769230769231,1.0,0.58,0.4123076923076923,0.32953846153846156,0.2726153846153846,0.22,0.16953846153846153,0.11661538461538462,0.58,0.32953846153846156,easy (high rho)
ia-enron-employees (NetRepo),email,151,1526,47088,98277034.0,0.41284403669724773,0.8503227998640843,0.32411533420707733,0.5221902017291066,0.38204456094364353,0.4888597640891219,0.12678108089465634,0.6605869014747113,0.1834862385321101,215993.48131868133,91.0,7.5,0.12778505897771952,0.8722149410222805,0.3333333333333333,12459668.59764089,3817065.5,1.0,0.40039318479685454,0.11467889908256881,0.015727391874180863,0.40039318479685454,0.40039318479685454,1.0,0.41284403669724773,0.14809960681520315,0.051769331585845346,0.007863695937090432,0.41284403669724773,0.41284403669724773,1.0,0.47313237221494103,0.2398427260812582,0.10943643512450851,0.05897771952817824,0.020969855832241154,0.009174311926605505,0.002621231979030144,0.47313237221494103,0.10943643512450851,medium
ia-digg-reply (NetRepo),forum,30398,85155,86203,1306495.0,0.0030649991192531266,0.007041518276626103,0.2006411837237978,0.0021104632075914145,0.0032176619106335505,0.003100228994187071,0.0011355650171089617,0.29171064829131843,0.2505313839469203,31.645755116870536,8257.0,1.0,0.989924255768892,0.01007574423110798,-0.11851991205681767,1483.610017027773,0.0,1.0,0.0029123363278727027,0.00011743291644647995,1.1743291644647994e-05,0.0029123363278727027,0.0029123363278727027,1.0,0.0030649991192531266,0.00011743291644647995,2.348658328929599e-05,0.0,0.0030649991192531266,0.0030649991192531266,1.0,0.0036286771181962304,0.00021137924960366392,4.697316657859198e-05,0.0,0.0,0.0,0.0,0.0036286771181962304,4.697316657859198e-05,hard (low rho)
Wikipedia (JODIE),web_bipartite,9227,18257,157474,2678373.0,0.2276387139179493,0.7739245843758334,0.2833324204414745,0.3033854797307115,0.23475927041682643,0.22835076956783698,0.11039637986764196,0.5895355675736937,0.1653612313085392,1750.570588235294,306.0,1.0,0.5170071753300104,0.4829928246699896,0.142018654697264,295682.6831352358,0.0,1.0,0.21487648573150026,0.08982855890891166,0.03976556937065235,0.21487648573150026,0.21487648573150026,1.0,0.2276387139179493,0.10642493290244838,0.05690967847948732,0.02568877690748754,0.2276387139179493,0.2276387139179493,1.0,0.25179383250260173,0.13288053897135346,0.08254368187544503,0.05247302404557156,0.033795256613901516,0.020047105219915647,0.009092402913950814,0.25179383250260173,0.08254368187544503,medium
Reddit (JODIE),web_bipartite,10984,78516,672447,2678390.016,0.4188445667125172,0.897081851803934,0.38538387080340314,0.5024366231848388,0.42890621019919506,0.41830964389423814,0.24593717580990404,0.4064460937979373,0.11924957970349992,39.993522769209534,13394.118999999948,2.0,0.4592057669774314,0.5407942330225687,-0.001511398452855813,658715.6762524836,6208.664500000072,1.0,0.4020709154821947,0.22391614448010597,0.1279357073717459,0.4020709154821947,0.4020709154821947,1.0,0.4188445667125172,0.24763105609047836,0.16144480105965664,0.09899893015436344,0.4188445667125172,0.4188445667125172,1.0,0.443845840338275,0.2835090936879107,0.20306689082480003,0.15240205817922461,0.1158362626725763,0.08402109124254929,0.05202761220642926,0.443845840338275,0.20306689082480003,medium
LastFM (JODIE),media_bipartite,1980,154993,1293103,137107267.0,0.42136096468872786,0.7620421575079479,0.3328421283541837,0.4778723762960465,0.45319466040401823,0.4377746091758983,0.16058929070031747,0.44619508947038444,0.20165426825727614,84.53431797338018,324382.5,3.0,0.3181304962159581,0.6818695037840419,0.06160545208631532,22017958.757389043,7266149.0,1.0,0.38260437568148237,0.12945100746485325,0.027962553147561502,0.38260437568148237,0.38260437568148237,1.0,0.42136096468872786,0.17106579006793854,0.059602691734465425,0.01218119527978683,0.42136096468872786,0.42136096468872786,1.0,0.49068022426819274,0.2498370894169414,0.129954255998658,0.0630867200454214,0.028291600265818458,0.009916576877665444,0.001838792719671211,0.49068022426819274,0.129954255998658,easy (high rho)
"MOOC (JODIE, optional)",education_bipartite,7144,178443,411749,2572086.0,0.14028569347074415,0.27041717162640344,0.23222877893781207,0.13401285871099264,0.15035053210268826,0.13764059111312857,0.04587486821219698,0.4580550916995742,0.21896067651855214,1218.9981042654028,422.0,2.0,0.46025341425553257,0.5397465857444674,-0.001524125483269436,117994.10628043688,9.0,1.0,0.12019524441978671,0.011124000381074068,0.000997517414524526,0.12019524441978671,0.12019524441978671,1.0,0.14028569347074415,0.017843232853067926,0.002549833840498086,0.00046513452475020035,0.14028569347074415,0.14028569347074415,1.0,0.16432698396686898,0.03137136228375448,0.006338158403523814,0.0017260413689525506,0.0005660070722863883,0.00015130882130428205,5.604030418677113e-05,0.16432698396686898,0.006338158403523814,hard (low rho)
