dataset,label,true_rho,strategy,budget,seed,coverage,n_obs_edges,rho_mle_uniform,rho_mle_transfer_beta,transfer_beta_used
CollegeMsg,CollegeMsg (SNAP),0.1030495736378089,time_agnostic_t,400,0,0.026521173579997108,367,1.081484222065221e-06,0.0013023533985203617,0.5
CollegeMsg,CollegeMsg (SNAP),0.1030495736378089,time_agnostic_t,1600,0,0.10261598496892614,1420,0.04856309785594015,0.05280211584988714,0.5
CollegeMsg,CollegeMsg (SNAP),0.1030495736378089,time_agnostic_t,3200,0,0.1915739268680445,2651,0.07422808247339252,0.07413259553018514,0.5
CollegeMsg,CollegeMsg (SNAP),0.1030495736378089,time_agnostic_t,400,1,0.02702702702702703,374,4.1512030933721356e-05,0.008086695210390626,0.5
CollegeMsg,CollegeMsg (SNAP),0.1030495736378089,time_agnostic_t,1600,1,0.10059257118080647,1392,0.044826670459530704,0.049803941362626114,0.5
CollegeMsg,CollegeMsg (SNAP),0.1030495736378089,time_agnostic_t,3200,1,0.1904176904176904,2635,0.05535718368685627,0.05588998517744892,0.5
CollegeMsg,CollegeMsg (SNAP),0.1030495736378089,time_agnostic_t,400,2,0.02601532013296719,360,9.027330460931182e-08,0.0003793282870744319,0.5
CollegeMsg,CollegeMsg (SNAP),0.1030495736378089,time_agnostic_t,1600,2,0.10008671773377656,1385,0.035394433610763554,0.03881518981022447,0.5
CollegeMsg,CollegeMsg (SNAP),0.1030495736378089,time_agnostic_t,3200,2,0.1915739268680445,2651,0.050316283139938855,0.052859091393615554,0.5
CollegeMsg,CollegeMsg (SNAP),0.1030495736378089,time_agnostic_t,400,3,0.025437201907790145,352,0.0378291447154695,0.04143831693382627,0.5
CollegeMsg,CollegeMsg (SNAP),0.1030495736378089,time_agnostic_t,1600,3,0.1020378667437491,1412,0.03789279145533797,0.04162628272031721,0.5
CollegeMsg,CollegeMsg (SNAP),0.1030495736378089,time_agnostic_t,3200,3,0.19359734065616419,2679,0.0562511662213081,0.056133722576528045,0.5
CollegeMsg,CollegeMsg (SNAP),0.1030495736378089,time_agnostic_t,400,4,0.026304379245555717,364,3.6273492987071165e-07,0.000755363445952284,0.5
CollegeMsg,CollegeMsg (SNAP),0.1030495736378089,time_agnostic_t,1600,4,0.10167654285301345,1407,0.0277353485321713,0.030187823019464433,0.5
CollegeMsg,CollegeMsg (SNAP),0.1030495736378089,time_agnostic_t,3200,4,0.19424772365948836,2688,0.041890044507504776,0.04317619237011372,0.5
CollegeMsg,CollegeMsg (SNAP),0.1030495736378089,time_respecting,400,0,0.014380690851279087,199,0.11485499003912614,0.3175096965983093,2.0
CollegeMsg,CollegeMsg (SNAP),0.1030495736378089,time_respecting,1600,0,0.047044370573782336,651,0.241758683845255,0.46349605740935973,2.0
CollegeMsg,CollegeMsg (SNAP),0.1030495736378089,time_respecting,3200,0,0.07826275473334297,1083,0.26223527760168996,0.47920553972996127,2.0
CollegeMsg,CollegeMsg (SNAP),0.1030495736378089,time_respecting,400,1,0.013513513513513514,187,0.20491956766056552,0.43072268749986775,2.0
CollegeMsg,CollegeMsg (SNAP),0.1030495736378089,time_respecting,1600,1,0.044731897673074145,619,0.2355921914680943,0.46255266099377845,2.0
CollegeMsg,CollegeMsg (SNAP),0.1030495736378089,time_respecting,3200,1,0.07790143084260731,1078,0.25897539993754737,0.4928002395377775,2.0
CollegeMsg,CollegeMsg (SNAP),0.1030495736378089,time_respecting,400,2,0.014452955629426218,200,0.2730092076528161,0.5721712889704202,2.0
CollegeMsg,CollegeMsg (SNAP),0.1030495736378089,time_respecting,1600,2,0.04552681023269259,630,0.27022903720378677,0.5127105093208957,2.0
CollegeMsg,CollegeMsg (SNAP),0.1030495736378089,time_respecting,3200,2,0.07587801705448764,1050,0.24795174824605892,0.4589690211694183,2.0
CollegeMsg,CollegeMsg (SNAP),0.1030495736378089,time_respecting,400,3,0.014163896516837693,196,0.15355197309851565,0.30798470080724316,2.0
CollegeMsg,CollegeMsg (SNAP),0.1030495736378089,time_respecting,1600,3,0.045671339788986846,632,0.23006855840283524,0.43247751262850564,2.0
CollegeMsg,CollegeMsg (SNAP),0.1030495736378089,time_respecting,3200,3,0.07674519439225322,1062,0.2362283104843863,0.43979869531055893,2.0
CollegeMsg,CollegeMsg (SNAP),0.1030495736378089,time_respecting,400,4,0.014380690851279087,199,0.20578926501547923,0.42446251841189375,2.0
CollegeMsg,CollegeMsg (SNAP),0.1030495736378089,time_respecting,1600,4,0.04458736811677988,617,0.21116033352176322,0.41783839281177004,2.0
CollegeMsg,CollegeMsg (SNAP),0.1030495736378089,time_respecting,3200,4,0.0773955773955774,1071,0.25147090441799425,0.4744211594565838,2.0
email-Eu-core-temporal,email-Eu-core-temporal (SNAP),0.5057270916334662,time_agnostic_t,400,0,0.023406374501992032,376,0.47004015296807256,0.5161237171852936,0.5
email-Eu-core-temporal,email-Eu-core-temporal (SNAP),0.5057270916334662,time_agnostic_t,1600,0,0.09051294820717132,1454,0.36045009583808785,0.3896714087432376,0.5
email-Eu-core-temporal,email-Eu-core-temporal (SNAP),0.5057270916334662,time_agnostic_t,3200,0,0.17330677290836655,2784,0.3859152629614403,0.3983488745754775,0.5
email-Eu-core-temporal,email-Eu-core-temporal (SNAP),0.5057270916334662,time_agnostic_t,400,1,0.024153386454183266,388,0.5601109308028026,0.6501229325802247,0.5
email-Eu-core-temporal,email-Eu-core-temporal (SNAP),0.5057270916334662,time_agnostic_t,1600,1,0.09213147410358566,1480,0.33211437832058033,0.3475249625845085,0.5
email-Eu-core-temporal,email-Eu-core-temporal (SNAP),0.5057270916334662,time_agnostic_t,3200,1,0.1772285856573705,2847,0.43403922344004453,0.4511286735854023,0.5
email-Eu-core-temporal,email-Eu-core-temporal (SNAP),0.5057270916334662,time_agnostic_t,400,2,0.023468625498007968,377,0.28890206861167456,0.32002595345523066,0.5
email-Eu-core-temporal,email-Eu-core-temporal (SNAP),0.5057270916334662,time_agnostic_t,1600,2,0.09125996015936255,1466,0.40052274261950305,0.42918792490692137,0.5
email-Eu-core-temporal,email-Eu-core-temporal (SNAP),0.5057270916334662,time_agnostic_t,3200,2,0.17380478087649404,2792,0.39342149830965023,0.4090760791663256,0.5
email-Eu-core-temporal,email-Eu-core-temporal (SNAP),0.5057270916334662,time_agnostic_t,400,3,0.02377988047808765,382,0.3691247372405566,0.42299330798419077,0.5
email-Eu-core-temporal,email-Eu-core-temporal (SNAP),0.5057270916334662,time_agnostic_t,1600,3,0.09275398406374502,1490,0.31962843232914584,0.3490212060617014,0.5
email-Eu-core-temporal,email-Eu-core-temporal (SNAP),0.5057270916334662,time_agnostic_t,3200,3,0.17778884462151395,2856,0.37536599711323626,0.39140300521036364,0.5
email-Eu-core-temporal,email-Eu-core-temporal (SNAP),0.5057270916334662,time_agnostic_t,400,4,0.023717629482071713,381,0.4910679245002326,0.524562386304422,0.5
email-Eu-core-temporal,email-Eu-core-temporal (SNAP),0.5057270916334662,time_agnostic_t,1600,4,0.09182021912350598,1475,0.34403162529076725,0.3492135992715767,0.5
email-Eu-core-temporal,email-Eu-core-temporal (SNAP),0.5057270916334662,time_agnostic_t,3200,4,0.17542330677290838,2818,0.39566699842168884,0.40593069640100843,0.5
email-Eu-core-temporal,email-Eu-core-temporal (SNAP),0.5057270916334662,time_respecting,400,0,0.016807768924302788,270,0.4032065522536269,0.8269316986598683,2.0
email-Eu-core-temporal,email-Eu-core-temporal (SNAP),0.5057270916334662,time_respecting,1600,0,0.05079681274900399,816,0.47693497321219436,0.9364849239380612,2.0
email-Eu-core-temporal,email-Eu-core-temporal (SNAP),0.5057270916334662,time_respecting,3200,0,0.08298057768924302,1333,0.5524483859763825,0.9688787288040173,2.0
email-Eu-core-temporal,email-Eu-core-temporal (SNAP),0.5057270916334662,time_respecting,400,1,0.015687250996015936,252,0.3721857492892676,0.7408833687884987,2.0
email-Eu-core-temporal,email-Eu-core-temporal (SNAP),0.5057270916334662,time_respecting,1600,1,0.048431274900398405,778,0.4243004343577317,0.82976462740499,2.0
email-Eu-core-temporal,email-Eu-core-temporal (SNAP),0.5057270916334662,time_respecting,3200,1,0.081050796812749,1302,0.5516965315628322,0.9422868366911153,2.0
email-Eu-core-temporal,email-Eu-core-temporal (SNAP),0.5057270916334662,time_respecting,400,2,0.01512699203187251,243,0.2823802745904992,0.677186579770799,2.0
email-Eu-core-temporal,email-Eu-core-temporal (SNAP),0.5057270916334662,time_respecting,1600,2,0.05017430278884462,806,0.4270301532928412,0.8633803455764126,2.0
email-Eu-core-temporal,email-Eu-core-temporal (SNAP),0.5057270916334662,time_respecting,3200,2,0.08186005976095617,1315,0.4991938993059316,0.9057296084897096,2.0
email-Eu-core-temporal,email-Eu-core-temporal (SNAP),0.5057270916334662,time_respecting,400,3,0.015375996015936255,247,0.39820360507197783,0.7842284093414342,2.0
email-Eu-core-temporal,email-Eu-core-temporal (SNAP),0.5057270916334662,time_respecting,1600,3,0.04930278884462151,792,0.5190007784652813,0.9802795523325146,2.0
email-Eu-core-temporal,email-Eu-core-temporal (SNAP),0.5057270916334662,time_respecting,3200,3,0.08366533864541832,1344,0.5647747322401053,0.9860269164574064,2.0
email-Eu-core-temporal,email-Eu-core-temporal (SNAP),0.5057270916334662,time_respecting,400,4,0.016496513944223107,265,0.3330335395892291,0.6904816865222457,2.0
email-Eu-core-temporal,email-Eu-core-temporal (SNAP),0.5057270916334662,time_respecting,1600,4,0.050236553784860555,807,0.5182964384896985,0.9590299078390042,2.0
email-Eu-core-temporal,email-Eu-core-temporal (SNAP),0.5057270916334662,time_respecting,3200,4,0.0801792828685259,1288,0.5479925319183243,0.9754597046630015,2.0
HighSchool2013,High school 2013 (SocioPatterns),0.4855620488140254,time_agnostic_t,400,0,0.06411137848057752,373,0.18887176274288942,0.20790961976533395,0.5
HighSchool2013,High school 2013 (SocioPatterns),0.4855620488140254,time_agnostic_t,1600,0,0.23564798899965625,1371,0.39591808003853657,0.41144456357378223,0.5
HighSchool2013,High school 2013 (SocioPatterns),0.4855620488140254,time_agnostic_t,3200,0,0.4135441732554142,2406,0.37012141174212354,0.37968400467790564,0.5
HighSchool2013,High school 2013 (SocioPatterns),0.4855620488140254,time_agnostic_t,400,1,0.06376761773805431,371,0.49692563818799673,0.5142850274111801,0.5
HighSchool2013,High school 2013 (SocioPatterns),0.4855620488140254,time_agnostic_t,1600,1,0.2330697834307322,1356,0.4549349289955533,0.4405420714990015,0.5
HighSchool2013,High school 2013 (SocioPatterns),0.4855620488140254,time_agnostic_t,3200,1,0.4035751117222413,2348,0.3935628426566843,0.40462120019657455,0.5
HighSchool2013,High school 2013 (SocioPatterns),0.4855620488140254,time_agnostic_t,400,2,0.06548642145067034,381,0.3495836192967058,0.39754702909620454,0.5
HighSchool2013,High school 2013 (SocioPatterns),0.4855620488140254,time_agnostic_t,1600,2,0.2334135441732554,1358,0.3923210811620914,0.4153186448706826,0.5
HighSchool2013,High school 2013 (SocioPatterns),0.4855620488140254,time_agnostic_t,3200,2,0.41543485733929186,2417,0.3679837462816893,0.3819284542851229,0.5
HighSchool2013,High school 2013 (SocioPatterns),0.4855620488140254,time_agnostic_t,400,3,0.06531454107940873,380,0.38402058052031374,0.4068526629506509,0.5
HighSchool2013,High school 2013 (SocioPatterns),0.4855620488140254,time_agnostic_t,1600,3,0.23461670677208663,1365,0.4734079698957234,0.48369688645133835,0.5
HighSchool2013,High school 2013 (SocioPatterns),0.4855620488140254,time_agnostic_t,3200,3,0.41663801993812305,2424,0.4490286935194645,0.45958698775246853,0.5
HighSchool2013,High school 2013 (SocioPatterns),0.4855620488140254,time_agnostic_t,400,4,0.06376761773805431,371,0.3889364652340196,0.3997200291736056,0.5
HighSchool2013,High school 2013 (SocioPatterns),0.4855620488140254,time_agnostic_t,1600,4,0.2313509797181162,1346,0.426178408013551,0.417795021061665,0.5
HighSchool2013,High school 2013 (SocioPatterns),0.4855620488140254,time_agnostic_t,3200,4,0.4126847713991062,2401,0.4053189596801996,0.4110671790217677,0.5
HighSchool2013,High school 2013 (SocioPatterns),0.4855620488140254,time_respecting,400,0,0.029907184599518737,174,0.06647621599332265,0.13208847517926314,2.0
HighSchool2013,High school 2013 (SocioPatterns),0.4855620488140254,time_respecting,1600,0,0.08800275008594019,512,0.23777345089197388,0.40633290078630036,2.0
HighSchool2013,High school 2013 (SocioPatterns),0.4855620488140254,time_respecting,3200,0,0.1330354073564799,774,0.29469035417398837,0.48458572442862213,2.0
HighSchool2013,High school 2013 (SocioPatterns),0.4855620488140254,time_respecting,400,1,0.03231350979718116,188,0.21684912423176306,0.4379972914353407,2.0
HighSchool2013,High school 2013 (SocioPatterns),0.4855620488140254,time_respecting,1600,1,0.08198693709178412,477,0.2050537943182965,0.35137343103140817,2.0
HighSchool2013,High school 2013 (SocioPatterns),0.4855620488140254,time_respecting,3200,1,0.12426950842213819,723,0.2530197498619361,0.41746316981651155,2.0
HighSchool2013,High school 2013 (SocioPatterns),0.4855620488140254,time_respecting,400,2,0.03265727053970437,190,0.19224226398818267,0.3821153758123397,2.0
HighSchool2013,High school 2013 (SocioPatterns),0.4855620488140254,time_respecting,1600,2,0.08233069783430733,479,0.251019495226975,0.42090232921594883,2.0
HighSchool2013,High school 2013 (SocioPatterns),0.4855620488140254,time_respecting,3200,2,0.12770711584737024,743,0.27748827965013867,0.4476076330880202,2.0
HighSchool2013,High school 2013 (SocioPatterns),0.4855620488140254,time_respecting,400,3,0.03214162942591956,187,0.11031207674294274,0.23988699177310113,2.0
HighSchool2013,High school 2013 (SocioPatterns),0.4855620488140254,time_respecting,1600,3,0.08594018563080097,500,0.28621032079779707,0.48353258334310356,2.0
HighSchool2013,High school 2013 (SocioPatterns),0.4855620488140254,time_respecting,3200,3,0.13097284290134067,762,0.30310303727317944,0.4979872813800539,2.0
HighSchool2013,High school 2013 (SocioPatterns),0.4855620488140254,time_respecting,400,4,0.028188380886902717,164,0.08043433438890812,0.18176052888962047,2.0
HighSchool2013,High school 2013 (SocioPatterns),0.4855620488140254,time_respecting,1600,4,0.08508078377449295,495,0.2389417258796711,0.4086606186254257,2.0
HighSchool2013,High school 2013 (SocioPatterns),0.4855620488140254,time_respecting,3200,4,0.12770711584737024,743,0.29295644414379074,0.48084119960662075,2.0
hospital,Hospital ward (SocioPatterns),0.4451273046532045,time_agnostic_t,400,0,0.2870939420544337,327,0.32276426768432176,0.37298461490866375,0.5
hospital,Hospital ward (SocioPatterns),0.4451273046532045,time_agnostic_t,1600,0,0.7383669885864794,841,0.3512351724003556,0.3675423828178005,0.5
hospital,Hospital ward (SocioPatterns),0.4451273046532045,time_agnostic_t,3200,0,0.9306409130816505,1060,0.3553191631705045,0.3709160317873569,0.5
hospital,Hospital ward (SocioPatterns),0.4451273046532045,time_agnostic_t,400,1,0.2906057945566286,331,0.2761174512021217,0.2704839425720471,0.5
hospital,Hospital ward (SocioPatterns),0.4451273046532045,time_agnostic_t,1600,1,0.7445127304653204,848,0.383936012658303,0.40471829657597735,0.5
hospital,Hospital ward (SocioPatterns),0.4451273046532045,time_agnostic_t,3200,1,0.9297629499561019,1059,0.3683968727861583,0.38409504034008657,0.5
hospital,Hospital ward (SocioPatterns),0.4451273046532045,time_agnostic_t,400,2,0.2932396839332748,334,0.23670881043571557,0.23727489671719348,0.5
hospital,Hospital ward (SocioPatterns),0.4451273046532045,time_agnostic_t,1600,2,0.7471466198419666,851,0.31650583533167,0.33070329826969125,0.5
hospital,Hospital ward (SocioPatterns),0.4451273046532045,time_agnostic_t,3200,2,0.9341527655838455,1064,0.35729002872880955,0.37216666566317125,0.5
hospital,Hospital ward (SocioPatterns),0.4451273046532045,time_agnostic_t,400,3,0.28797190517998245,328,0.4366504451828501,0.4419235276550173,0.5
hospital,Hospital ward (SocioPatterns),0.4451273046532045,time_agnostic_t,1600,3,0.723441615452151,824,0.33757786441345494,0.35388832744313314,0.5
hospital,Hospital ward (SocioPatterns),0.4451273046532045,time_agnostic_t,3200,3,0.922739244951712,1051,0.36161674077454575,0.3765769226514806,0.5
hospital,Hospital ward (SocioPatterns),0.4451273046532045,time_agnostic_t,400,4,0.2932396839332748,334,0.3749614089704586,0.3776474272896304,0.5
hospital,Hospital ward (SocioPatterns),0.4451273046532045,time_agnostic_t,1600,4,0.7401229148375769,843,0.3600257078999408,0.3792446006456258,0.5
hospital,Hospital ward (SocioPatterns),0.4451273046532045,time_agnostic_t,3200,4,0.9376646180860404,1068,0.3473465445524808,0.36272201841061524,0.5
hospital,Hospital ward (SocioPatterns),0.4451273046532045,time_respecting,400,0,0.12115891132572432,138,0.26730999820544954,0.4884246034667252,2.0
hospital,Hospital ward (SocioPatterns),0.4451273046532045,time_respecting,1600,0,0.25636523266022826,292,0.2519802224665103,0.41863884269636165,2.0
hospital,Hospital ward (SocioPatterns),0.4451273046532045,time_respecting,3200,0,0.3546971027216857,404,0.29785403128110644,0.4773702465320796,2.0
hospital,Hospital ward (SocioPatterns),0.4451273046532045,time_respecting,400,1,0.1273046532045654,145,0.07496442506415801,0.13633269079315957,2.0
hospital,Hospital ward (SocioPatterns),0.4451273046532045,time_respecting,1600,1,0.2677787532923617,305,0.27423148410033027,0.453659083420184,2.0
hospital,Hospital ward (SocioPatterns),0.4451273046532045,time_respecting,3200,1,0.3748902546093064,427,0.32274059801726573,0.49674889131239164,2.0
hospital,Hospital ward (SocioPatterns),0.4451273046532045,time_respecting,400,2,0.1264266900790167,144,0.20109119896561067,0.3543156006622564,2.0
hospital,Hospital ward (SocioPatterns),0.4451273046532045,time_respecting,1600,2,0.26953467954345917,307,0.25710589145765317,0.44300364444817886,2.0
hospital,Hospital ward (SocioPatterns),0.4451273046532045,time_respecting,3200,2,0.373134328358209,425,0.2876687678103177,0.47562222491791706,2.0
hospital,Hospital ward (SocioPatterns),0.4451273046532045,time_respecting,400,3,0.1299385425812116,148,0.18036926240764428,0.3120379975067714,2.0
hospital,Hospital ward (SocioPatterns),0.4451273046532045,time_respecting,1600,3,0.29411764705882354,335,0.27899598115658775,0.48170108286597946,2.0
hospital,Hospital ward (SocioPatterns),0.4451273046532045,time_respecting,3200,3,0.40122914837576823,457,0.2852827422185189,0.46805275576734395,2.0
hospital,Hospital ward (SocioPatterns),0.4451273046532045,time_respecting,400,4,0.12818261633011413,146,0.09139186437870761,0.15288265275160284,2.0
hospital,Hospital ward (SocioPatterns),0.4451273046532045,time_respecting,1600,4,0.2607550482879719,297,0.18953491537587686,0.3279159193942498,2.0
hospital,Hospital ward (SocioPatterns),0.4451273046532045,time_respecting,3200,4,0.36611062335381916,417,0.27148599932205775,0.4391532461602907,2.0
ht2009,Hypertext 2009 conference (SocioPatterns),0.2750455373406193,time_agnostic_t,400,0,0.1616575591985428,355,0.1845415931730231,0.20135082581817265,0.5
ht2009,Hypertext 2009 conference (SocioPatterns),0.2750455373406193,time_agnostic_t,1600,0,0.5068306010928961,1113,0.23535944920093266,0.24475585539402445,0.5
ht2009,Hypertext 2009 conference (SocioPatterns),0.2750455373406193,time_agnostic_t,3200,0,0.7591074681238615,1667,0.23100848217260095,0.24369732122827914,0.5
ht2009,Hypertext 2009 conference (SocioPatterns),0.2750455373406193,time_agnostic_t,400,1,0.1680327868852459,369,0.11558144987912056,0.12864869178423288,0.5
ht2009,Hypertext 2009 conference (SocioPatterns),0.2750455373406193,time_agnostic_t,1600,1,0.5150273224043715,1131,0.14683938791317197,0.15464081880230185,0.5
ht2009,Hypertext 2009 conference (SocioPatterns),0.2750455373406193,time_agnostic_t,3200,1,0.7581967213114754,1665,0.22526860866158294,0.23740886689749297,0.5
ht2009,Hypertext 2009 conference (SocioPatterns),0.2750455373406193,time_agnostic_t,400,2,0.16438979963570127,361,0.2532584460928977,0.27945027541195355,0.5
ht2009,Hypertext 2009 conference (SocioPatterns),0.2750455373406193,time_agnostic_t,1600,2,0.49681238615664847,1091,0.19419169874111042,0.20547070790959188,0.5
ht2009,Hypertext 2009 conference (SocioPatterns),0.2750455373406193,time_agnostic_t,3200,2,0.7504553734061931,1648,0.21030747658748494,0.22190599734055805,0.5
ht2009,Hypertext 2009 conference (SocioPatterns),0.2750455373406193,time_agnostic_t,400,3,0.16029143897996356,352,0.1834699283910881,0.18254771125004976,0.5
ht2009,Hypertext 2009 conference (SocioPatterns),0.2750455373406193,time_agnostic_t,1600,3,0.5109289617486339,1122,0.19444026278378734,0.20528708461402057,0.5
ht2009,Hypertext 2009 conference (SocioPatterns),0.2750455373406193,time_agnostic_t,3200,3,0.7645719489981785,1679,0.21366053610608848,0.22464057508484347,0.5
ht2009,Hypertext 2009 conference (SocioPatterns),0.2750455373406193,time_agnostic_t,400,4,0.16256830601092895,357,0.1187065367065091,0.12793175695910652,0.5
ht2009,Hypertext 2009 conference (SocioPatterns),0.2750455373406193,time_agnostic_t,1600,4,0.51775956284153,1137,0.23038094900792327,0.2319539319563083,0.5
ht2009,Hypertext 2009 conference (SocioPatterns),0.2750455373406193,time_agnostic_t,3200,4,0.7586520947176685,1666,0.20745965045987025,0.21866626905007802,0.5
ht2009,Hypertext 2009 conference (SocioPatterns),0.2750455373406193,time_respecting,400,0,0.07285974499089254,160,0.15986317539657502,0.32609505373592207,2.0
ht2009,Hypertext 2009 conference (SocioPatterns),0.2750455373406193,time_respecting,1600,0,0.1762295081967213,387,0.14081145304729836,0.24688194778214512,2.0
ht2009,Hypertext 2009 conference (SocioPatterns),0.2750455373406193,time_respecting,3200,0,0.24499089253187614,538,0.19306228207374787,0.3108688253595643,2.0
ht2009,Hypertext 2009 conference (SocioPatterns),0.2750455373406193,time_respecting,400,1,0.07832422586520947,172,0.03538019661851688,0.08732780504430815,2.0
ht2009,Hypertext 2009 conference (SocioPatterns),0.2750455373406193,time_respecting,1600,1,0.18214936247723132,400,0.16139002922253598,0.27410690523655046,2.0
ht2009,Hypertext 2009 conference (SocioPatterns),0.2750455373406193,time_respecting,3200,1,0.2522768670309654,554,0.1912353390874938,0.3018464236821653,2.0
ht2009,Hypertext 2009 conference (SocioPatterns),0.2750455373406193,time_respecting,400,2,0.07012750455373407,154,0.10491207726731322,0.20208766114412968,2.0
ht2009,Hypertext 2009 conference (SocioPatterns),0.2750455373406193,time_respecting,1600,2,0.1703096539162113,374,0.21233424736993411,0.36099011053054864,2.0
ht2009,Hypertext 2009 conference (SocioPatterns),0.2750455373406193,time_respecting,3200,2,0.24908925318761385,547,0.20706390733772617,0.34007036581929373,2.0
ht2009,Hypertext 2009 conference (SocioPatterns),0.2750455373406193,time_respecting,400,3,0.075591985428051,166,0.02251643756683097,0.045935204761781256,2.0
ht2009,Hypertext 2009 conference (SocioPatterns),0.2750455373406193,time_respecting,1600,3,0.18214936247723132,400,0.1417557593630565,0.2408664484914772,2.0
ht2009,Hypertext 2009 conference (SocioPatterns),0.2750455373406193,time_respecting,3200,3,0.25318761384335153,556,0.180203296627509,0.2984464244595808,2.0
ht2009,Hypertext 2009 conference (SocioPatterns),0.2750455373406193,time_respecting,400,4,0.06967213114754098,153,0.06736655639546185,0.13089426504514468,2.0
ht2009,Hypertext 2009 conference (SocioPatterns),0.2750455373406193,time_respecting,1600,4,0.17076502732240437,375,0.1389391607463587,0.23505640304313835,2.0
ht2009,Hypertext 2009 conference (SocioPatterns),0.2750455373406193,time_respecting,3200,4,0.23998178506375228,527,0.16232961894267461,0.26527699077577205,2.0
